meeting_id,going_allowance_spm
2015-01-02_PAU_All Weather,0.0013483120116978416
2015-01-03_DEA_All Weather,0.0007741739852740609
2015-01-05_PAU_All Weather,0.0015516298451264392
2015-01-06_PLB_All Weather,0.0017122936341279647
2015-01-07_PAU_All Weather,0.0018865951809612616
2015-01-07_PON_All Weather,0.000573318671100631
2015-01-08_PON_All Weather,0.00014503080810861934
2015-01-09_PAU_All Weather,0.0013514478452828517
2015-01-10_DEA_All Weather,0.0010785104048526065
2015-01-12_DEA_All Weather,0.0014303616642907951
2015-01-13_CAG_All Weather,0.001655684791650843
2015-01-13_PAU_All Weather,0.0014552245177871554
2015-01-14_CAG_All Weather,0.0024293890415536526
2015-01-15_PLB_All Weather,0.000694491175811951
2015-01-16_CAG_All Weather,0.001991417078428551
2015-01-16_CAG_Turf,0.002079571662280496
2015-01-17_CAG_All Weather,0.00146900575064699
2015-01-19_CAG_All Weather,0.0019496783853700877
2015-01-19_CAG_Turf,0.004551777547201915
2015-01-20_CAG_All Weather,0.00035505708980979386
2015-01-21_PAU_All Weather,0.0020557957927267723
2015-01-22_CAG_All Weather,0.0019050677923296401
2015-01-22_CAG_Turf,0.003354719623023272
2015-01-23_CHA_All Weather,0.0008167191657482455
2015-01-23_PAU_All Weather,0.001549432524662109
2015-01-26_CAG_All Weather,0.000790470607893656
2015-01-27_PAU_All Weather,0.0015702636297786506
2015-01-28_CAG_All Weather,0.001219665308444835
2015-01-28_CAG_Turf,0.002772097011240784
2015-01-29_CAG_All Weather,0.0013254190947940938
2015-01-30_CHA_All Weather,0.001148770232205262
2015-01-31_CAG_All Weather,0.0004889208477039501
2015-01-31_PAU_All Weather,0.0009092369234996321
2015-02-01_PAU_All Weather,0.0019143575467558227
2015-02-02_PON_All Weather,0.0006833810175150532
2015-02-04_CAG_Turf,0.004471842962685201
2015-02-05_BOU_Turf,0.006220764644539623
2015-02-05_CHA_All Weather,0.0008469793071543896
2015-02-06_PON_All Weather,0.0006667268997307494
2015-02-07_CAG_All Weather,0.0025606729529428713
2015-02-07_CAG_Turf,0.004349453335140405
2015-02-08_CAG_All Weather,0.0010543696861775773
2015-02-10_MAR_Turf,0.004149927857992677
2015-02-10_PLB_All Weather,0.0005414795620244906
2015-02-11_CAG_All Weather,0.0014451660232811798
2015-02-11_CAG_Turf,0.0031151798632866926
2015-02-12_PON_All Weather,0.0005892108701407576
2015-02-13_CHA_All Weather,0.0007782429376580507
2015-02-14_CAG_All Weather,0.0012285979007595614
2015-02-14_CAG_Turf,0.006804899875777535
2015-02-14_PAU_All Weather,0.0031435465090033097
2015-02-15_VIL_All Weather,0.0006166489771615404
2015-02-16_CAG_All Weather,0.0013270115807566564
2015-02-17_CEP_Turf,0.005167798279988898
2015-02-17_VIL_All Weather,0.0004970242001089999
2015-02-18_CAG_All Weather,0.0007570250044932374
2015-02-19_CHA_All Weather,0.0008260570670318946
2015-02-20_CHA_All Weather,0.0012645558962230024
2015-02-21_CAG_All Weather,0.0014284774062333072
2015-02-23_BOR_Turf,0.004997644214038608
2015-02-23_MAR_Turf,0.007052543641954351
2015-02-25_CEP_Turf,0.006804560282058603
2015-02-25_VIL_All Weather,0.0008765637431732719
2015-02-26_CHA_All Weather,0.0006663021507062744
2015-02-28_CHA_All Weather,0.0007259892915891949
2015-03-03_CHA_All Weather,0.0005527072302875648
2015-03-03_PET_Turf,0.010150404765903637
2015-03-04_FON_Turf_early,0.002521425161618579
2015-03-04_FON_Turf_late,0.003942793912206271
2015-03-04_PON_All Weather,0.001094477855616905
2015-03-04_PON_Turf,0.001032932159243805
2015-03-05_DEA_All Weather,0.001480556211389616
2015-03-05_VIL_All Weather,0.0008217763161355772
2015-03-06_DEA_All Weather,0.0011378171000564002
2015-03-07_SAI_Turf,0.00434122904363153
2015-03-08_MAR_Turf,0.004924547664655391
2015-03-09_CEP_Turf,0.0037077036274765682
2015-03-09_COM_Turf,0.006185821713612034
2015-03-10_SAI_Turf,0.003825179521460509
2015-03-11_AMI_Turf,0.006826359174436998
2015-03-12_CHA_All Weather,0.0006654805010244724
2015-03-12_PON_All Weather,0.0003910002018561247
2015-03-13_CHA_All Weather,0.0009894175215808536
2015-03-14_CEP_Turf,0.003384777826108446
2015-03-15_BRI_Turf,0.006634127349544593
2015-03-15_MAR_Turf,0.005275555934643968
2015-03-15_SAI_Turf,0.0021131262268300724
2015-03-16_COM_Turf,0.006093518371354507
2015-03-16_PON_All Weather,0.0005930173969472825
2015-03-17_CHA_All Weather,0.0007845722013785518
2015-03-18_CRO_Turf,0.0024224730920168205
2015-03-19_SAI_Turf,0.0015796970586226394
2015-03-19_VIL_All Weather,3.483682684244729e-05
2015-03-20_LAT_Turf,0.0022669152529155687
2015-03-20_LYO_Turf,0.003313030579798129
2015-03-21_STR_Turf,0.004537993371093321
2015-03-23_FON_Turf,0.0027539366818500203
2015-03-24_PET_Turf_early,0.005623973513339908
2015-03-24_PET_Turf_late,0.004466501912631446
2015-03-24_PON_All Weather,0.0006661418023498018
2015-03-24_SAI_Turf,0.0008344835013009008
2015-03-25_AMI_Turf_early,0.0036660789471419032
2015-03-25_AMI_Turf_late,0.0044309620576905165
2015-03-26_COM_Turf,0.008503628186067954
2015-03-27_BOU_Turf,0.0036618193584445407
2015-03-27_FON_Turf,0.003310084890168451
2015-03-28_SAI_Turf_early,0.0027915049769166424
2015-03-28_SAI_Turf_late,0.0020452161914710325
2015-03-29_MAL_Turf,0.0031480070942609003
2015-03-29_MAR_Turf,0.00403285559301668
2015-03-30_AGE_Turf,0.0013344495640056676
2015-03-30_CHA_All Weather,0.001783975720499952
2015-03-30_HYE_Turf,0.0015267162541375734
2015-03-30_MOU_Turf,0.004479966945361604
2015-03-31_ARG_Turf,0.0015367161073445658
2015-03-31_BOR_Turf,0.0012505295943041877
2015-04-01_SAI_Turf,0.00313482412847689
2015-04-02_MAI_Turf,0.0028118468701420095
2015-04-03_CEP_Turf,0.0007786865717168373
2015-04-04_BRA_Turf,0.008894485547554133
2015-04-04_COM_Turf_early,0.006930114448857905
2015-04-04_COM_Turf_late,0.008415382377411212
2015-04-04_PON_Turf,0.0003970214934436483
2015-04-05_BOU_Turf,0.0021666811234991646
2015-04-05_SAI_Turf,0.004696606678479308
2015-04-06_LLA_Turf,0.003037543072401122
2015-04-06_LON_Turf,0.0033231321294173322
2015-04-06_STR_Turf,0.006917159050329505
2015-04-07_PET_Turf_early,0.004893813811839306
2015-04-07_PET_Turf_late,0.004097787033905037
2015-04-07_TAR_Turf,0.0007917023394249416
2015-04-08_CHA_All Weather,0.0018752262703272081
2015-04-09_CHO_Turf,0.005072995324556794
2015-04-09_LON_Turf,0.0034457666875421463
2015-04-10_LAT_Turf,0.0007304025324832383
2015-04-10_LYO_Turf,0.0017752612799396845
2015-04-11_BOU_Turf,0.002128553845327541
2015-04-11_PON_Turf,0.0003993628584428403
2015-04-12_LIS_Turf,7.599892344153721e-05
2015-04-12_LON_Turf,0.0011966088311838642
2015-04-12_TAR_Turf,0.0010973765023758626
2015-04-13_AGE_Turf,0.0010572017969742884
2015-04-13_MAI_Turf,0.0021711170886511504
2015-04-14_MOU_Turf,0.0011231640694119814
2015-04-14_SAI_Turf,0.0013348333566387991
2015-04-15_CHA_All Weather,0.0010261858980596468
2015-04-16_LON_Turf,0.0017970412078508729
2015-04-16_PET_Turf,0.005656403305896257
2015-04-17_BOR_Turf,0.00044345273271781296
2015-04-17_CEP_Turf,0.0030696401534053065
2015-04-17_MAI_Turf,0.002333620719441584
2015-04-18_CHB_Turf,0.0013755533779593286
2015-04-18_PON_All Weather,0.0010917501939581927
2015-04-19_LIS_Turf,-0.001989553606115535
2015-04-19_LYO_Turf,0.0052929037265331946
2015-04-20_LLA_Turf,0.002006432893742886
2015-04-20_LON_Turf,0.00039313556181109544
2015-04-21_BRA_Turf,0.0026742064861058554
2015-04-21_MAI_Turf,0.001406538071199701
2015-04-23_LON_Turf_early,0.0012367820991089208
2015-04-23_LON_Turf_late,0.0009840195532939354
2015-04-23_LYO_Turf,0.0013388489852407305
2015-04-24_FON_Turf,0.0034757742062075502
2015-04-24_LAT_Turf,0.0012742793662787089
2015-04-25_CAV_Turf,0.002730458964141438
2015-04-25_CEP_Turf,0.0005273063834780795
2015-04-25_MAI_Turf,0.0017874938178355664
2015-04-26_ANG_Turf,0.00498404368678154
2015-04-26_DAX_Turf,0.0027254381663879405
2015-04-26_LIG_Turf,0.0023576994850545156
2015-04-27_CHA_Turf,0.00187773757555372
2015-04-29_BOU_Turf,0.003585012107944274
2015-04-29_LON_Turf,0.0013744237791877174
2015-05-01_LLA_Turf,0.005381633467395727
2015-05-01_SAI_Turf,0.0011336458248029369
2015-05-02_CHA_All Weather,0.0009252413550541788
2015-05-02_CHA_Turf,0.002458168391153182
2015-05-02_VIL_All Weather,0.00031053725336864
2015-05-03_DAX_Turf,0.0024984274970172716
2015-05-03_LON_Turf,0.0040349191328572735
2015-05-03_SEN_Turf,0.007387876565237034
2015-05-04_BOR_Turf,0.0010483257907731222
2015-05-04_CHA_Turf,0.002901485944573018
2015-05-05_SAI_Turf,0.002506119152403266
2015-05-05_VIC_Turf,0.00628004522562102
2015-05-06_LON_Turf,0.003925555835817678
2015-05-07_BOU_Turf,0.0027957477155162035
2015-05-07_LYO_Turf,0.000871814153873956
2015-05-08_CHA_All Weather,0.0019999511765308436
2015-05-08_CHA_Turf,0.002671362727954514
2015-05-08_LLA_Turf,0.004650486145778822
2015-05-09_FON_Turf,0.0026812747258020365
2015-05-09_STR_Turf,0.0018352620460641005
2015-05-10_AGE_Turf_early,-0.0010840189592394305
2015-05-10_AGE_Turf_late,-5.786389776331639e-05
2015-05-10_LIS_Turf,-0.0009354086299327713
2015-05-10_LON_Turf,0.00038188101981952133
2015-05-10_LYO_Turf,0.002148161268491996
2015-05-11_BOU_Turf_early,0.0036935497097800875
2015-05-11_BOU_Turf_late,0.0005193804069402155
2015-05-11_MAI_Turf,0.0004793593762345307
2015-05-12_BOR_Turf,0.00112032847962735
2015-05-12_S-M_Turf,0.002229215087998092
2015-05-13_SAI_Turf,0.0009532157193167662
2015-05-14_BRI_Turf,0.0006111663363859157
2015-05-14_LLA_Turf,0.0019341064340141266
2015-05-14_LYO_Turf,0.001144550109770088
2015-05-14_TAR_Turf,0.000540902840996097
2015-05-15_CHA_All Weather,0.0014667545073105122
2015-05-15_CHA_Turf,0.0032331664100325075
2015-05-15_LYO_Turf,0.005076042297016847
2015-05-18_PON_All Weather,0.0004306691280563849
2015-05-18_PON_Turf,0.0005467770672712636
2015-05-18_SAI_Turf,0.0007594805427041722
2015-05-19_ANG_Turf,0.0015916997592248586
2015-05-19_LON_Turf,0.002839400250460673
2015-05-20_MAI_Turf,0.002114637383911488
2015-05-21_BRA_Turf,0.0002524584503423099
2015-05-21_CHA_All Weather_early,0.0004021792363492632
2015-05-21_CHA_All Weather_late,0.0007153371310861047
2015-05-21_CHA_Turf,0.0016322688856372084
2015-05-21_DAX_Turf_early,0.0008825401002478261
2015-05-21_DAX_Turf_late,0.0014185386658248933
2015-05-23_BOU_Turf,0.000144336668606675
2015-05-23_CHB_Turf,0.001993826038855872
2015-05-24_DAX_Turf,0.002921403629555376
2015-05-24_LON_Turf,-9.664497138264349e-05
2015-05-24_S-M_Turf,0.0019290642232171829
2015-05-25_BOR_Turf,0.0006926403517648582
2015-05-25_CEP_Turf,0.0014750216503757875
2015-05-25_COM_Turf,0.0006221428605342684
2015-05-26_STR_Turf,-0.0002692310036693017
2015-05-27_CRO_Turf,0.0006556010881013186
2015-05-27_LON_Turf_early,0.0017451783841067982
2015-05-27_LON_Turf_late,0.0003744271721071472
2015-05-28_LYO_Turf,0.0012409765883445425
2015-05-29_PET_Turf,0.0030387712914894506
2015-05-29_SAI_Turf,0.001178083801450977
2015-05-30_LON_Turf,0.0011128970149151887
2015-05-31_CHA_Turf,0.0005071234375860313
2015-05-31_DUR_Turf,0.0018675042327250607
2015-05-31_S-M_Turf,0.0022792346739070194
2015-06-01_CRO_Turf,0.0034704102951702877
2015-06-01_MAI_Turf,0.0011921927947866463
2015-06-02_LON_Turf,0.001031217183401438
2015-06-03_LAT_Turf,0.0007401361128015851
2015-06-03_MAI_Turf,0.001349793032929181
2015-06-04_BOR_Turf,0.00022839382135168715
2015-06-04_SAI_Turf,0.0014758041681388631
2015-06-05_COM_Turf,0.0015551112400804504
2015-06-05_TAR_Turf,0.00030196525981139756
2015-06-06_CHA_All Weather,0.0013589728606159767
2015-06-06_CHA_Turf,0.0018671167597505752
2015-06-07_CEP_Turf,0.0030919672209195866
2015-06-07_LYO_Turf,0.0017693972613203322
2015-06-08_LON_Turf,0.0014811492500153573
2015-06-08_PON_All Weather,0.0004644778556169048
2015-06-08_PON_Turf,0.0009882818056833806
2015-06-09_AIX_Turf,0.0006852513221439598
2015-06-09_CRO_Turf,0.0018078511898594132
2015-06-09_PET_Turf,0.0021358007240570493
2015-06-11_CRA_Turf,0.0001870932932868071
2015-06-11_MAI_Turf,0.001638839959329703
2015-06-12_CEP_Turf,0.0013530554459089776
2015-06-12_LON_Turf,0.0007543666435271139
2015-06-13_LYO_Turf,0.0021151388330298585
2015-06-14_CHA_Turf,0.0003243042312832311
2015-06-14_LLA_Turf,0.002401510784233464
2015-06-16_DAX_Turf,0.003477948897205158
2015-06-16_DIE_Turf,0.0015758554813109994
2015-06-16_LSO_Turf,0.003274835449849402
2015-06-17_COM_Turf,0.0009528951352221461
2015-06-18_LAT_Turf,-0.0005808690980006865
2015-06-18_LON_Turf,0.0018425211888011726
2015-06-19_CHA_Turf,0.0013695734314888022
2015-06-19_LAT_Turf,0.00018326767695462469
2015-06-19_PON_All Weather,0.00013148975830798746
2015-06-20_COM_Turf,0.0013367855617237175
2015-06-20_LAT_Turf,0.0003350634361950569
2015-06-21_AIX_Turf,0.002129742467069086
2015-06-22_AMI_Turf,-0.0009750792793899634
2015-06-23_AIX_Turf,0.003337625247308725
2015-06-23_MAI_Turf,0.0022389639401777218
2015-06-24_BOR_Turf,0.0001113923510350707
2015-06-24_CHA_Turf,0.0010885201395226846
2015-06-25_CLA_Turf,0.0017021042095389986
2015-06-26_DEA_All Weather,0.001926452802454024
2015-06-26_DEA_Turf,0.0016447989453283575
2015-06-26_PON_All Weather,8.622467023352953e-05
2015-06-27_AIX_Turf,0.0022943514030586026
2015-06-27_DEA_All Weather,0.0014942826066189638
2015-06-27_HYE_Turf,0.000381527758431302
2015-06-28_DAX_Turf_early,0.0010647971692262575
2015-06-28_DAX_Turf_late,0.0003481092121703621
2015-06-28_SAI_Turf,-0.0005994532747879123
2015-06-29_CHA_Turf,0.0008556032524603905
2015-06-29_PET_Turf,0.0018958202269786287
2015-06-30_LAT_Turf,0.0009005436843831364
2015-07-01_DEA_All Weather_early,0.0008793605940497778
2015-07-01_DEA_All Weather_late,0.0012293605940497776
2015-07-02_DAX_Turf,0.0010531077847442285
2015-07-02_DEA_All Weather,0.0013889312019144322
2015-07-02_DEA_Turf,0.0024010531552438063
2015-07-03_DEA_All Weather,0.0013329426836683942
2015-07-03_DEA_Turf,0.0007503402721087307
2015-07-04_LON_Turf,0.0005553806069536653
2015-07-05_AIX_Turf,0.0032841033701982657
2015-07-05_MAI_Turf_early,0.0017117249189809013
2015-07-05_MAI_Turf_late,0.0007319659348590334
2015-07-06_COM_Turf,0.001375983691950057
2015-07-07_DIE_Turf,0.0026434469699235215
2015-07-07_LAT_Turf,0.0007339876043570316
2015-07-08_CHA_All Weather,0.0008156342993251462
2015-07-08_CHA_Turf,0.001422258004785086
2015-07-09_CHA_All Weather,0.0005658401449084482
2015-07-09_CHA_Turf,0.0010483761919767914
2015-07-09_PLB_All Weather,0.0019753670673302377
2015-07-10_CHB_Turf,0.0023915754807341755
2015-07-10_PON_All Weather,0.0008127268997307494
2015-07-11_LLA_Turf,0.0007439552232294228
2015-07-12_CHA_Turf,0.0003569666410787283
2015-07-12_S-M_Turf_early,0.0005125270380163481
2015-07-12_S-M_Turf_late,0.0012381261167229928
2015-07-13_MAI_Turf,0.0015783986444703308
2015-07-14_HYE_Turf,0.0011991359240414385
2015-07-14_LON_Turf,0.0005221985107667994
2015-07-15_MAR_Turf,0.000894772773165773
2015-07-16_COM_Turf,0.001830778883388748
2015-07-16_MAR_Turf,0.00015737796999632753
2015-07-17_MAI_Turf,0.0005048003047104179
2015-07-17_PON_All Weather,0.0005144778556169019
2015-07-18_DIE_Turf,0.0023588913215153513
2015-07-18_LAT_Turf,0.0027605634636594903
2015-07-19_MAI_Turf,0.0012886477945585932
2015-07-19_VIC_Turf,0.002772938995192958
2015-07-20_VIC_Turf,0.0019391567219489679
2015-07-21_LLA_Turf_early,0.0012142390439831385
2015-07-21_LLA_Turf_late,0.0002011089108363788
2015-07-21_VIC_Turf,0.001939872297415273
2015-07-22_VIC_Turf,0.004034535898601657
2015-07-23_VIC_Turf,0.0015620313587678583
2015-07-24_LSO_Turf,0.0012483277790656018
2015-07-24_VIC_Turf,0.001565746867266053
2015-07-25_CLA_Turf,0.001776019292928945
2015-07-25_VIC_Turf,0.001328834600390669
2015-07-26_MAI_Turf,0.001342702084281718
2015-07-27_CLA_Turf,0.0037183290632514594
2015-07-27_LAT_Turf,0.0011146088000722576
2015-07-28_CHA_Turf,0.0026132480873641904
2015-07-28_LAT_Turf_early,0.0007500946098163301
2015-07-28_LAT_Turf_late,-0.00018113628907181895
2015-07-29_BRA_Turf,0.0007983571194038234
2015-07-30_DEA_All Weather,0.002167936430696825
2015-07-30_DEA_Turf,0.002754983288721175
2015-07-30_VIC_Turf,0.0044163095784783895
2015-07-31_CLA_Turf_early,0.001725904582421602
2015-07-31_CLA_Turf_late,0.0012014090146823541
2015-07-31_S-M_Turf,0.0010433327523023913
2015-08-01_DEA_All Weather,0.0010242206944411634
2015-08-01_DEA_Turf,0.0026132970755713375
2015-08-01_VIC_Turf,0.0036855875095830434
2015-08-02_DEA_All Weather,0.0011127934449857353
2015-08-02_DEA_Turf,0.0006909684911786346
2015-08-02_TOU_Turf,0.00022554162810067843
2015-08-02_VIT_Turf,0.000759390481019416
2015-08-03_CLA_Turf,0.0016211258648847334
2015-08-03_LSO_Turf,0.0017868040635292902
2015-08-04_DEA_All Weather,0.0012376842162758602
2015-08-04_DEA_Turf,0.001478870176937907
2015-08-04_VIC_Turf,0.003840948736212977
2015-08-05_LAT_Turf,0.001607676434943226
2015-08-06_DEA_All Weather,0.0012243299148171022
2015-08-06_DEA_Turf,0.0012366910711545877
2015-08-06_VIC_Turf,0.00210564125154795
2015-08-07_DEA_All Weather,0.0011653838771165748
2015-08-07_DEA_Turf,0.0018667851728648545
2015-08-07_PLB_All Weather,0.0010293346481559007
2015-08-08_PLB_All Weather,0.0020548145907414036
2015-08-09_DEA_All Weather,0.0005796759084579938
2015-08-09_DEA_Turf,0.0005005353279703683
2015-08-09_LLA_Turf,0.0009005785761823999
2015-08-10_CLA_Turf,0.0006490118405573001
2015-08-10_LLA_Turf,0.0004903404101322344
2015-08-11_DEA_All Weather,0.0018158698964104072
2015-08-11_DEA_Turf,0.0031486525961312247
2015-08-11_LAT_Turf,0.000606783579262255
2015-08-12_VIC_Turf,0.0011772792760057947
2015-08-13_CLA_Turf,0.002725889892303551
2015-08-14_DEA_All Weather,0.001549020018131447
2015-08-14_MOU_Turf,0.0034088029213239644
2015-08-15_DEA_Turf,0.0031748139877385015
2015-08-16_DEA_Turf,0.0016578512064023493
2015-08-16_POM_Turf,0.0008171606603939329
2015-08-16_VIT_Turf,0.001520135802667524
2015-08-17_CHB_Turf,0.0026743430943536525
2015-08-18_DEA_All Weather,0.001371123924010788
2015-08-18_DEA_Turf,0.0020775053864115797
2015-08-18_VIC_Turf,0.004073658551489903
2015-08-19_CLA_Turf,0.0017739367436054743
2015-08-20_DEA_All Weather,0.0018782908147523824
2015-08-20_DEA_Turf,0.001999214948005657
2015-08-20_VIC_Turf,0.002368147298774364
2015-08-21_CLA_Turf,0.0023376583276274745
2015-08-21_LAT_Turf,0.0018216109911580024
2015-08-22_DAX_Turf,0.0010879995389944245
2015-08-22_DEA_Turf_early,0.004582539262923031
2015-08-22_DEA_Turf_late,0.0018545491119425924
2015-08-23_CAV_Turf,0.0023609701354948016
2015-08-23_DEA_Turf,0.0037771006092197825
2015-08-24_MOU_Turf,0.0041011633915809505
2015-08-24_S-M_Turf,0.00662801235996545
2015-08-25_CLA_Turf,0.0059789708955849665
2015-08-26_DEA_All Weather,0.0015568325912415938
2015-08-26_DEA_Turf,0.004553145824563292
2015-08-27_CLA_Turf,0.005890943826148417
2015-08-28_BOR_Turf,0.0001706674818195894
2015-08-29_DEA_All Weather,0.0009256641198719292
2015-08-29_PLB_All Weather,0.0006181689467417402
2015-08-30_CAV_Turf,0.0015158654237949396
2015-08-30_DAX_Turf,0.0009977841057149078
2015-08-30_DEA_All Weather,0.0009283390007417383
2015-08-30_DEA_Turf,0.0026170742337685796
2015-08-31_BOR_Turf,0.00013934124976874675
2015-08-31_LON_Turf,0.0022240324182371493
2015-09-01_BRA_Turf,0.0019506190868487038
2015-09-02_CRO_Turf,0.004644714464001377
2015-09-02_MAR_Turf,0.0018862232543390162
2015-09-02_S-M_Turf,0.0029104261289632965
2015-09-03_LON_Turf,0.002694019845888125
2015-09-03_VIL_All Weather_early,0.001242465134031033
2015-09-03_VIL_All Weather_late,0.0005792302139438042
2015-09-04_CHB_Turf,0.0038018840625390236
2015-09-04_FON_Turf_early,0.0015326656043947397
2015-09-04_FON_Turf_late,0.0005818275230694696
2015-09-05_CRA_Turf,0.0018377185770974223
2015-09-05_LAT_Turf,0.000709497982455394
2015-09-06_DAX_Turf,0.0022416663803514563
2015-09-06_EVX_Turf,0.0010374811103157522
2015-09-06_LON_Turf,0.000562237135573483
2015-09-07_CRA_Turf,0.0006448958356488154
2015-09-07_HYE_Turf,0.001528009996942356
2015-09-08_CHA_All Weather,0.0012335795687876661
2015-09-08_CHA_Turf,0.0010432664792897916
2015-09-09_LLA_Turf,0.0007486969801283255
2015-09-09_LON_Turf,0.0023380750387365437
2015-09-10_BOR_Turf,0.0001270408947186811
2015-09-11_LYO_Turf,0.0002948159678466668
2015-09-12_BOU_Turf,0.0004451944142448685
2015-09-12_CHO_Turf,0.0023985625197693074
2015-09-12_FON_Turf,0.002120935430654368
2015-09-13_LON_Turf,0.0019536426536291888
2015-09-13_MAR_Turf,0.0021529710144405534
2015-09-14_MOU_Turf,0.00495642043109114
2015-09-14_SAI_Turf_early,0.0010915497383434368
2015-09-14_SAI_Turf_late,0.0024459822286974986
2015-09-15_MAI_Turf,0.0026084262433793072
2015-09-16_FON_Turf,0.005226227231545342
2015-09-17_BRA_Turf,0.0038258392911751315
2015-09-17_PET_Turf,0.002899653371462407
2015-09-17_SAI_Turf,0.004395572858603969
2015-09-18_MAI_Turf,0.002558187766852515
2015-09-19_CAV_Turf_early,0.0016399253593067395
2015-09-19_CAV_Turf_late,0.0007948180456698619
2015-09-19_CRA_Turf,0.004547037589638338
2015-09-19_LON_Turf,0.004462862407564022
2015-09-20_CRA_Turf,0.0025453926493926695
2015-09-20_DAX_Turf,0.0016709957346624262
2015-09-21_CHA_All Weather,0.0021513843017152423
2015-09-21_CHA_Turf,0.004337377948060179
2015-09-21_CRA_Turf,0.0019479207510696324
2015-09-22_BOR_Turf,0.0013261403579070746
2015-09-22_BOU_Turf,0.004361239471688299
2015-09-23_VIL_All Weather,-7.669108420661274e-05
2015-09-24_LYO_Turf,0.0013601988291475997
2015-09-24_MAI_Turf,0.002894797946371021
2015-09-25_CEP_Turf,0.0014796246555344793
2015-09-25_SAI_Turf,0.002986757618677278
2015-09-27_STR_Turf_early,0.0013328274200099975
2015-09-27_STR_Turf_late,0.00037314200497664776
2015-09-28_ARG_Turf,1.6010146198503093e-05
2015-09-28_MAI_Turf_early,0.0019273860790110374
2015-09-28_MAI_Turf_late,0.0014994156456576673
2015-09-29_BOR_Turf,0.0012806606529967627
2015-09-29_MAN_Turf,0.0006233676654560675
2015-09-30_CHA_All Weather,0.0006502750842122312
2015-09-30_CHA_Turf,0.0009612832693433986
2015-09-30_LYO_Turf,0.001196936694863704
2015-10-01_COM_Turf_early,0.001397151581170775
2015-10-01_COM_Turf_late,0.0006409114528228018
2015-10-01_PET_Turf,0.0036686979932455542
2015-10-02_ANG_Turf,0.0030601124405546143
2015-10-02_SAI_Turf,0.001364317542490507
2015-10-03_LON_Turf,-1.955955102180406e-06
2015-10-03_MAR_Turf,0.0019489676806681295
2015-10-04_BRI_Turf,0.00011831490922719376
2015-10-04_LON_Turf,-0.000397153274771898
2015-10-04_STR_Turf,0.0026496207427691193
2015-10-05_CHA_All Weather,0.0004022349633015159
2015-10-05_CHA_Turf,0.0012667797902433402
2015-10-06_BOU_Turf,0.002274369179114346
2015-10-06_MAI_Turf,0.0031711050852473647
2015-10-07_CEP_Turf_early,0.0006208137303544103
2015-10-07_CEP_Turf_late,0.001497316287023921
2015-10-08_BOU_Turf,0.0007637342785556616
2015-10-08_SAI_Turf,0.0036616549886968486
2015-10-09_CHA_Turf,0.003502826119016724
2015-10-09_PON_All Weather,0.0005207362274122065
2015-10-10_MAI_Turf,0.0026782179847753104
2015-10-10_PLB_All Weather,0.00102050035464344
2015-10-10_PON_All Weather,0.00011521990672375406
2015-10-11_HYE_Turf,0.0016550045957318242
2015-10-11_TAR_Turf,0.0002449028952678114
2015-10-12_ANG_Turf,0.0008145900095150712
2015-10-13_COM_Turf,0.0034914591415249876
2015-10-13_LYO_Turf,0.002658289596700814
2015-10-14_SAI_Turf,0.0018336060223742294
2015-10-15_FON_Turf,0.0018987291982032637
2015-10-16_MAI_Turf,0.0041399310767383435
2015-10-16_PON_All Weather,0.0008481827203132435
2015-10-17_CAV_Turf,0.003042291995935698
2015-10-17_CRO_Turf,0.0033619551370674657
2015-10-18_BRI_Turf,0.0007955719947473396
2015-10-18_CHA_All Weather,0.0009735167657213955
2015-10-18_CHA_Turf,0.002107851748487025
2015-10-18_CHO_Turf,0.0018645451628708095
2015-10-18_TAR_Turf,0.0011490152695220928
2015-10-19_DEA_All Weather,0.00021005238830417892
2015-10-20_CEP_Turf,0.0005808545577829123
2015-10-20_DEA_All Weather,0.0003946991671327012
2015-10-20_DEA_Turf,0.003077673285568406
2015-10-21_DEA_All Weather,0.0005494238040934067
2015-10-21_DEA_Turf,0.003857866756508408
2015-10-21_STR_Turf,0.00264500246152459
2015-10-22_DEA_All Weather,0.0008032770590770759
2015-10-22_DEA_Turf,0.006993697833137107
2015-10-22_LYO_Turf,0.002106129307662972
2015-10-23_DEA_All Weather,0.0005908925038983857
2015-10-23_LSO_Turf,0.0024611785901045655
2015-10-24_PET_Turf,0.00216049692547369
2015-10-25_AGE_Turf,0.0002530627097211759
2015-10-25_SAI_Turf,0.002897705775018469
2015-10-26_BOR_Turf,0.0005325115917611252
2015-10-26_COM_Turf,0.004663011855226943
2015-10-27_PON_All Weather,0.00057127315619819
2015-10-28_CEP_Turf,0.004647962059051211
2015-10-28_MAI_Turf,0.004515299350968342
2015-10-29_AMI_Turf_early,0.0020349283877304967
2015-10-29_AMI_Turf_late,0.0030785587662250985
2015-10-29_SAI_Turf,0.004907646993118373
2015-10-30_CHA_All Weather,0.0014286751675127445
2015-10-30_PLB_All Weather,0.0005115536671307918
2015-10-31_MAI_Turf,0.0032986994346013727
2015-10-31_PET_Turf,0.0033356819316946555
2015-10-31_PON_All Weather,0.0005144786518659109
2015-10-31_PON_Turf,0.0007986389485405237
2015-11-01_SAI_Turf,0.0029189619289922606
2015-11-02_CHA_All Weather,0.0009035301640883675
2015-11-03_BOU_Turf,0.001703300662121392
2015-11-03_CHA_All Weather,0.0013434021965050514
2015-11-03_CHA_Turf,0.0030741379155622044
2015-11-04_CRO_Turf,0.00333434406549507
2015-11-05_PLB_All Weather,0.0005287011394709333
2015-11-06_CHA_All Weather,0.0009492636102814536
2015-11-06_VIL_All Weather_early,0.0007634772316563467
2015-11-06_VIL_All Weather_late,-7.196026224667072e-05
2015-11-07_CEP_Turf,0.0005514885015273629
2015-11-07_LYO_Turf,0.003125225220674976
2015-11-08_BOR_Turf,0.0020802600161072852
2015-11-08_PET_Turf,0.0036102415323488765
2015-11-09_SAI_Turf,0.005321370344366168
2015-11-11_BRI_Turf,0.001509793871737207
2015-11-11_CEP_Turf,0.0018093191127164629
2015-11-11_STR_Turf,0.0019500353158658334
2015-11-12_BOU_Turf,0.0010970697010638083
2015-11-13_CHA_All Weather,0.0006405037105802869
2015-11-13_VIL_All Weather,0.00028939963096775783
2015-11-14_CEP_Turf,0.003295653205420942
2015-11-15_AGE_Turf,0.0007314849017644295
2015-11-15_CAV_Turf,0.002779957930505843
2015-11-15_MAN_Turf,0.002621228006459291
2015-11-17_ANG_Turf,0.0026295964552201143
2015-11-17_PON_All Weather,0.0006624719266059624
2015-11-18_ARG_Turf,0.0017754121858689215
2015-11-18_COM_Turf,0.006386684306669461
2015-11-19_CEP_Turf,0.0010815590047392415
2015-11-19_FON_Turf,0.002100450483648349
2015-11-20_SAI_Turf,0.010240492997104937
2015-11-20_VIL_All Weather,0.000976973307481468
2015-11-21_CRO_Turf,0.008505340184205654
2015-11-21_LYO_Turf_early,0.003973294977789663
2015-11-21_LYO_Turf_late,0.0028225113239919862
2015-11-22_AGE_Turf,0.0016442003415160816
2015-11-23_CEP_Turf,0.0028887263479224217
2015-11-24_CHA_All Weather_early,0.0007896928842493855
2015-11-24_CHA_All Weather_late,-0.00011729956638010426
2015-11-25_VIL_All Weather,0.0006711831690664391
2015-11-26_ANG_Turf,0.006392298707506993
2015-11-26_PON_All Weather,0.0002958615072174312
2015-11-27_PON_All Weather,0.0007353527580607564
2015-11-28_BOU_Turf,0.002643413016612155
2015-11-29_MAN_Turf,0.0040604077812178025
2015-11-30_DEA_All Weather,0.001176750435629824
2015-11-30_PLB_All Weather,0.00016463714953600202
2015-12-01_DEA_All Weather,0.0007339643581557565
2015-12-02_DEA_All Weather,0.00040444013339974394
2015-12-03_PON_All Weather_early,0.001113942398699287
2015-12-03_PON_All Weather_late,0.0004501414667413239
2015-12-04_PON_All Weather,0.0011852718847423726
2015-12-06_CEP_Turf,0.0026655790504734682
2015-12-08_PON_All Weather,0.0008243935663974144
2015-12-09_VIL_All Weather_early,0.001035579420293014
2015-12-09_VIL_All Weather_late,0.00014159816067101045
2015-12-10_VIL_All Weather,0.0002584376089304424
2015-12-10_VIL_Turf,0.0005248442707425093
2015-12-11_CEP_Turf,0.0028104963754202
2015-12-11_DEA_All Weather,0.0009487835737192319
2015-12-12_DEA_All Weather,0.0005179392759678598
2015-12-13_PAU_All Weather,0.002053374154779909
2015-12-15_PON_All Weather,0.0007226493860053118
2015-12-16_DEA_All Weather,0.0009631834093588069
2015-12-17_DEA_All Weather,0.0007709690771705598
2015-12-18_PLB_All Weather,0.0005497464795796854
2015-12-19_PLB_All Weather_early,0.0009175239243872203
2015-12-19_PLB_All Weather_late,0.0003387972619670367
2015-12-21_DEA_All Weather,0.00019704456878747053
2015-12-22_PON_All Weather,0.0008477391295950538
2015-12-27_DEA_All Weather,0.00031081201761002394
2015-12-28_DEA_All Weather,0.0002421262897250428
2016-01-02_PAU_All Weather,0.0014748178330855515
2016-01-03_DEA_All Weather,0.0010268973438532216
2016-01-04_DEA_All Weather,0.000289700605374984
2016-01-05_PLB_All Weather,0.0007856646021606298
2016-01-06_PAU_All Weather,0.0030038579618200533
2016-01-06_PON_All Weather,0.0007500883075389
2016-01-08_DEA_All Weather,0.0003261598297049058
2016-01-09_DEA_All Weather,0.00045335696288563475
2016-01-10_CAR_Turf,0.006348566436522707
2016-01-11_PAU_All Weather,0.002394721569377013
2016-01-12_PON_All Weather,0.0008438989737567705
2016-01-13_PAU_All Weather,0.002657544708290095
2016-01-14_PLB_All Weather,-0.00020660230360194308
2016-01-16_CAG_All Weather,0.0014297070552776946
2016-01-18_CHA_All Weather,0.0009018572660228289
2016-01-19_CAG_All Weather,0.000533978174220793
2016-01-19_PAU_All Weather,0.0013929443260151941
2016-01-20_CAG_All Weather,0.0017620127711397645
2016-01-21_PAU_All Weather,0.0011494309675054142
2016-01-22_CAG_Turf,0.0022844092194671587
2016-01-23_CAG_All Weather,0.001376789517077408
2016-01-23_CAG_Turf,0.002313451692655442
2016-01-25_CAG_All Weather,0.0016064526788201797
2016-01-26_CAG_All Weather,0.0009946061128012385
2016-01-27_PAU_All Weather,0.0019480093891478326
2016-01-28_CAG_All Weather,0.0023844421789527997
2016-01-28_CAG_Turf,0.0028860090224910773
2016-01-29_CHA_All Weather,0.0008945118599209025
2016-01-29_PAU_All Weather,0.0019760218812095855
2016-02-01_CAG_All Weather,0.002138383717680236
2016-02-01_CAG_Turf,0.002573030003204682
2016-02-02_PAU_All Weather,0.0014491768074445272
2016-02-03_CAG_All Weather,0.0018990052936672045
2016-02-03_CAG_Turf,0.0023354242230680016
2016-02-04_CHA_All Weather,0.0008522562970673437
2016-02-06_CAG_All Weather,0.0006092946701502957
2016-02-06_PAU_All Weather,0.0006190976260410778
2016-02-07_PAU_All Weather,0.0014593971208144447
2016-02-08_PON_All Weather,0.00024796657282436684
2016-02-09_CHA_All Weather,0.0013666555638718635
2016-02-10_CAG_Turf,0.0039044554426831074
2016-02-13_CAG_All Weather,0.0016521046366529905
2016-02-13_CAG_Turf,0.004901008349315004
2016-02-14_CAG_All Weather,0.0004714333862586796
2016-02-15_PLB_All Weather,0.0006042725758575904
2016-02-16_CEP_Turf,0.004766282976768669
2016-02-16_CHA_All Weather,0.0008990348065556739
2016-02-17_CAG_All Weather,0.0007550432976412742
2016-02-17_MAR_Turf,0.004180838337172714
2016-02-18_PON_All Weather,0.0005330235270394729
2016-02-19_CHA_All Weather,0.0011218923148576545
2016-02-20_CAG_All Weather,0.0005488186541617366
2016-02-20_CAG_Turf,0.003787251609973647
2016-02-21_VIL_All Weather,0.0007784835560327732
2016-02-22_CAG_All Weather,0.001539050943289633
2016-02-22_CAG_Turf,0.004965260817389777
2016-02-23_CEP_Turf,0.006303246651799071
2016-02-23_VIL_All Weather,0.0011260519778867766
2016-02-24_CAG_All Weather,0.0006827322139504483
2016-02-25_CHA_All Weather,0.0012761004614470868
2016-02-26_CHA_All Weather,0.00125036228784994
2016-02-27_CAG_All Weather,0.001247635281385277
2016-02-27_CAG_Turf,0.0045806641036899454
2016-02-29_BOR_Turf,0.006863420785144119
2016-02-29_MAR_Turf,0.004094584211610931
2016-03-03_CHA_All Weather_early,0.0009787999223182017
2016-03-03_CHA_All Weather_late,-0.00020395493273471927
2016-03-03_VIL_All Weather,0.0011438213771952338
2016-03-04_DEA_All Weather,0.0010267093342004468
2016-03-05_CEP_Turf,0.006532689450862143
2016-03-06_MAR_Turf,0.008830886154451961
2016-03-08_DEA_All Weather,0.0009231925268203671
2016-03-08_PET_Turf,0.00651392531656018
2016-03-09_COM_Turf,0.01234479025325017
2016-03-09_PON_All Weather,0.0005526654876182451
2016-03-09_PON_Turf,0.00029805870328041716
2016-03-10_CHA_All Weather,0.0010960982661238283
2016-03-10_VIL_All Weather,0.0007305728342913534
2016-03-11_FON_Turf,0.003557961937113999
2016-03-12_MAR_Turf,0.0064152239691702235
2016-03-12_SAI_Turf,0.004337291203529986
2016-03-13_AGE_Turf,0.002007031247186533
2016-03-14_CEP_Turf,0.0031630260893374586
2016-03-14_COM_Turf,0.005743357272445391
2016-03-15_CHA_All Weather,0.0007610686549966191
2016-03-16_AMI_Turf_early,0.003268892107056159
2016-03-16_AMI_Turf_late,0.004429483765185407
2016-03-17_CHA_All Weather,0.00026997967638989114
2016-03-17_PON_All Weather,0.0007042790440610041
2016-03-18_FON_Turf,0.0028843781061595806
2016-03-19_CEP_Turf,0.00393286979742175
2016-03-20_BRI_Turf,0.002239943320597433
2016-03-20_LYO_Turf,0.003962534314416709
2016-03-20_MAR_Turf,0.00431109623700299
2016-03-20_SAI_Turf,0.0010122662887957078
2016-03-21_COM_Turf,0.005631643239420804
2016-03-21_PON_All Weather,0.000716645602075487
2016-03-22_CHA_All Weather,0.0005853139383948532
2016-03-23_CRO_Turf,0.0030514550206510857
2016-03-24_SAI_Turf,0.0008573282440347222
2016-03-24_VIL_All Weather,0.0007306998739890299
2016-03-25_LAT_Turf,0.002506684264471566
2016-03-25_STR_Turf,0.0038658148946112375
2016-03-27_LLA_Turf,0.007938261208650344
2016-03-27_MAL_Turf,0.0026953718793348283
2016-03-27_MAR_Turf,0.0014421177015571422
2016-03-28_LLA_Turf,0.009794314834830627
2016-03-28_SAI_Turf,0.0052000628124322145
2016-03-28_TAR_Turf,0.0010004333621162222
2016-03-29_COM_Turf,0.010777194288947205
2016-03-29_PET_Turf,0.00622378970642708
2016-03-29_PON_All Weather,0.0007717968140048148
2016-03-30_AMI_Turf,0.007352557931686336
2016-03-31_FON_Turf,0.006550602389509197
2016-04-01_BOU_Turf,0.003369123784530896
2016-04-01_MAI_Turf,0.006368396272321548
2016-04-03_AGL_Turf,0.0005168751372665465
2016-04-03_SAI_Turf,0.005379147010977018
2016-04-04_AGE_Turf,0.0010430421938581417
2016-04-04_CHA_All Weather,0.0011139923179731266
2016-04-04_MOU_Turf,0.0011882565243095335
2016-04-05_ARG_Turf,0.0015952799116198987
2016-04-05_BOR_Turf,0.0024575791194108407
2016-04-06_CHA_All Weather,0.0017225785009829992
2016-04-07_MAI_Turf_early,0.001907841244217746
2016-04-07_MAI_Turf_late,0.0029301471800492855
2016-04-08_CEP_Turf,0.0014618396115866573
2016-04-09_BRA_Turf,0.003257261840217766
2016-04-09_COM_Turf,0.005070376628235251
2016-04-09_PON_Turf_early,0.000560110400604599
2016-04-09_PON_Turf_late,0.001161138948540521
2016-04-10_BOU_Turf,0.0030178133474580543
2016-04-10_CHA_All Weather,0.0027823181141479283
2016-04-10_CHA_Turf,0.00477757868115833
2016-04-10_LIS_Turf,0.002139221179734076
2016-04-11_SAI_Turf,0.003972788471518717
2016-04-12_PET_Turf,0.004201469173148489
2016-04-12_TAR_Turf,0.0028841161567098616
2016-04-13_MAI_Turf,0.0047399152333167755
2016-04-14_BOR_Turf,0.0016847591802684261
2016-04-14_FON_Turf,0.0030190939016962806
2016-04-15_LAT_Turf,0.002760893300988429
2016-04-15_LYO_Turf,0.004419208072270038
2016-04-16_BOU_Turf,0.005324808761270058
2016-04-16_CAV_Turf,0.0022119040909337495
2016-04-16_MOU_Turf,0.006776206381996267
2016-04-17_LIS_Turf,0.004920757445196154
2016-04-18_SAI_Turf,0.004357776089809716
2016-04-19_CHO_Turf_early,0.0018687865020812625
2016-04-19_CHO_Turf_late,0.00287639524603988
2016-04-19_MAI_Turf,0.0036630528977954625
2016-04-20_CHA_All Weather,0.0026100020720576326
2016-04-20_CHA_Turf,0.002628782828933312
2016-04-21_COM_Turf,0.002129565258563963
2016-04-21_PET_Turf,0.0027351396064388247
2016-04-22_CEP_Turf,0.0037528711511490985
2016-04-22_FON_Turf,0.003259309544029279
2016-04-23_CHB_Turf_early,0.002176343257416397
2016-04-23_CHB_Turf_late,0.00284190634861403
2016-04-23_PON_All Weather,0.00047693726479318833
2016-04-24_BOU_Turf,0.0026736291869404296
2016-04-24_CHA_All Weather,0.001146193142505729
2016-04-24_CHA_Turf,0.0015354794633923028
2016-04-24_DUR_Turf,0.0031334134432239764
2016-04-24_LYO_Turf,0.0070322775802427835
2016-04-24_S-M_Turf,0.0021153835911392636
2016-04-24_STR_Turf,0.004326432558224179
2016-04-25_LLA_Turf,0.0033890805658719787
2016-04-25_SAI_Turf,0.002089339985590943
2016-04-26_BRA_Turf,0.00565497454363505
2016-04-26_MAI_Turf,0.001968790093226334
2016-04-28_CHA_All Weather,0.0019471422189925322
2016-04-28_CHA_Turf,0.004526130463305856
2016-04-29_FON_Turf,0.002305164812536035
2016-04-29_LAT_Turf,0.0002613479171861222
2016-04-29_PON_Turf,-0.00042018131520825283
2016-04-30_CAV_Turf,0.0031776118894928135
2016-04-30_CEP_Turf,4.8278605700302584e-05
2016-04-30_LYO_Turf_early,0.0019607310072623893
2016-04-30_LYO_Turf_late,0.002609043035382225
2016-05-01_LLA_Turf,0.001017062310844011
2016-05-01_SAI_Turf,-0.0006043804463258624
2016-05-02_MAI_Turf,0.001467706714068471
2016-05-04_VIL_All Weather,0.0003251251812612535
2016-05-05_BRI_Turf,0.000980424039467145
2016-05-05_LLA_Turf,0.0003550902728068095
2016-05-05_LYO_Turf,0.0005244348596593046
2016-05-05_TAR_Turf,0.0013794472443587557
2016-05-06_CHA_All Weather,0.0013137621913027924
2016-05-06_CHA_Turf,0.0005829604157176649
2016-05-06_LYO_Turf,0.00014701921908003682
2016-05-07_BOU_Turf,0.0007844684040815643
2016-05-07_MAI_Turf,0.0015818592556862588
2016-05-08_SAI_Turf,-0.00018375872302106585
2016-05-08_SEN_Turf,0.0029139727670401123
2016-05-09_CAG_Turf,0.0029981321353787943
2016-05-09_CHA_Turf,0.00045648638140130277
2016-05-10_CHA_All Weather,0.0009252786715265188
2016-05-11_S-M_Turf,0.003423596483388482
2016-05-11_SAI_Turf_early,0.0013009518043205456
2016-05-11_SAI_Turf_late,0.001973372433745633
2016-05-12_BOU_Turf,0.0013909066076376042
2016-05-12_LYO_Turf_early,0.0016879399893599159
2016-05-12_LYO_Turf_late,0.0033519595272075388
2016-05-12_VIC_Turf,0.005322687019261016
2016-05-13_LAT_Turf_early,0.0013150991430058354
2016-05-13_LAT_Turf_late,-0.0005592495130266915
2016-05-13_MAI_Turf,0.004092826220872943
2016-05-14_STR_Turf,0.005209810459663997
2016-05-15_ANG_Turf,0.0022643195486363775
2016-05-15_DEA_All Weather,0.0006046556080103532
2016-05-15_DEA_Turf,0.001229000419034322
2016-05-15_LIG_Turf,0.0015277741237221742
2016-05-16_DEA_Turf,0.0011215905626222249
2016-05-16_PON_All Weather,0.0010725738899611504
2016-05-16_PON_Turf,0.001003638948540522
2016-05-17_CAG_Turf,0.00200146456357834
2016-05-18_SAI_Turf,0.0010403870579378362
2016-05-19_FON_Turf,0.0029143198002208686
2016-05-19_LLA_Turf,0.0010521300660583058
2016-05-19_LYO_Turf,0.0022776511652696702
2016-05-20_CHA_All Weather,0.0011636252735698527
2016-05-20_CHA_Turf,0.003347818821646871
2016-05-22_LIS_Turf,0.0024865196917676574
2016-05-23_BOU_Turf,0.0019087141911237162
2016-05-23_SAI_Turf,0.003921716923181766
2016-05-24_ANG_Turf,0.0014446127980016054
2016-05-24_CHA_All Weather,0.0014930322270968928
2016-05-24_CHA_Turf,0.004273165247303105
2016-05-25_MAI_Turf,0.004064948649238289
2016-05-26_BRA_Turf,0.002139653168306943
2016-05-26_COM_Turf,0.0030800501997026333
2016-05-26_DAX_Turf,0.003141176435614824
2016-05-28_BOU_Turf,0.003060711876963838
2016-05-28_CHB_Turf,0.0034244949437754668
2016-05-29_DAX_Turf,0.004089041655732932
2016-05-29_SAI_Turf,0.002596044390825034
2016-05-30_CAG_Turf,0.0016621091984192053
2016-05-30_MAI_Turf,0.00723736422583969
2016-05-31_CEP_Turf,0.006369405822587313
2016-05-31_STR_Turf,0.0053156160930603
2016-06-01_AMI_Turf_early,0.0029250312888235955
2016-06-01_AMI_Turf_late,0.0044536375307012805
2016-06-01_CHA_All Weather,0.0019653041360564046
2016-06-02_FON_Turf,0.0054699994855292285
2016-06-02_LYO_Turf,0.0069742541654371085
2016-06-03_PET_Turf,0.0011048778756480514
2016-06-03_SAI_Turf,0.006895643441283253
2016-06-04_DEA_Turf,0.0032299502814767222
2016-06-05_CHA_Turf,0.0032669178134271705
2016-06-05_LYO_Turf,0.004228264868820674
2016-06-06_CRO_Turf_early,0.0009967954993684606
2016-06-06_CRO_Turf_late,0.0026578086819777184
2016-06-07_SAI_Turf,0.004131725590809253
2016-06-08_DIE_Turf,0.00306698423773736
2016-06-08_LAT_Turf_early,0.001133857884057287
2016-06-08_LAT_Turf_late,0.0003207844758041659
2016-06-09_CAG_Turf_early,0.0011551258495510039
2016-06-09_CAG_Turf_late,0.0026195776655858817
2016-06-09_DEA_Turf,0.0015709503701444505
2016-06-10_COM_Turf,0.0024837038032648187
2016-06-11_CEP_Turf,0.002900202397622343
2016-06-11_CHA_All Weather,0.0010695912978485346
2016-06-11_CHA_Turf,0.0010692846029039394
2016-06-11_HYE_Turf,0.002839301861157062
2016-06-12_LYO_Turf_early,0.0020386945697549942
2016-06-12_LYO_Turf_late,0.0009684133596091066
2016-06-13_COM_Turf,0.006771022969069176
2016-06-13_PON_Turf,0.00034801394854052346
2016-06-13_TAR_Turf,0.0006128520802434528
2016-06-14_AIX_Turf,0.0023682784748804424
2016-06-14_CRO_Turf,0.0030962148588283313
2016-06-14_PET_Turf,0.002346999848715186
2016-06-16_CRA_Turf,0.003646120838537659
2016-06-16_SAI_Turf,0.006082682309311802
2016-06-17_CEP_Turf,0.0006314924638785367
2016-06-17_DEA_All Weather,0.0022084119592861236
2016-06-17_DEA_Turf,0.005202212382840495
2016-06-18_LYO_Turf,0.0015488986382416162
2016-06-19_CHA_Turf,0.0018139167862697852
2016-06-19_LLA_Turf,0.0030619241105777433
2016-06-20_CAG_Turf,0.0010422960618243393
2016-06-21_DAX_Turf,0.0009400024535461986
2016-06-21_DIE_Turf,0.004824909476982053
2016-06-21_LSO_Turf,0.0030929269068936047
2016-06-22_CHA_All Weather,0.002506482478084759
2016-06-22_CHA_Turf,0.004921482291321541
2016-06-23_LAT_Turf,-0.0008328445232168485
2016-06-24_DEA_All Weather,0.001643719390552098
2016-06-24_LAT_Turf_early,0.0013668402251787108
2016-06-24_LAT_Turf_late,0.0002192320924807199
2016-06-24_PON_All Weather,0.00021667637264111928
2016-06-25_COM_Turf,0.002517155086763654
2016-06-25_LAT_Turf,0.0003001139771828768
2016-06-26_AIX_Turf,0.0022068233728496462
2016-06-27_CRO_Turf,0.002165612158625603
2016-06-28_AIX_Turf,0.0020457447379568826
2016-06-28_SAI_Turf,0.0018374255094278863
2016-06-29_ARG_Turf,0.0003467029849179091
2016-06-29_MAI_Turf,0.0012076825050313053
2016-06-30_CAG_Turf_early,0.001110813493412367
2016-06-30_CAG_Turf_late,0.0005034197372608067
2016-06-30_DEA_Turf,0.0017325687992691106
2016-07-01_CLA_Turf,0.0032139933490042765
2016-07-02_AIX_Turf,0.0035406335749648505
2016-07-02_DEA_All Weather,0.0014012592623566516
2016-07-02_DEA_Turf,0.001843532519441994
2016-07-03_DAX_Turf,0.0013283962184437005
2016-07-03_SAI_Turf,-0.0004177422930199069
2016-07-04_MAI_Turf,0.0011081448657132233
2016-07-04_PET_Turf_early,0.001400013421617749
2016-07-04_PET_Turf_late,0.0009916800882844143
2016-07-05_LAT_Turf,0.0007410162506505996
2016-07-06_DEA_All Weather,0.001188242098889962
2016-07-07_CLA_Turf,0.001030032132819715
2016-07-07_DAX_Turf,0.0012341636853653453
2016-07-08_DEA_All Weather,0.000915441425613749
2016-07-08_DEA_Turf,0.001652871458619026
2016-07-09_CLA_Turf,0.0016663581182967454
2016-07-10_AIX_Turf_early,0.0029115500954870876
2016-07-10_AIX_Turf_late,0.002203080615114337
2016-07-10_CHA_Turf,0.00037047296746502427
2016-07-10_VIT_Turf,0.0010500154810194182
2016-07-11_COM_Turf,0.0014559211082119273
2016-07-12_DIE_Turf,0.0011731004764908234
2016-07-12_LAT_Turf,0.0018345982681499688
2016-07-13_CHA_All Weather,0.0007719987206219551
2016-07-13_CHA_Turf,0.0019649605803268807
2016-07-14_PLB_All Weather,0.0008435365505934253
2016-07-14_SAI_Turf,-0.0003022000385517455
2016-07-14_SEN_Turf,0.001138753596182555
2016-07-15_CHB_Turf,0.0032859261981005713
2016-07-15_PON_All Weather,0.001022512144294107
2016-07-16_LLA_Turf,-7.524767532130237e-05
2016-07-17_MAI_Turf,-8.082240159415716e-05
2016-07-17_S-M_Turf,0.0014196310197954968
2016-07-18_CHA_Turf,0.0012390581351992577
2016-07-19_COM_Turf,0.0010197325003775488
2016-07-20_BRA_Turf,0.000569613617146899
2016-07-20_MAR_Turf,0.0006959525857362656
2016-07-21_DEA_All Weather,0.0014618564349575508
2016-07-21_DEA_Turf,0.001093269048144448
2016-07-21_MAR_Turf,0.00018279571386795062
2016-07-22_CHA_Turf,0.0013074253369621638
2016-07-23_DIE_Turf,0.0011850608635937164
2016-07-23_LAT_Turf,0.0017452979217252916
2016-07-24_MAI_Turf,0.0004390173297294611
2016-07-24_VIC_Turf,0.0006734953978208548
2016-07-25_VIC_Turf,0.0002900803561638092
2016-07-26_LLA_Turf,5.957297734820745e-05
2016-07-26_VIC_Turf,-0.00033510620523539395
2016-07-27_VIC_Turf,0.0004997634347729884
2016-07-28_VIC_Turf,0.00046740737624739146
2016-07-29_LSO_Turf,0.0006118102406038634
2016-07-29_VIC_Turf_early,0.0010377913377710934
2016-07-29_VIC_Turf_late,-4.151632313287391e-05
2016-07-30_DEA_All Weather,0.0008361017156624285
2016-07-30_DEA_Turf,0.002163280642125307
2016-07-30_VIC_Turf_early,7.705646040112822e-05
2016-07-30_VIC_Turf_late,0.0014136543211024258
2016-07-31_DEA_Turf,0.00137364761157367
2016-08-01_CLA_Turf,0.002395676135864109
2016-08-02_DEA_All Weather,0.00040758502652203584
2016-08-02_DEA_Turf,0.004139685765824843
2016-08-02_LAT_Turf,0.0013875279481156846
2016-08-03_LAT_Turf,0.0009401929919867302
2016-08-04_CLA_Turf,0.003678176198728997
2016-08-04_VIC_Turf,0.00438403182809563
2016-08-05_DEA_All Weather,0.002159444768413251
2016-08-05_DEA_Turf,0.004286312248627926
2016-08-05_S-M_Turf,0.0033116420037396345
2016-08-06_VIC_Turf,0.002312086856034082
2016-08-07_DEA_All Weather,0.0008793705069277987
2016-08-07_DEA_Turf,0.0009805185539128781
2016-08-08_CLA_Turf,0.0016352982833999891
2016-08-08_VIC_Turf_early,8.691525425658823e-05
2016-08-08_VIC_Turf_late,0.001103327010532905
2016-08-09_DEA_All Weather,0.0006470563254637795
2016-08-09_DEA_Turf,0.0030126580949959574
2016-08-09_LSO_Turf,0.001651366256793885
2016-08-10_LAT_Turf,0.00014117454664007347
2016-08-11_DEA_All Weather,0.0005218160013767138
2016-08-11_DEA_Turf,0.0026399029242642324
2016-08-11_VIC_Turf,0.003077902165379729
2016-08-11_VY3_Turf,0.0012341526287459766
2016-08-12_CLA_Turf,0.00114215512900027
2016-08-12_MOU_Turf,0.00173560859797719
2016-08-13_DEA_All Weather,0.0017743448270737348
2016-08-13_DEA_Turf,0.0028996757911671847
2016-08-13_PLB_All Weather,0.0006929694316554863
2016-08-14_DEA_All Weather,0.0008077391670573493
2016-08-14_DEA_Turf,0.0007698442570388897
2016-08-14_LLA_Turf,0.00027291109753673913
2016-08-14_VIT_Turf,0.0009819988410539615
2016-08-15_DEA_Turf,0.0016597759438570462
2016-08-16_CHB_Turf,0.0027927191283587316
2016-08-16_VIC_Turf,0.0030030389304226447
2016-08-17_CLA_Turf,0.0006325040174472014
2016-08-18_DEA_All Weather,0.0009744732090979848
2016-08-18_DEA_Turf,0.0019656203184427656
2016-08-18_LAT_Turf,0.0006230901575128271
2016-08-18_VIC_Turf,0.0030529733663359013
2016-08-19_CLA_Turf,0.001716303900624361
2016-08-19_LAT_Turf,0.0013876939744601488
2016-08-20_DAX_Turf,0.002268789355099074
2016-08-20_DEA_Turf,0.002149210669091348
2016-08-20_LLA_Turf,0.0015586123386979371
2016-08-21_DEA_Turf,0.0014064053077653856
2016-08-22_CLA_Turf_early,4.583313028223372e-05
2016-08-22_CLA_Turf_late,0.000500239745301307
2016-08-23_DEA_All Weather,0.00044364588644869017
2016-08-23_DEA_Turf,0.003943108136187475
2016-08-24_S-M_Turf,0.00282557859499695
2016-08-24_VIC_Turf,0.002396978405095691
2016-08-25_CLA_Turf,0.0031900209499561975
2016-08-25_MOU_Turf,0.0014665707919815328
2016-08-26_S-M_Turf,0.0019032458211097152
2016-08-27_DEA_All Weather,0.0011700093001406197
2016-08-27_DEA_Turf,0.001532399496074016
2016-08-27_PLB_All Weather,0.0016033958889154504
2016-08-28_DEA_All Weather,0.001025602976431402
2016-08-28_DEA_Turf,0.0010013194043025798
2016-08-28_TOU_Turf,-0.00027782726896900746
2016-08-29_DEA_All Weather,0.0005768602685552538
2016-08-29_PLB_All Weather_early,0.0004527538908475236
2016-08-29_PLB_All Weather_late,0.0007217434698169413
2016-08-30_CLA_Turf,0.001422468275234292
2016-08-30_DAX_Turf,0.00010281991551763626
2016-08-31_DEA_All Weather,0.00044762794883432814
2016-08-31_DEA_Turf,0.003219702844913388
2016-09-01_CHA_All Weather,0.0019179901208657892
2016-09-01_CHA_Turf,0.0012336973915192421
2016-09-01_SAL_Turf,0.0018430390919158847
2016-09-02_FON_Turf,0.0019690117666466204
2016-09-03_CAG_Turf,0.0010697914001227362
2016-09-03_CRA_Turf,0.0017894963619272848
2016-09-04_DAX_Turf,0.002151275671915834
2016-09-04_EVX_Turf,0.002355711981143412
2016-09-04_SAI_Turf,-0.000148196937428947
2016-09-05_CRA_Turf,0.0014118603005102448
2016-09-05_HYE_Turf,-0.00024329332912010056
2016-09-06_BRA_Turf,0.0003279290750666559
2016-09-07_CRO_Turf,0.0007033229384707844
2016-09-07_MAR_Turf,0.00056538634875495
2016-09-08_CHA_Turf,0.0015526843967300769
2016-09-08_VIL_All Weather,0.0008602389441777655
2016-09-09_CHB_Turf,0.0037067845764977934
2016-09-09_SAI_Turf,0.00032806673494166944
2016-09-10_CEP_Turf,0.0013631436103513277
2016-09-11_CHA_Turf,0.0013820987365394948
2016-09-11_MAR_Turf,-0.00012397627126304627
2016-09-12_MAI_Turf,0.0010870001199285392
2016-09-13_FON_Turf_early,0.0006000856345595058
2016-09-13_FON_Turf_late,0.0017370786912595556
2016-09-14_LLA_Turf,0.002887356436959352
2016-09-14_SAI_Turf,-0.00010526137094887317
2016-09-15_LYO_Turf_early,0.0007942306297009661
2016-09-15_LYO_Turf_late,0.001591033715868922
2016-09-16_SAL_Turf,0.002436394246509547
2016-09-17_BOU_Turf,0.00148063642141695
2016-09-17_CAV_Turf,0.002214461270042903
2016-09-17_CHO_Turf,0.0032199920268721947
2016-09-17_MAI_Turf,0.003135396958293687
2016-09-18_COM_Turf,0.00253018531904776
2016-09-18_DAX_Turf,0.0026675795009806283
2016-09-18_STR_Turf,0.0036488166707099434
2016-09-19_CEP_Turf,0.000951944058256727
2016-09-19_SAI_Turf,0.0014499714931219922
2016-09-20_FON_Turf,0.0024017056177557095
2016-09-21_MAI_Turf_early,0.0005299544943245754
2016-09-21_MAI_Turf_late,0.0012751211293393525
2016-09-22_BRA_Turf_early,0.001463038537632533
2016-09-22_BRA_Turf_late,0.00031919409247816496
2016-09-22_SAI_Turf,0.0016450072947487558
2016-09-23_FON_Turf,0.001661973540349652
2016-09-23_PET_Turf,0.0012939992816370753
2016-09-24_CRA_Turf,0.001304087580526015
2016-09-25_CAV_Turf,0.0019802804958652972
2016-09-25_CRA_Turf,0.0006351105080012469
2016-09-25_DAX_Turf,0.0034517765049634965
2016-09-25_EVX_Turf,0.003155273899510759
2016-09-26_CRA_Turf,0.0003561446058118602
2016-09-26_HYE_Turf,-0.00013816801769557635
2016-09-26_MAI_Turf,0.0011793556749784611
2016-09-27_BOU_Turf,0.003397245776319267
2016-09-27_SAL_Turf,0.0024955055532888777
2016-09-28_MAN_Turf_early,0.001177912797725487
2016-09-28_MAN_Turf_late,0.0003136582917430355
2016-09-29_COM_Turf,0.002722808268860247
2016-09-29_LYO_Turf,0.000446264000168406
2016-09-30_SAI_Turf,0.0016326792416332496
2016-09-30_VIL_All Weather,0.00043342004492724905
2016-10-01_CHA_Turf,0.0015621437706659577
2016-10-01_MAR_Turf,0.0018359551256815147
2016-10-02_CHA_Turf,-0.0002535280678241659
2016-10-02_STR_Turf,0.002916332821817606
2016-10-03_ARG_Turf,0.0006176536174981766
2016-10-03_HYE_Turf,0.0006503664670908769
2016-10-03_MAI_Turf,0.0021869865175080994
2016-10-04_COM_Turf,0.004005414812871105
2016-10-04_SAL_Turf,0.0029560123941427346
2016-10-05_CEP_Turf,0.0006956129364029777
2016-10-05_SAI_Turf,0.0007697244514177057
2016-10-05_VIL_All Weather,0.0004234696454007878
2016-10-06_FON_Turf_early,0.0026048313356247274
2016-10-06_FON_Turf_late,0.0008301029061414008
2016-10-06_PET_Turf,0.003056050586087796
2016-10-07_ANG_Turf,0.0013954274020312881
2016-10-07_MAI_Turf,0.002576579066448826
2016-10-08_CHA_Turf,0.0018343305051452677
2016-10-08_PON_All Weather,0.0004948454776274378
2016-10-09_HYE_Turf,0.00045569482223813346
2016-10-10_COM_Turf,0.0024795276547469646
2016-10-11_BOU_Turf,0.0013460219573330847
2016-10-11_SAI_Turf,0.0015513505806602971
2016-10-12_CEP_Turf_early,0.0010355700439346315
2016-10-12_CEP_Turf_late,0.0002708137303544125
2016-10-12_CHA_All Weather,0.0006527101917019987
2016-10-12_CHA_Turf,0.0017346933533637977
2016-10-13_BOU_Turf,0.002973887113847936
2016-10-13_LYO_Turf,0.0025237322642464215
2016-10-14_MAI_Turf,0.0021738859937099515
2016-10-14_PON_All Weather,0.0011476991043015883
2016-10-15_PLB_All Weather,0.0008693131373878369
2016-10-15_SAL_Turf,0.0046918017527979704
2016-10-16_BRI_Turf,0.0016456285575542579
2016-10-16_CHA_All Weather,0.0015658794572600409
2016-10-16_CHA_Turf,0.0020655092479684002
2016-10-16_TAR_Turf,0.002734475699911205
2016-10-17_DEA_All Weather,0.0007848009371461286
2016-10-17_PET_Turf,0.003587235534009583
2016-10-18_CEP_Turf,0.0016540669524718673
2016-10-18_DEA_All Weather,0.0003787770989058399
2016-10-19_DEA_All Weather,0.0003419231385067488
2016-10-19_DEA_Turf,0.0009780696482541975
2016-10-20_DEA_All Weather,3.064543660613539e-05
2016-10-21_DEA_All Weather,5.568724394571544e-05
2016-10-21_MOU_Turf,0.004611566040437346
2016-10-22_CRO_Turf,0.002456097714823494
2016-10-23_CAV_Turf,0.0038698137810078527
2016-10-23_CHO_Turf,0.003605797567552991
2016-10-23_SAI_Turf,0.0019126634059322132
2016-10-23_TAR_Turf,0.002526189929296456
2016-10-24_CHA_All Weather,0.00027831360323405416
2016-10-25_LSO_Turf,0.0020555907039901643
2016-10-25_PON_All Weather,0.0005042930300749931
2016-10-26_PLB_All Weather,0.00037870098060163444
2016-10-26_SAI_Turf,0.004872075298108026
2016-10-26_STR_Turf,0.003177492961715834
2016-10-27_ANG_Turf,0.0036525974931205505
2016-10-27_CEP_Turf,0.005871710947755042
2016-10-27_MAI_Turf_early,0.0028540621045351315
2016-10-27_MAI_Turf_late,0.0024748301585069813
2016-10-28_COM_Turf,0.004771689550033231
2016-10-29_CHA_All Weather,0.0017737504128830285
2016-10-29_PET_Turf,0.002546851281785366
2016-10-30_AGE_Turf_early,-0.0007731489794196483
2016-10-30_AGE_Turf_late,0.0017691947724572173
2016-10-30_BRI_Turf,0.0014829767838792274
2016-10-30_SAI_Turf,0.0029944744547764353
2016-10-31_CAG_Turf,0.0028499134597570904
2016-10-31_CHA_All Weather,0.0013190709914709926
2016-11-01_AMI_Turf,0.0006239982931136043
2016-11-01_MAI_Turf,0.0031090690742360504
2016-11-02_PON_Turf,0.0002100287464066981
2016-11-03_CHA_All Weather,0.0020445656736964584
2016-11-04_BOU_Turf_early,0.0014785407543255664
2016-11-04_BOU_Turf_late,0.0005584711523028597
2016-11-04_LYO_Turf,0.004241970583718053
2016-11-05_CEP_Turf,0.0029791636386434198
2016-11-05_VIL_All Weather,0.0007286297546290247
2016-11-06_CAV_Turf,0.002633482204549305
2016-11-08_BOU_Turf,0.0031789507973235547
2016-11-08_PON_All Weather,0.0004317942257426414
2016-11-08_SAI_Turf,0.004637875030493049
2016-11-09_CHA_All Weather,0.0003374086768223169
2016-11-10_CRO_Turf,0.0033915281139922063
2016-11-10_PLB_All Weather,0.000726667320536466
2016-11-11_BRI_Turf,0.0035474454608380355
2016-11-11_CEP_Turf_early,0.0013934898179391191
2016-11-11_CEP_Turf_late,0.0029199651514680474
2016-11-11_STR_Turf,0.004206860658901729
2016-11-12_PON_All Weather,0.0008206872568952552
2016-11-12_SAI_Turf,0.006992414030079802
2016-11-13_CAG_Turf,0.0013335806070780376
2016-11-15_CHA_All Weather,0.001425866731077579
2016-11-16_ANG_Turf_early,0.0019100666154788994
2016-11-16_ANG_Turf_late,0.002733669152206126
2016-11-17_CEP_Turf,0.004431716974123817
2016-11-17_FON_Turf,0.003367546320839739
2016-11-18_SAI_Turf,0.008029756834026536
2016-11-18_VIL_All Weather,0.0004918692002266256
2016-11-19_CRO_Turf,0.006841555724232554
2016-11-19_LYO_Turf,0.009273764230057286
2016-11-20_AGE_Turf,0.0017291200276412981
2016-11-20_MAN_Turf,0.003731880608519633
2016-11-22_CHA_All Weather,0.001446984471887301
2016-11-22_PON_All Weather,0.0008218775368074246
2016-11-23_CEP_Turf,0.006009983157786717
2016-11-24_ANG_Turf,0.00515382288553649
2016-11-24_VIL_All Weather,0.0004585404348732188
2016-11-25_PON_All Weather,0.0016342350381533678
2016-11-25_SAI_Turf,0.008570943421093581
2016-11-26_BOU_Turf,0.0027691414970063793
2016-11-27_CAR_Turf,0.0030285651335525796
2016-11-28_DEA_All Weather,-0.0006663352535821283
2016-11-28_PLB_All Weather,0.0009853379199014829
2016-11-29_DEA_All Weather,-0.0008669560530872198
2016-11-30_DEA_All Weather,-6.239185921175733e-05
2016-12-01_VIL_All Weather,0.00068817095759426
2016-12-02_SAL_Turf,0.002432156846154913
2016-12-04_MAN_Turf_early,0.0012663719501888916
2016-12-04_MAN_Turf_late,0.0023543395442642357
2016-12-06_PON_All Weather,0.0008315762626540735
2016-12-07_DEA_All Weather,-0.00012822015095231482
2016-12-07_VIL_All Weather,0.0010005539400850427
2016-12-08_DEA_All Weather,-0.0003551937382283566
2016-12-08_VIL_All Weather,0.0004154358309628229
2016-12-08_VIL_Turf,0.000688336334234573
2016-12-11_CEP_Turf,0.0018805887502250558
2016-12-12_PLB_All Weather,0.0011352152943447562
2016-12-13_PON_All Weather,0.00026302817388409837
2016-12-14_DEA_All Weather,4.176431193408451e-05
2016-12-15_CEP_Turf_early,0.0013174603524664563
2016-12-15_CEP_Turf_late,0.0008942764910518947
2016-12-16_DEA_All Weather,-0.0002172601996655184
2016-12-16_PLB_All Weather_early,0.0008513568563869996
2016-12-16_PLB_All Weather_late,0.00019847136506685511
2016-12-17_DEA_All Weather,3.935588105291909e-05
2016-12-18_PAU_All Weather,0.00213513880469702
2016-12-19_DEA_All Weather,-0.00038242645986574835
2016-12-21_PAU_All Weather,0.0009363562946240145
2016-12-22_PON_All Weather_early,0.001136455490842568
2016-12-22_PON_All Weather_late,0.00040070925487461026
2016-12-26_DEA_All Weather,0.0005415405922597458
2016-12-28_DEA_All Weather,-0.00047209709182874485
2017-01-01_PAU_All Weather,0.002630358277483869
2017-01-02_DEA_All Weather,-0.00043103617834483487
2017-01-03_PLB_All Weather,0.0008407566586177423
2017-01-04_PAU_All Weather,0.002553668820806488
2017-01-04_PON_All Weather,0.0010671022441655297
2017-01-05_DEA_All Weather,-4.877613212523246e-05
2017-01-06_DEA_All Weather,0.0001645908810142885
2017-01-07_DEA_All Weather,2.9348680572433374e-05
2017-01-07_VIL_Turf,0.0006413865211430264
2017-01-08_CAR_Turf_early,0.0036637089509448124
2017-01-08_CAR_Turf_late,0.004458310047015266
2017-01-09_PAU_All Weather,0.0026049740457248596
2017-01-10_PON_All Weather,0.0015187367747640263
2017-01-11_PAU_All Weather,0.0012457479091337379
2017-01-12_PLB_All Weather,0.0003276241085704965
2017-01-14_CAG_All Weather,0.0015589104948340053
2017-01-16_CHA_All Weather,0.0014709343011106851
2017-01-17_CAG_All Weather,0.0010201689781675015
2017-01-17_PAU_All Weather,0.0031611277595932105
2017-01-18_CAG_All Weather,0.0018626970343292107
2017-01-19_PAU_All Weather,0.0016070728074421827
2017-01-19_PLB_All Weather_early,0.0008622777003713328
2017-01-19_PLB_All Weather_late,0.0014334903109418432
2017-01-20_CAG_Turf,0.0014457366960082176
2017-01-21_CAG_All Weather,0.0012010853484696986
2017-01-23_CAG_All Weather,0.0023462229304432544
2017-01-24_CAG_All Weather,0.0007370824182230285
2017-01-25_PAU_All Weather,0.0023624596817160095
2017-01-26_CAG_All Weather,0.00238987609787711
2017-01-26_CAG_Turf,0.0019235303255594855
2017-01-27_CHA_All Weather,0.0009551363559173799
2017-01-27_PAU_All Weather,0.0023177721679335877
2017-01-28_PLB_All Weather,0.0018518634841837693
2017-01-30_CAG_All Weather,0.0014078627409336078
2017-01-30_CAG_Turf,0.0017511521685033378
2017-01-31_PAU_All Weather,0.0012184075766752949
2017-02-01_CAG_All Weather,0.0013230599979791465
2017-02-01_CAG_Turf,0.0017844214419621978
2017-02-02_CHA_All Weather,0.0011647056440150098
2017-02-04_CAG_All Weather,0.0015076183785289262
2017-02-04_PAU_All Weather,0.0006584094037673144
2017-02-06_PON_All Weather,0.0009641329284994266
2017-02-07_PAU_All Weather,0.003917323773070836
2017-02-08_CAG_Turf_early,0.0032074555182210833
2017-02-08_CAG_Turf_late,0.002937801741801231
2017-02-09_CHA_All Weather,0.0009225995289612615
2017-02-11_CAG_Turf,0.004960858859245871
2017-02-11_CAR_Turf,0.00047918930567626667
2017-02-12_CAG_All Weather,0.0014419844752524354
2017-02-13_PLB_All Weather,0.0011526339203954035
2017-02-14_CEP_Turf,0.0024892562892736363
2017-02-14_CHA_All Weather,0.0012120936077655439
2017-02-15_CAG_All Weather,0.0010574147938079545
2017-02-15_MAR_Turf,0.0038780464032229845
2017-02-16_PON_All Weather,0.0006371788109607733
2017-02-17_CHA_All Weather,0.0005897901546869322
2017-02-18_CAG_All Weather,0.0017875508120138394
2017-02-19_VIL_All Weather,0.0007977828481667081
2017-02-20_CAG_All Weather,0.002356128452561815
2017-02-20_CAG_Turf,0.003543159697256041
2017-02-21_BOU_Turf,0.0026272047063336385
2017-02-21_VIL_All Weather,0.0006543102879185596
2017-02-22_CAG_All Weather,0.0008950259537870231
2017-02-23_CHA_All Weather,0.0009264021538687036
2017-02-24_CHA_All Weather_early,0.0013246892312689259
2017-02-24_CHA_All Weather_late,0.0005422608473491496
2017-02-25_CAG_All Weather,0.0011204807907397715
2017-02-25_CAG_Turf,0.00049650189092565
2017-02-27_CAG_All Weather,0.0008908242435604619
2017-02-27_CAG_Turf,8.598335731739909e-05
2017-02-27_MAR_Turf,0.0012291401613524254
2017-03-01_DEA_All Weather,0.00043557072961199515
2017-03-02_CHA_All Weather,0.0005864012197789371
2017-03-02_VIL_All Weather,0.0006696137138392991
2017-03-04_CEP_Turf,0.0027096967476812435
2017-03-05_BOU_Turf,0.0061762274850691076
2017-03-07_DEA_All Weather,0.0007821249270056301
2017-03-07_PET_Turf,0.0074311409651277895
2017-03-08_COM_Turf,0.008500927440727552
2017-03-08_PON_All Weather,0.000845312582386001
2017-03-09_FON_Turf,0.003822923648658251
2017-03-10_CHA_All Weather,0.001186854056783386
2017-03-11_CAR_Turf,0.0013669689842515584
2017-03-11_MAR_Turf,0.002179577730014912
2017-03-11_SAI_Turf,0.0031250837065422443
2017-03-12_AGE_Turf_early,0.0018745054518455808
2017-03-12_AGE_Turf_late,0.002618277098346507
2017-03-13_CEP_Turf,0.0025908916467793377
2017-03-13_COM_Turf,0.005429300874444003
2017-03-14_CHA_All Weather,0.00099839718131921
2017-03-15_AMI_Turf,0.0045932740790804024
2017-03-16_CHA_All Weather,0.0013574498554492387
2017-03-16_PON_All Weather,0.0008137334734227463
2017-03-17_FON_Turf,0.0021435683111697317
2017-03-18_CEP_Turf,0.0009497466311705673
2017-03-19_BRI_Turf,0.002338693312306823
2017-03-19_LYO_Turf,0.0005255674468001492
2017-03-19_MAR_Turf,0.0013107324652600228
2017-03-19_SAI_Turf,0.0019408064956987154
2017-03-20_COM_Turf,0.004278294168052745
2017-03-20_PON_All Weather,0.0001905992846152293
2017-03-21_CHA_All Weather,0.0008759754501698472
2017-03-22_CRO_Turf,0.005285328255293482
2017-03-23_SAI_Turf,0.0017751382570819034
2017-03-23_VIL_All Weather,0.0002588915392955841
2017-03-24_LAT_Turf,0.002964217799367555
2017-03-24_STR_Turf,0.004683093373416846
2017-03-26_MAL_Turf,0.0022279303582822584
2017-03-26_MAR_Turf,0.0035865460166650755
2017-03-27_COM_Turf,0.0036160576111790394
2017-03-27_LLA_Turf,0.00470048418984923
2017-03-28_PET_Turf,0.0022847569681880855
2017-03-28_PON_All Weather,0.000896853923561922
2017-03-28_SAI_Turf,0.0019915198847869804
2017-03-29_ARG_Turf,0.001169543043053018
2017-03-30_FON_Turf,0.003129515744389352
2017-03-31_MAI_Turf,0.0007049191867401283
2017-04-02_CAR_Turf,2.4960266427013194e-05
2017-04-02_SAI_Turf,-0.00010881565098666588
2017-04-03_CHA_All Weather,0.0008491787899464517
2017-04-03_MOU_Turf,0.00348049716111577
2017-04-04_CHA_All Weather,0.000750012225026223
2017-04-04_SAL_Turf,0.00064358961039277
2017-04-05_ARG_Turf,0.0023311788197812214
2017-04-06_SAI_Turf,0.0012093862242572799
2017-04-07_CEP_Turf,0.0011828268452357413
2017-04-07_COM_Turf,0.0036541589410326917
2017-04-08_BRA_Turf,-0.00042505393022456155
2017-04-08_PON_All Weather,0.0007364270936673116
2017-04-08_S-M_Turf,0.00032854149426258015
2017-04-09_CHA_All Weather,0.0006053148624337348
2017-04-09_CHA_Turf,0.00011511793623727612
2017-04-09_LIG_Turf,0.0006222361409369295
2017-04-10_MAI_Turf,0.0009990573348839142
2017-04-11_PET_Turf,0.0015505573489142477
2017-04-11_SAI_Turf,0.0011783338495721931
2017-04-11_TAR_Turf,0.0015894537463366474
2017-04-12_FON_Turf,0.001273253824532128
2017-04-13_PON_All Weather,0.001223257186965186
2017-04-14_LAT_Turf,0.0009233069710047549
2017-04-14_LYO_Turf,0.0008123743506873783
2017-04-15_BOU_Turf,0.0011644235332552428
2017-04-15_CAV_Turf_early,0.002358477566067068
2017-04-15_CAV_Turf_late,0.0032466644154159193
2017-04-15_MOU_Turf,0.0012481640694119846
2017-04-16_CHA_All Weather,0.0004116847766256275
2017-04-16_CHA_Turf,0.001044003275404601
2017-04-16_LLA_Turf,0.003656150604569527
2017-04-17_LLA_Turf,0.003283900563128193
2017-04-17_TAR_Turf,0.0006804691250312034
2017-04-18_CHO_Turf,0.0029181558793841622
2017-04-18_MAI_Turf_early,0.0008263245945720215
2017-04-18_MAI_Turf_late,0.0019023316726721722
2017-04-19_SAI_Turf,0.0009942833967808075
2017-04-20_CHA_All Weather,0.0008440439824522916
2017-04-20_CHA_Turf,0.0009570380613580331
2017-04-20_PET_Turf,0.0013870623620266778
2017-04-21_CEP_Turf,0.002860771908457311
2017-04-21_FON_Turf,0.0014521977563488107
2017-04-22_CAR_Turf,-3.4611392280584174e-05
2017-04-22_CHB_Turf,0.0020688660331772816
2017-04-22_PON_All Weather,0.001016447466877353
2017-04-23_AGL_Turf,-0.0006261098305215761
2017-04-23_DUR_Turf,0.0023065233905038645
2017-04-23_LYO_Turf,0.0008092848580430372
2017-04-23_MAR_Turf,0.0006484863079444857
2017-04-23_SAI_Turf,0.0020794793877938586
2017-04-23_STR_Turf,0.0010622416858303394
2017-04-24_COM_Turf,0.0022048674431801754
2017-04-25_BRA_Turf,0.00026160976924241027
2017-04-25_MAI_Turf,0.0013422819959979968
2017-04-27_SAL_Turf,0.0017200229656268355
2017-04-28_FON_Turf,0.0025111247512699005
2017-04-28_LAT_Turf,0.0005114605905354371
2017-04-29_CAV_Turf,0.0021283417724938915
2017-04-29_CEP_Turf,0.00030508416125585763
2017-04-29_LYO_Turf,0.0014611310637214457
2017-04-30_CHA_All Weather,0.0005658401449084482
2017-04-30_CHA_Turf,0.0008854512014446022
2017-05-01_SAI_Turf,0.0011732200309074992
2017-05-02_VIL_All Weather,0.0004706717124099835
2017-05-03_BRA_Turf,0.0009094250160134173
2017-05-03_CHA_All Weather,0.0003464469438856773
2017-05-03_CHA_Turf,0.0017461756962091712
2017-05-04_COM_Turf,0.0036708404971239252
2017-05-04_DAX_Turf,0.0012627909382795452
2017-05-06_BOU_Turf,0.0025354505256188326
2017-05-06_MAI_Turf,0.003462855438503063
2017-05-07_CHA_Turf,0.003484303068285599
2017-05-07_DUR_Turf,0.0033462518423274063
2017-05-08_SAI_Turf_early,0.0014786054394261105
2017-05-08_SAI_Turf_late,0.0007224151888514365
2017-05-08_SAL_Turf,0.0021142080105157114
2017-05-09_BOU_Turf,0.002118559289904191
2017-05-10_CHA_Turf,0.0015307387741418821
2017-05-10_LAT_Turf,0.00043027611198894584
2017-05-11_LYO_Turf_early,0.002161352243729253
2017-05-11_LYO_Turf_late,0.003491581416767055
2017-05-11_MAI_Turf,0.00010743556518252486
2017-05-12_LLA_Turf,0.0020868476172718597
2017-05-13_DEA_All Weather,0.0011371326805001
2017-05-13_DEA_Turf,0.002515400086466083
2017-05-13_STR_Turf,0.0028125491668485364
2017-05-14_ANG_Turf,0.0006000682029054851
2017-05-14_DEA_Turf_early,0.0039779604790957344
2017-05-14_DEA_Turf_late,0.0006227362175417106
2017-05-14_LIG_Turf,0.001380320169753863
2017-05-15_SAI_Turf,0.0017929671049239618
2017-05-15_SAL_Turf,0.001774567999527601
2017-05-16_CAG_Turf,0.00213073398629286
2017-05-17_MAI_Turf,0.0013838636371886245
2017-05-18_FON_Turf,0.0027747781708224884
2017-05-18_S-M_Turf,0.002982682019892309
2017-05-18_VIC_Turf,0.006541069842965087
2017-05-19_SAI_Turf,0.0036732604771024064
2017-05-21_SEN_Turf,0.002325656695785354
2017-05-22_CEP_Turf,0.0006647996016818763
2017-05-22_CHA_All Weather,0.0008624221308099209
2017-05-22_CHA_Turf_early,0.0017481533748800926
2017-05-22_CHA_Turf_late,0.0010946474836802092
2017-05-23_ANG_Turf,0.0006699578768700453
2017-05-23_SAI_Turf,0.0012580379403109227
2017-05-24_MAI_Turf,0.0003822276237506611
2017-05-25_BRI_Turf,0.00018135360159193497
2017-05-25_LLA_Turf,0.0015253640503756418
2017-05-25_LYO_Turf,0.00047270316938878847
2017-05-25_TAR_Turf,0.0016400082046820392
2017-05-26_LYO_Turf,0.0005783909166147453
2017-05-27_BOU_Turf,0.0003488625915879312
2017-05-27_CHB_Turf,0.0019968614848952277
2017-05-28_CHA_Turf,0.0015229067623725226
2017-05-28_DAX_Turf,0.0010374829899840773
2017-05-29_MAI_Turf,0.0006099652958790633
2017-05-29_SAL_Turf,0.002013324738168832
2017-05-30_AMI_Turf,-0.0017622177119420179
2017-05-30_STR_Turf_early,-0.00046971513788049337
2017-05-30_STR_Turf_late,0.0020373678836910305
2017-05-31_CHA_Turf,0.0012210475217823177
2017-06-01_FON_Turf,0.0012747210205327159
2017-06-01_LYO_Turf,0.0013437046324616157
2017-06-02_CEP_Turf,0.00196251612810038
2017-06-02_SAI_Turf,0.0009542951902117503
2017-06-03_MAI_Turf,0.0022867743434332533
2017-06-04_CHA_Turf,0.0007822051163512753
2017-06-05_SAL_Turf,0.002230559773298274
2017-06-06_PET_Turf,0.002095117227388935
2017-06-06_SAI_Turf,0.004945571611125774
2017-06-07_CLA_Turf,0.0009444080856464045
2017-06-07_LAT_Turf,0.0013361667493109817
2017-06-08_DIE_Turf,0.0032913925425390378
2017-06-09_CEP_Turf,0.0037228461025264944
2017-06-09_COM_Turf,0.0024092360747895837
2017-06-10_HYE_Turf,0.0009190277584313018
2017-06-10_MAI_Turf,0.0007672740455957575
2017-06-11_LYO_Turf,0.0001942385458610406
2017-06-12_COM_Turf,0.0016526320156285024
2017-06-12_PON_All Weather,0.0004394049483533618
2017-06-12_TAR_Turf,0.0006235399578576646
2017-06-13_AIX_Turf,0.0014104618844342446
2017-06-13_CRO_Turf,0.0011380615284809514
2017-06-13_PET_Turf,0.00014407938183638307
2017-06-15_CRA_Turf,0.00029659320338315423
2017-06-15_SAI_Turf,0.0012341608831458776
2017-06-16_CEP_Turf,0.0005823522327335068
2017-06-16_MAI_Turf_early,0.001707947005530516
2017-06-16_MAI_Turf_late,0.0003403768636516602
2017-06-17_CHA_All Weather,0.0012038179643830973
2017-06-17_CHA_Turf,0.0011983599919242476
2017-06-17_LYO_Turf,0.0011257878707039018
2017-06-17_PON_Turf,6.399609139766647e-05
2017-06-18_CHA_Turf,0.0006193966884821203
2017-06-18_LLA_Turf,0.0008058879003760941
2017-06-19_SAL_Turf,0.0026319405675989467
2017-06-20_DAX_Turf,9.78533891785932e-05
2017-06-20_DIE_Turf,0.0023683791690219695
2017-06-20_LSO_Turf,0.0007297979860923362
2017-06-21_MAI_Turf,0.0013859901661508252
2017-06-22_LAT_Turf,0.0004863294459618304
2017-06-23_CHA_All Weather,0.0012706873442538977
2017-06-23_CHA_Turf,0.0019005109446471999
2017-06-23_LAT_Turf,0.001217057349621934
2017-06-23_PON_All Weather,0.0010524800851141232
2017-06-24_COM_Turf_early,0.0015257417841730977
2017-06-24_COM_Turf_late,0.0005384300686437629
2017-06-24_LAT_Turf,-6.910208535089581e-06
2017-06-25_AIX_Turf_early,0.003657840477638991
2017-06-25_AIX_Turf_late,0.002476130370537669
2017-06-26_AIX_Turf,0.0013537516809356911
2017-06-26_SAI_Turf,0.0010409866593048779
2017-06-27_CRO_Turf,0.0009735381172763416
2017-06-28_ARG_Turf,0.0013931367705595863
2017-06-28_MAI_Turf,0.0007845880256989845
2017-06-29_DEA_All Weather_early,0.0006556043765945336
2017-06-29_DEA_All Weather_late,0.00018893538116694866
2017-06-29_SAL_Turf,0.003859048410125891
2017-06-30_CLA_Turf,0.0019591731891397553
2017-07-01_AIX_Turf,0.003116521617599463
2017-07-01_DEA_Turf,0.0028167278253774064
2017-07-01_PON_All Weather,0.0007378111889502359
2017-07-01_PON_Turf,-0.0001280202217085763
2017-07-02_DAX_Turf,0.0028532604826625994
2017-07-02_SAI_Turf,0.0002459728759359884
2017-07-03_MAI_Turf,0.0017479958247177848
2017-07-04_LAT_Turf,0.0021906615173197075
2017-07-05_DEA_All Weather,0.0010892881616501328
2017-07-05_DEA_Turf,0.000687579336673822
2017-07-06_CLA_Turf,0.0015089090326693506
2017-07-06_DAX_Turf,0.0005849911584203919
2017-07-07_DEA_Turf,0.0013449202631678153
2017-07-08_CLA_Turf,0.0012173106367276776
2017-07-08_PET_Turf_early,0.0004000134216177469
2017-07-08_PET_Turf_late,-0.0006291532450489193
2017-07-08_PON_All Weather,0.0003700996974869538
2017-07-08_PON_Turf,0.000133638948540521
2017-07-09_AIX_Turf,0.0028118147647127434
2017-07-09_CHA_Turf,0.0008167283953534162
2017-07-09_VIT_Turf,0.0011631193081255947
2017-07-10_COM_Turf,0.0032591174098172792
2017-07-11_DIE_Turf,0.0014643281904223944
2017-07-11_LAT_Turf,0.0017566484796803516
2017-07-12_CHB_Turf,0.0033192995096651954
2017-07-12_MAI_Turf,0.0020929732291760732
2017-07-13_PLB_All Weather,0.0011203834857151137
2017-07-13_PON_All Weather,0.0006661007223826837
2017-07-14_SAI_Turf,-0.00044263855898561336
2017-07-14_SEN_Turf,0.0022834466144458975
2017-07-15_LLA_Turf,0.0017997443509907823
2017-07-16_MAI_Turf,0.0008235711775823033
2017-07-16_S-M_Turf,0.00031585267897145484
2017-07-17_VIC_Turf,0.0010851049882835747
2017-07-18_VIC_Turf,-9.410907217959996e-05
2017-07-19_BRA_Turf,0.0005174547443879093
2017-07-19_MAR_Turf,-0.00022678611272927514
2017-07-19_VIC_Turf_early,0.0004305425668549058
2017-07-19_VIC_Turf_late,0.002175373737361384
2017-07-20_MAR_Turf_early,0.001407832322212043
2017-07-20_MAR_Turf_late,-2.5813058669666034e-05
2017-07-20_VIC_Turf,0.0019062571632679174
2017-07-21_VIC_Turf,0.0016061636875102535
2017-07-22_DIE_Turf,0.0026679394201110703
2017-07-23_LAT_Turf,0.0015975502058200508
2017-07-23_MAI_Turf,0.0006913446305986626
2017-07-23_TOU_Turf,0.002109754945950942
2017-07-24_CHA_Turf,0.0026065799823750254
2017-07-25_COM_Turf,0.0036916631456081874
2017-07-25_LLA_Turf,0.0025165831777264817
2017-07-26_VIC_Turf_early,0.0024809983405305823
2017-07-26_VIC_Turf_late,0.001228926141841916
2017-07-27_MAI_Turf,0.0008907426704539481
2017-07-28_CHA_Turf,0.001002713162783666
2017-07-28_LSO_Turf,0.0003432255922972342
2017-07-29_DEA_All Weather,0.00032181600137671406
2017-07-29_DEA_Turf,0.0008005110462165118
2017-07-29_VIC_Turf,0.0022151093859314906
2017-07-30_DEA_All Weather,0.0004890020858751697
2017-07-30_DEA_Turf,0.0012705368436045736
2017-07-31_CLA_Turf,0.0007648980774116802
2017-08-01_DEA_All Weather,-6.534177501010196e-05
2017-08-01_DEA_Turf,0.0016748338499374745
2017-08-01_LAT_Turf,0.001604287078332863
2017-08-02_LAT_Turf,0.0010703969381284065
2017-08-03_CLA_Turf,0.0004893627011617616
2017-08-03_VIC_Turf,0.0023252175547107843
2017-08-04_DEA_Turf,0.0020117730395226266
2017-08-04_S-M_Turf,0.0007213492174361347
2017-08-05_VIC_Turf,0.0033468439285768434
2017-08-06_DEA_All Weather,0.0006945503647708337
2017-08-06_DEA_Turf,0.00036672591142368076
2017-08-06_VIT_Turf,0.00047418220449716667
2017-08-07_CLA_Turf,0.0007144231996422395
2017-08-07_VIC_Turf,0.002043183350273277
2017-08-08_DEA_All Weather,0.0006022426724631443
2017-08-08_DEA_Turf,0.00228865860209551
2017-08-08_LSO_Turf,0.0014479913521558312
2017-08-09_LAT_Turf,0.001928486885712094
2017-08-10_DEA_All Weather,0.0015317421919484736
2017-08-10_DEA_Turf,0.0040129525845190046
2017-08-10_VIC_Turf,0.0035348181098973216
2017-08-11_CLA_Turf,0.001314825967070316
2017-08-11_MOU_Turf,0.0038313481654130544
2017-08-12_DEA_All Weather,0.0015737613962762316
2017-08-12_DEA_Turf,0.003448535002884664
2017-08-12_PLB_All Weather,0.000698340909832939
2017-08-13_DEA_All Weather,0.00216500313730309
2017-08-13_DEA_Turf,0.0017223059109603433
2017-08-13_LLA_Turf,0.0019363166587457357
2017-08-14_CLA_Turf,0.00059324527635661
2017-08-15_DEA_Turf,0.0011430942094464629
2017-08-15_VIC_Turf,0.001992219554722722
2017-08-16_CLA_Turf,0.0009583821606612145
2017-08-17_DEA_All Weather,0.0005859537385759477
2017-08-17_LAT_Turf,0.001040746192377226
2017-08-17_VIC_Turf,0.0034231787196908328
2017-08-18_CLA_Turf,0.0011388594312170903
2017-08-18_LAT_Turf,0.0017710159487637277
2017-08-19_DAX_Turf,0.0016234576882337261
2017-08-19_DEA_Turf,0.0012303471310088766
2017-08-19_LLA_Turf,0.0014750013692546682
2017-08-20_DEA_Turf,0.0005048307282307802
2017-08-21_CHB_Turf_early,0.00015680395719765798
2017-08-21_CHB_Turf_late,0.001457000909559968
2017-08-22_DEA_All Weather,0.00033773916705735047
2017-08-22_DEA_Turf,0.0027049682268243808
2017-08-23_S-M_Turf,0.0006169241276758806
2017-08-23_VIC_Turf,0.0008849924257097419
2017-08-24_CLA_Turf,0.0009194130173309802
2017-08-24_MOU_Turf,0.001986923335588979
2017-08-25_S-M_Turf,-2.1916339033185937e-05
2017-08-26_DEA_All Weather,0.0005377339395621829
2017-08-26_DEA_Turf,0.0009728262462205721
2017-08-26_PLB_All Weather,0.0010755249503411068
2017-08-27_DEA_All Weather,0.0006099187659050889
2017-08-27_DEA_Turf,0.0013894048780124096
2017-08-27_EVX_Turf,-0.0074564543068480075
2017-08-28_DEA_All Weather_early,0.00012560204783361605
2017-08-28_DEA_All Weather_late,0.0006363736073637601
2017-08-28_PLB_All Weather,0.0007830936025090092
2017-08-29_CLA_Turf,0.0007693008215126147
2017-08-29_DAX_Turf,0.002045454492337242
2017-08-30_DEA_All Weather,0.0006556513923061778
2017-08-30_DEA_Turf,0.0033425822458599567
2017-08-31_PON_All Weather,0.0010378111889502376
2017-08-31_PON_Turf,0.0005811389485405243
2017-08-31_SAI_Turf,0.0006100216513317953
2017-09-01_FON_Turf,0.0012051670353583053
2017-09-02_CAG_All Weather,0.002941322475587623
2017-09-02_CRA_Turf,0.0012312826950573227
2017-09-03_CHA_Turf_early,0.0029420195112675697
2017-09-03_CHA_Turf_late,0.0019534358303117992
2017-09-03_DAX_Turf,0.0028876994728112477
2017-09-04_CRA_Turf,0.0022523483704085727
2017-09-04_HYE_Turf,0.0018448250073148922
2017-09-05_BRA_Turf,0.0005968638992226543
2017-09-05_MAI_Turf,0.0024271218898775605
2017-09-06_CRO_Turf_early,0.0002498822151363322
2017-09-06_CRO_Turf_late,0.0007382980286075206
2017-09-06_MAR_Turf,0.0007054965456887041
2017-09-07_LYO_Turf,0.0005237551940758306
2017-09-08_CHB_Turf,0.0051341941047453885
2017-09-08_SAI_Turf,0.00013506708466681745
2017-09-09_BOU_Turf,0.003422749838837835
2017-09-10_CHA_Turf_early,0.0021628262599243855
2017-09-10_CHA_Turf_late,0.001568015664486899
2017-09-10_EVX_Turf,0.005328260423905391
2017-09-10_MAR_Turf,0.0017154520449781244
2017-09-11_MAI_Turf,0.002117911208505671
2017-09-12_FON_Turf,0.0009002828154546256
2017-09-13_CEP_Turf,0.001074310057002105
2017-09-13_LLA_Turf,0.003173159709410528
2017-09-13_SAI_Turf_early,0.0024526829129218612
2017-09-13_SAI_Turf_late,0.0036444218421874024
2017-09-14_LYO_Turf,0.0027205517531397605
2017-09-15_SAL_Turf,0.0025372196390305943
2017-09-16_BOU_Turf,0.005305806777929892
2017-09-16_CAV_Turf,0.0016592391249033943
2017-09-16_CHO_Turf,0.0031643568583580267
2017-09-16_MAI_Turf,0.0036051307005721444
2017-09-17_COM_Turf,0.004376502708463712
2017-09-17_DAX_Turf,0.005662652454117802
2017-09-17_STR_Turf,0.0035254609900590783
2017-09-18_HYE_Turf,0.0025939324970446188
2017-09-18_SAI_Turf_early,0.0026400444787692805
2017-09-18_SAI_Turf_late,0.0034954574751761497
2017-09-19_FON_Turf_early,0.0007809777187928595
2017-09-19_FON_Turf_late,0.00163965299682813
2017-09-20_MAI_Turf,0.0027614781090203786
2017-09-21_BRA_Turf,0.0026253491003775985
2017-09-21_SAI_Turf,0.003945868843794879
2017-09-22_FON_Turf,0.0020055791607512586
2017-09-22_PET_Turf,0.0007112939619251144
2017-09-23_CRA_Turf,0.001987849629700648
2017-09-24_BRA_Turf,0.0026414462752318924
2017-09-24_CAV_Turf,0.0021604105645039082
2017-09-24_CRA_Turf,0.0019718307944999076
2017-09-24_DAX_Turf_early,0.0013713729675835964
2017-09-24_DAX_Turf_late,0.0016887279804800816
2017-09-24_PDF_Turf,0.0005132256755165206
2017-09-25_CRA_Turf,0.002973583806656629
2017-09-25_HYE_Turf,0.0010116965569721484
2017-09-25_MAI_Turf,0.0024884062216255446
2017-09-26_BOU_Turf,0.0028297414117719587
2017-09-26_SAL_Turf,0.003499502922982119
2017-09-27_MAN_Turf_early,-3.2733177683321933e-05
2017-09-27_MAN_Turf_late,0.0011749435696163948
2017-09-28_COM_Turf,0.0017595356798341285
2017-09-28_LYO_Turf,0.001503233544015308
2017-09-29_SAI_Turf_early,0.003224371269262889
2017-09-29_SAI_Turf_late,0.001190660776798475
2017-09-30_CHA_Turf,0.0029488630890192333
2017-09-30_MAR_Turf,0.0009744979079234734
2017-09-30_VIL_All Weather,0.00013183933477922363
2017-10-01_CHA_Turf,0.0014973859741169852
2017-10-01_STR_Turf,0.002824252780171427
2017-10-02_ARG_Turf,0.00015890281649100517
2017-10-02_HYE_Turf,0.0035264395908064902
2017-10-02_MAI_Turf_early,0.0010620092922652114
2017-10-02_MAI_Turf_late,0.0021686227332174393
2017-10-03_BOR_Turf,0.002292443672257856
2017-10-03_COM_Turf,0.004902416732026351
2017-10-04_CEP_Turf,0.001053087717856467
2017-10-04_SAI_Turf,0.003631075231308042
2017-10-04_VIL_All Weather,0.00012441474775969115
2017-10-05_FON_Turf,0.0014940834498758386
2017-10-05_PET_Turf,0.0011765395660108837
2017-10-06_ANG_Turf,0.0008384229066385624
2017-10-06_MAI_Turf,0.004232597681814796
2017-10-07_CHA_Turf,0.0026089062133082277
2017-10-07_PON_All Weather,-5.857120573890223e-05
2017-10-08_AGE_Turf,-0.00028856361542335944
2017-10-08_HYE_Turf,0.001920537266031085
2017-10-09_COM_Turf,0.004425095786827742
2017-10-10_BOU_Turf,0.0014821502245962535
2017-10-10_SAI_Turf_early,0.0013064714402245133
2017-10-10_SAI_Turf_late,0.0022887981510906876
2017-10-11_CEP_Turf,0.0018977508475546776
2017-10-11_CHA_All Weather,0.00026910105846448694
2017-10-11_CHA_Turf,0.002615051580210475
2017-10-12_BOU_Turf,0.0011130161989943662
2017-10-12_LYO_Turf,2.8326673332425887e-05
2017-10-13_MAI_Turf,0.0013421734010256126
2017-10-13_PON_All Weather,0.0001342580003486727
2017-10-14_BOR_Turf,0.003113489192602614
2017-10-14_PLB_All Weather,0.0007797462864310759
2017-10-15_BRA_Turf,0.0027135867944935326
2017-10-15_BRI_Turf,0.000866405905370273
2017-10-15_CHA_Turf,0.0012747805541334586
2017-10-15_HYE_Turf,0.0012386775823783698
2017-10-15_TAR_Turf,0.00031218617750641543
2017-10-16_CLA_Turf,0.0030144278217172408
2017-10-17_CEP_Turf,0.0016849720527712683
2017-10-17_DEA_All Weather,-0.0005299233682742179
2017-10-17_DEA_Turf,0.0029383565986435462
2017-10-18_DEA_All Weather,0.000593209571360062
2017-10-18_DEA_Turf,0.0027134633647985253
2017-10-19_DEA_All Weather,0.0006427386786173819
2017-10-19_DEA_Turf,0.0023252028545308317
2017-10-20_CLA_Turf,0.004737075887073209
2017-10-20_MOU_Turf,0.0013533790342968432
2017-10-21_CHA_All Weather,0.00046234265558729005
2017-10-21_CRO_Turf,0.0018294206048543751
2017-10-22_CAV_Turf,0.0019475182749199025
2017-10-22_CHO_Turf,0.0037146966046013013
2017-10-22_SAI_Turf,0.0018205061362505256
2017-10-22_TAR_Turf,0.002467148917792063
2017-10-23_CHA_All Weather,0.0004605747683579851
2017-10-24_COM_Turf,0.0066777316612726435
2017-10-24_PON_All Weather,-0.0001992058132255869
2017-10-25_SAI_Turf,0.0036384346957444138
2017-10-25_STR_Turf,0.0030683056826159055
2017-10-25_VIL_All Weather,-7.593458240007478e-06
2017-10-26_ANG_Turf,0.0016386173733496385
2017-10-26_CEP_Turf,0.003562215826093109
2017-10-26_MAI_Turf,0.002752465005501897
2017-10-27_LSO_Turf,0.001113443184112472
2017-10-28_PET_Turf,0.001763052494914804
2017-10-29_AGE_Turf,0.001423576784098627
2017-10-29_BRI_Turf,0.0013458789353148401
2017-10-30_BOR_Turf,0.0023494912878821443
2017-10-30_CHA_All Weather,0.0017995507116339703
2017-10-31_CHA_All Weather,0.0012681711953863128
2017-10-31_CHA_Turf,0.0032362470289288405
2017-10-31_PON_All Weather,0.0004096936504519895
2017-11-01_AMI_Turf,0.0006554607342754002
2017-11-01_LYO_Turf,0.0013826306792573805
2017-11-01_MAI_Turf,0.0018162746295011117
2017-11-03_BOU_Turf,0.0005128996958600939
2017-11-03_LYO_Turf,0.0011463930646205287
2017-11-04_CEP_Turf,0.00018738654240763137
2017-11-04_VIL_All Weather,-0.0006642505405181741
2017-11-05_CAV_Turf,0.004682745465265881
2017-11-06_CRO_Turf,0.0047807608613484
2017-11-07_BOU_Turf,0.003453966073501254
2017-11-07_PON_All Weather,1.644482385108779e-05
2017-11-07_SAI_Turf,0.0025622430501383645
2017-11-08_CHA_All Weather,0.0011307348762293183
2017-11-09_CHA_All Weather,0.0007303720690912185
2017-11-09_PLB_All Weather,0.000693818416993957
2017-11-10_SAI_Turf,0.0031639356885434
2017-11-11_AMI_Turf_early,0.002322073194820841
2017-11-11_AMI_Turf_late,0.003455998746709692
2017-11-11_BRI_Turf,0.004978572651138566
2017-11-11_CEP_Turf,0.001056294449622289
2017-11-11_STR_Turf,0.008283775684494626
2017-11-12_BOR_Turf,0.0011068308253841424
2017-11-13_CHA_All Weather,0.0007919122193704257
2017-11-14_PON_All Weather,1.4129547887886565e-05
2017-11-15_ANG_Turf,0.002317075215207164
2017-11-16_FON_Turf,0.002615065950416444
2017-11-17_CEP_Turf,0.001075593952442715
2017-11-17_PET_Turf,0.0021592011460439026
2017-11-17_SAI_Turf,0.0056441389795172155
2017-11-18_CRO_Turf,0.007207251345033956
2017-11-18_LYO_Turf,0.003271611785816022
2017-11-19_MAN_Turf,0.0013927119966380816
2017-11-20_AGE_Turf,0.0013836077773371096
2017-11-21_CHA_All Weather,0.0007456994031414352
2017-11-21_PON_All Weather,-0.00042480866315415826
2017-11-22_CEP_Turf,0.0014373065133253956
2017-11-23_ANG_Turf,0.003129166782655051
2017-11-23_VIL_All Weather,-0.0002722390656593517
2017-11-24_PON_All Weather,0.0003699520423106686
2017-11-24_SAI_Turf,0.00916836287436053
2017-11-25_BOU_Turf,0.004153994607998839
2017-11-25_CRO_Turf,0.008579792936381773
2017-11-26_CAR_Turf,0.0011076971731175064
2017-11-27_DEA_All Weather,0.0008318301040949172
2017-11-27_PLB_All Weather,0.0005442767137046257
2017-11-28_DEA_All Weather,0.0003044525736937547
2017-11-29_CEP_Turf,0.0011647015895751493
2017-11-29_DEA_All Weather,0.00012546879475589036
2017-11-30_VIL_All Weather,-3.0484246923965173e-05
2017-12-01_SAL_Turf,0.002349879685527847
2017-12-03_MAN_Turf,0.0031632797300055904
2017-12-05_DEA_All Weather_early,0.0008106582441008584
2017-12-05_DEA_All Weather_late,0.00025279543805013625
2017-12-05_PON_All Weather,4.89608534410809e-05
2017-12-06_DEA_All Weather_early,0.00027927506917004827
2017-12-06_DEA_All Weather_late,0.0008999331667943683
2017-12-07_VIL_All Weather,0.0005018993302828616
2017-12-08_VIL_All Weather,0.0010173955947353958
2017-12-09_CRO_Turf,0.010482278856463183
2017-12-10_CEP_Turf,0.002846554683258173
2017-12-11_PLB_All Weather,0.0013600575974779762
2017-12-12_PON_All Weather,-4.8232355086959726e-06
2017-12-14_CEP_Turf,0.004743209174590319
2017-12-14_DEA_All Weather,0.0005017669394916715
2017-12-15_DEA_All Weather,0.0001653593406409396
2017-12-16_CAR_Turf,0.0017962856951222641
2017-12-16_DEA_All Weather,0.0004484918689798436
2017-12-16_VIL_All Weather,0.0008448149483548849
2017-12-17_PAU_All Weather,0.0007370705082319256
2017-12-18_PLB_All Weather,0.0004444604030494662
2017-12-19_CHA_All Weather,0.00034407724369718963
2017-12-20_PAU_All Weather,0.0006820751427050664
2017-12-21_PON_All Weather,0.00027321229847063764
2017-12-26_DEA_All Weather,0.00024262609217428618
2017-12-28_PLB_All Weather,0.0005427155453406531
2018-01-01_PAU_All Weather,0.0016705491266366846
2018-01-02_PLB_All Weather,0.0009126500517761891
2018-01-03_PAU_All Weather,0.0006689615651587743
2018-01-03_PON_All Weather,0.00017932197175108872
2018-01-04_DEA_All Weather_early,0.0011758330955116817
2018-01-04_DEA_All Weather_late,0.0002579147101913936
2018-01-05_DEA_All Weather_early,-0.00015466243164212476
2018-01-05_DEA_All Weather_late,0.0004891427562767463
2018-01-06_CHA_All Weather,0.0006993268729084569
2018-01-06_VIL_All Weather,0.0013275666778319072
2018-01-07_CAR_Turf,0.012186001712702031
2018-01-08_PAU_All Weather,0.0004710604356273654
2018-01-08_PON_All Weather,0.0007279864205500118
2018-01-10_PAU_All Weather,0.0006051520657819903
2018-01-11_PLB_All Weather,0.0003703058174282248
2018-01-13_CAG_All Weather,0.001284278426933134
2018-01-15_CHA_All Weather,0.0011177417872410024
2018-01-16_CAG_All Weather,0.0011188548535208225
2018-01-16_PAU_All Weather,0.0008162985308654613
2018-01-17_CAG_All Weather,0.000777750554276757
2018-01-18_PAU_All Weather,0.0008368907994892247
2018-01-18_PLB_All Weather,0.0003517226191195776
2018-01-19_CAG_Turf,0.0018418716399653209
2018-01-20_CAG_All Weather,0.0007396902075644441
2018-01-22_CAG_All Weather,0.0005985802342888912
2018-01-23_CAG_All Weather,0.00021227214132651888
2018-01-24_PAU_All Weather,0.0004921105975866195
2018-01-25_CAG_Turf,0.001529283903566861
2018-01-26_CHA_All Weather,0.0017119998665302621
2018-01-26_PAU_All Weather,0.0007014477171599576
2018-01-27_PLB_All Weather,0.0003168442391152147
2018-01-29_CAG_All Weather,0.0006547009421025189
2018-01-29_CAG_Turf,0.003574882919434048
2018-01-30_PAU_All Weather,0.0002579038415652624
2018-01-31_CAG_All Weather,0.0005488525631192954
2018-01-31_CAG_Turf,0.0030822904929797734
2018-02-01_CHA_All Weather,0.000926568295959323
2018-02-03_CAG_All Weather_early,0.0011811871243367275
2018-02-03_CAG_All Weather_late,0.00011083277942529523
2018-02-03_PAU_All Weather,0.00037261596611453567
2018-02-05_PON_All Weather,0.0004448576986900003
2018-02-06_PAU_All Weather,0.00239839889660347
2018-02-07_CAG_Turf,0.004250884334418191
2018-02-08_CHA_All Weather,0.0007490181993581988
2018-02-10_CAG_All Weather,0.0016402013169630103
2018-02-10_CAG_Turf,0.003603263373966558
2018-02-10_CAR_Turf,0.010539483807925208
2018-02-11_CAG_All Weather,0.0006991370964992971
2018-02-11_CAG_Turf,0.002932751964417775
2018-02-12_PLB_All Weather,0.0003860056056618145
2018-02-13_CEP_Turf,0.006367704529680743
2018-02-13_CHA_All Weather,0.0009700955310625147
2018-02-14_CAG_All Weather,0.0003977964766681637
2018-02-14_MAR_Turf,0.004808802287974482
2018-02-15_PON_All Weather,0.000401944823851087
2018-02-16_CHA_All Weather,0.0004691196685157177
2018-02-17_CAG_All Weather,0.0005537587704836725
2018-02-18_VIL_All Weather,0.0009545451634337092
2018-02-19_CAG_All Weather,0.00032663709649929825
2018-02-19_CAG_Turf,0.004382911982207888
2018-02-20_VIL_All Weather,0.0014365700166419255
2018-02-21_CAG_All Weather,0.0006161021846700964
2018-02-22_CHA_All Weather,0.0003933971257110945
2018-02-23_CHA_All Weather,0.00030181521474654616
2018-02-24_BOU_Turf,0.005923922928128812
2018-02-24_CAG_All Weather,0.00017428525679263679
2018-02-26_BOR_Turf,0.002314768836504933
2018-02-26_MAR_Turf,0.004562396932521379
2018-03-01_DEA_All Weather,0.0017592304762564836
2018-03-01_VIL_All Weather,0.0010653421225960056
2018-03-02_DEA_All Weather,0.0012979866482388561
2018-03-03_BOU_Turf,0.009075283737915016
2018-03-04_PLB_All Weather,0.0009277926570721097
2018-03-06_CHA_All Weather,6.743313130883162e-05
2018-03-06_PET_Turf_early,0.003662192935326542
2018-03-06_PET_Turf_late,0.0051007107030422464
2018-03-07_CEP_Turf,0.0039474160065436715
2018-03-07_COM_Turf,0.010607378043966765
2018-03-08_FON_Turf,0.0035714221389311395
2018-03-08_PON_All Weather,0.00042056340174778125
2018-03-09_CHA_All Weather,0.0009952403688539056
2018-03-11_BRI_Turf,0.007642070659679148
2018-03-11_SAI_Turf,0.009069992104142
2018-03-12_CEP_Turf,0.0030473451819489337
2018-03-12_COM_Turf,0.011925417524903045
2018-03-13_CHA_All Weather,0.0006000263509433165
2018-03-14_AMI_Turf_early,0.0035272998136532574
2018-03-14_AMI_Turf_late,0.006676587211780337
2018-03-15_CHA_All Weather,0.0008794912315562436
2018-03-15_PON_All Weather,0.0006374206357529364
2018-03-16_FON_Turf,0.004195073136227987
2018-03-17_CAR_Turf,0.001698848963219063
2018-03-17_CEP_Turf,0.0006462957311162216
2018-03-18_LYO_Turf,0.009204388942634041
2018-03-19_COM_Turf,0.011254682517828008
2018-03-19_PON_All Weather,5.3328273734537446e-05
2018-03-20_CHA_All Weather,0.0002742512511784641
2018-03-21_CRO_Turf,0.004157127855921834
2018-03-22_FON_Turf,0.0033948853383377097
2018-03-22_VIL_All Weather,0.0006572079925959669
2018-03-23_LAT_Turf,0.004225891701569166
2018-03-23_STR_Turf,0.006420117697931297
2018-03-24_PLB_All Weather,0.00012678356225182864
2018-03-25_MAL_Turf,0.0035140452601852084
2018-03-25_MAR_Turf,0.006047992842508584
2018-03-26_CHA_All Weather,0.0003394039113390061
2018-03-26_LLA_Turf,0.008458261286087978
2018-03-27_PON_All Weather,0.0009822817496403756
2018-03-27_SAI_Turf,0.011838544388067189
2018-03-28_ARG_Turf,0.007100621050896171
2018-03-29_PET_Turf,0.010339949524073123
2018-03-30_BOU_Turf,0.01095343283398106
2018-03-30_FON_Turf,0.005338614794090809
2018-03-31_CHA_All Weather,0.00010144715226398673
2018-03-31_CHA_Turf,0.007642163815515903
2018-04-02_DUR_Turf,0.004430106104026593
2018-04-02_SAI_Turf,0.007354388679139305
2018-04-02_TAR_Turf,0.005379811184591447
2018-04-03_CHA_All Weather,8.043133607684474e-05
2018-04-03_CHA_Turf,0.0076426657679827485
2018-04-04_MOU_Turf,0.0038004489924511596
2018-04-05_CEP_Turf,0.0013153651893120595
2018-04-05_SAI_Turf,0.00982303016048659
2018-04-06_COM_Turf,0.005610211787280168
2018-04-06_SAL_Turf_early,0.002720350979461618
2018-04-06_SAL_Turf_late,0.0012912408044699036
2018-04-07_BRA_Turf,0.005780065132654622
2018-04-07_CAR_Turf,0.0012248514506478052
2018-04-07_PON_All Weather,0.0004214340469142734
2018-04-08_LIG_Turf,0.0020263527036718104
2018-04-08_LON_Turf,0.006163625541953043
2018-04-09_DEA_Turf,0.008343516967588784
2018-04-09_TAR_Turf,0.005596075756834534
2018-04-10_PLB_All Weather,0.00026575993675924414
2018-04-11_LON_Turf,0.007591552704769551
2018-04-11_MAR_Turf,0.003945718309033657
2018-04-12_BOR_Turf,0.001258193479045594
2018-04-13_CHA_All Weather,0.0006936339696732242
2018-04-13_LAT_Turf,0.0031067132906063446
2018-04-13_LYO_Turf,0.0021785048910301654
2018-04-14_BOU_Turf,0.009881536731335886
2018-04-14_SAI_Turf,0.005185252452668168
2018-04-15_LON_Turf,0.005485532839103101
2018-04-15_S-M_Turf,0.006109460372393764
2018-04-16_CHA_All Weather,0.00034368927574145234
2018-04-16_CHA_Turf,0.004493592858023812
2018-04-16_MOU_Turf,0.0020680831374753736
2018-04-17_MAI_Turf,0.003527461271695336
2018-04-18_CHO_Turf,0.009856012661708791
2018-04-19_CHB_Turf,0.005450165730065986
2018-04-19_LON_Turf,0.003386408180050744
2018-04-20_BRA_Turf_early,0.0006117564863504836
2018-04-20_BRA_Turf_late,-2.4052467057996546e-05
2018-04-20_CEP_Turf,0.0020700342747809655
2018-04-21_FON_Turf,0.0011184261733601507
2018-04-21_PET_Turf,0.001995875690898984
2018-04-21_PON_All Weather,0.0001950375299470986
2018-04-22_BOU_Turf,0.0020952157751747227
2018-04-22_DUR_Turf,0.00010799046641076224
2018-04-22_LYO_Turf,0.0018625524985952779
2018-04-22_STR_Turf,-2.431528951873033e-05
2018-04-23_COM_Turf,0.0013359811951803458
2018-04-24_LON_Turf,0.002129798165008718
2018-04-25_MAI_Turf_early,0.0013164141652834145
2018-04-25_MAI_Turf_late,2.3175259672752547e-05
2018-04-26_VIL_All Weather,0.0006693779840320299
2018-04-27_BOR_Turf,0.0018830526478539485
2018-04-27_CHA_All Weather,0.0016228741214201435
2018-04-27_CHA_Turf,0.00046417300884909893
2018-04-27_LAT_Turf,0.00048696154237034005
2018-04-28_CAV_Turf_early,0.0020916535693064546
2018-04-28_CAV_Turf_late,0.0004803619349709116
2018-04-28_CEP_Turf,0.00017714171362712307
2018-04-28_LYO_Turf,0.002288869313750727
2018-04-29_CAR_Turf,0.0017188748444960217
2018-04-29_LLA_Turf,0.002930810149975612
2018-04-29_LON_Turf,0.0002934723659300266
2018-04-30_ARG_Turf,0.0034066609560832765
2018-04-30_BOU_Turf,0.003600171271557171
2018-05-01_SAI_Turf,0.0016245597155524788
2018-05-02_BRA_Turf,0.0008871511277653956
2018-05-02_CHA_All Weather,0.0009035760747703603
2018-05-02_CHA_Turf,0.0024363272413905216
2018-05-03_BOR_Turf,0.0027094464735929304
2018-05-03_LON_Turf,0.00248204179364201
2018-05-05_BOU_Turf,0.0011229539680153817
2018-05-05_MAI_Turf_early,0.0009263786876699422
2018-05-05_MAI_Turf_late,0.0002511661626924121
2018-05-06_DUR_Turf,-0.0004673000851723653
2018-05-06_LON_Turf,0.0005395900352134767
2018-05-07_CHA_All Weather,0.0015861033589511825
2018-05-07_CHA_Turf,0.0008354395157392544
2018-05-08_LAT_Turf,0.000674700301862939
2018-05-08_SAI_Turf,0.00012092633237624023
2018-05-09_MAI_Turf,0.0012465775402467302
2018-05-10_BRI_Turf,4.4216850793539174e-05
2018-05-10_LLA_Turf,0.0014632338697561816
2018-05-10_LYO_Turf,0.0006331972201995649
2018-05-10_TAR_Turf,0.00282589237321899
2018-05-11_CHA_Turf,0.0012886394084916672
2018-05-12_STR_Turf,0.0009031019981500429
2018-05-13_ANG_Turf,0.0016811944162310067
2018-05-13_LON_Turf,0.0011693207347124224
2018-05-14_SAI_Turf,0.0017890201524314415
2018-05-14_SAL_Turf,0.0025446074217359946
2018-05-15_BOR_Turf,0.003546976433043143
2018-05-16_MAI_Turf,0.0015266578804555668
2018-05-17_DAX_Turf,0.0009686710138306334
2018-05-17_LON_Turf,0.0021985352350858923
2018-05-17_S-M_Turf,0.0004914849486363047
2018-05-18_CHA_Turf,0.0012899043602092083
2018-05-19_HYE_Turf,0.0015188781438449492
2018-05-21_SAI_Turf,0.00024395544571404073
2018-05-21_SAL_Turf_early,0.0015631178715467323
2018-05-21_SAL_Turf_late,0.0009024436884433961
2018-05-22_MAI_Turf,-0.00015533963685947658
2018-05-22_VIC_Turf,0.002553051160488683
2018-05-23_LLA_Turf,0.0009333637251637032
2018-05-24_ANG_Turf,0.00158143491434222
2018-05-24_LON_Turf_early,0.000959919935252118
2018-05-24_LON_Turf_late,0.001792118683365917
2018-05-24_LYO_Turf,0.002452647393193886
2018-05-25_CHB_Turf,0.003743449204709537
2018-05-25_LYO_Turf,0.002322820609991984
2018-05-26_BOU_Turf,0.0015100561612330535
2018-05-26_CAR_Turf,0.0037594434802709314
2018-05-26_CAV_Turf,0.001421300826313928
2018-05-27_DAX_Turf,0.004394283860772552
2018-05-27_LON_Turf_early,0.0012519101703196147
2018-05-27_LON_Turf_late,0.000593307553787407
2018-05-28_CEP_Turf,0.0031097531282340005
2018-05-28_SAI_Turf,0.0014557069876826266
2018-05-29_AMI_Turf_early,0.0010519927266475937
2018-05-29_AMI_Turf_late,0.0018652827052144541
2018-05-29_STR_Turf,0.00030163487373623306
2018-05-30_FON_Turf,0.00085783122369812
2018-05-31_LON_Turf,0.003063206036873165
2018-05-31_LYO_Turf,0.005011218002934968
2018-06-01_CEP_Turf_early,0.0018995537014538225
2018-06-01_CEP_Turf_late,0.005708902752149933
2018-06-01_MAI_Turf,0.0015703689136595915
2018-06-02_LON_Turf,0.002438960963732942
2018-06-03_CHA_Turf,0.0011207332590332513
2018-06-04_SAL_Turf,0.0013469140049313414
2018-06-05_PET_Turf,0.0008083389567426214
2018-06-06_CRO_Turf,0.000301097777571818
2018-06-06_LAT_Turf,0.0011469367701678471
2018-06-07_DIE_Turf,0.002095663750326106
2018-06-07_LON_Turf,0.00412465194561349
2018-06-08_CEP_Turf,0.002289735435198625
2018-06-08_COM_Turf,0.0015760401655415333
2018-06-10_LON_Turf,0.0007830746556192373
2018-06-10_LYO_Turf,0.001602830197730803
2018-06-11_BOR_Turf,0.0013770103919192272
2018-06-11_MAI_Turf,0.0017909841679621386
2018-06-11_TAR_Turf,0.006556597016796603
2018-06-12_AIX_Turf,0.0014288901052299857
2018-06-12_DIE_Turf,0.0011709020120878463
2018-06-12_PET_Turf,0.00520067787406186
2018-06-14_CRA_Turf,0.0017472679598768176
2018-06-14_LON_Turf,0.002304523883513412
2018-06-15_CEP_Turf,0.0015182565259401635
2018-06-15_SAI_Turf,0.0014826809371349255
2018-06-16_LYO_Turf_early,0.0002571327811365813
2018-06-16_LYO_Turf_late,0.0016011666709365364
2018-06-16_MAI_Turf,0.001513778478599781
2018-06-16_PON_All Weather,0.0003208935058072074
2018-06-17_CHA_Turf,0.0002556186221932615
2018-06-17_LLA_Turf,0.0006480591156671294
2018-06-18_SAL_Turf,0.000855050961862866
2018-06-19_DIE_Turf,0.0012709242507317057
2018-06-19_LSO_Turf_early,0.00039707481527253733
2018-06-19_LSO_Turf_late,0.0012932872027360193
2018-06-20_DAX_Turf,0.00032974357286610575
2018-06-20_MAI_Turf,0.0016525091361739362
2018-06-21_LAT_Turf,-0.001117242588020505
2018-06-22_CHA_Turf,0.0007690960043676667
2018-06-22_LAT_Turf_early,0.00040169087528831216
2018-06-22_LAT_Turf_late,-0.00107629020018724
2018-06-23_COM_Turf,-6.946176933022901e-06
2018-06-23_LAT_Turf,0.0004907209450919175
2018-06-23_PON_All Weather,0.0004567641553745707
2018-06-24_AIX_Turf,0.0010272902823557069
2018-06-25_SAI_Turf,0.000737169109368139
2018-06-26_AIX_Turf,0.0003074684829258587
2018-06-26_CRO_Turf,0.00010931290550092001
2018-06-27_ARG_Turf,0.00022679916324677265
2018-06-27_MAI_Turf,0.0016363654497586722
2018-06-28_BOR_Turf,0.0011458740423198471
2018-06-28_LON_Turf,0.0018232339705311976
2018-06-29_CLA_Turf,0.0010615462652411288
2018-06-30_AIX_Turf,0.0011032622899251718
2018-06-30_LON_Turf,0.0021317942264116032
2018-06-30_PON_All Weather,0.0001674287942610975
2018-07-01_DAX_Turf,0.0020062365217813475
2018-07-01_SAI_Turf,-0.0009283417070722932
2018-07-02_VIT_Turf,0.0007053770267352946
2018-07-03_DEA_All Weather,0.0009554774256801771
2018-07-03_DEA_Turf,0.0017383124385485253
2018-07-03_LAT_Turf,0.0016101572279292383
2018-07-04_DEA_All Weather,0.0008470474083176121
2018-07-04_DEA_Turf,0.0018631288078673274
2018-07-05_DAX_Turf,0.0032460403345792935
2018-07-05_LON_Turf,0.0031382945503677256
2018-07-06_MAI_Turf_early,0.0005144828907431674
2018-07-06_MAI_Turf_late,0.0014088284898567146
2018-07-07_CLA_Turf,0.000986674743663746
2018-07-07_PET_Turf,0.0011100691792489685
2018-07-07_PON_All Weather,-3.2218428155758983e-06
2018-07-08_AIX_Turf,0.0002879034350933569
2018-07-08_DEA_Turf,0.0011663357415556712
2018-07-09_CHA_Turf,0.0007071105860187713
2018-07-10_COM_Turf,0.000912943085578393
2018-07-10_LLA_Turf,0.0006429772601672878
2018-07-11_CHB_Turf,0.0012150533630848573
2018-07-12_BOR_Turf,0.0019413952586456093
2018-07-12_LON_Turf,0.0029496898072204646
2018-07-12_PLB_All Weather,0.000550186482304147
2018-07-13_LAT_Turf,0.0006281282583988648
2018-07-13_SEN_Turf,0.0012353871512874458
2018-07-14_LON_Turf,0.0011062388190978762
2018-07-14_S-M_Turf,0.00041374618815057785
2018-07-15_MAI_Turf,0.0008224467755208267
2018-07-16_VIC_Turf_early,0.000673224778066109
2018-07-16_VIC_Turf_late,0.0022140110001945875
2018-07-17_VIC_Turf,0.003185063048823326
2018-07-18_MAR_Turf,-0.00027946857424639756
2018-07-18_STR_Turf,0.0009155849631033578
2018-07-18_VIC_Turf,0.0014893473765122687
2018-07-19_MAR_Turf,-0.00026125295128284044
2018-07-19_VIC_Turf,0.0010205964879314903
2018-07-20_TOU_Turf,0.001725572063455611
2018-07-20_VIC_Turf,0.0021612323350301255
2018-07-21_DIE_Turf,0.00291296854304775
2018-07-22_LAT_Turf,0.0013852414893209659
2018-07-22_MAI_Turf,-0.00030774488041692896
2018-07-23_CHA_Turf,0.001263752070424704
2018-07-24_COM_Turf,0.001145122065049852
2018-07-24_LLA_Turf,0.0009451133736459184
2018-07-25_VIC_Turf,0.001816329734561006
2018-07-26_MAI_Turf,0.0006925419266372607
2018-07-27_CHA_Turf,0.0018515070753272428
2018-07-27_LSO_Turf,0.0015173265120196893
2018-07-28_DEA_All Weather,0.0009859713790836885
2018-07-28_DEA_Turf,0.0016298441738768986
2018-07-28_VIC_Turf,0.0026394259422982515
2018-07-29_DEA_All Weather,0.0002824866532889209
2018-07-29_DEA_Turf,0.001389767536358888
2018-07-30_CLA_Turf,0.0014234274732400146
2018-07-31_DEA_All Weather,0.0005552959361056116
2018-07-31_DEA_Turf,0.0015405246527356784
2018-07-31_LAT_Turf,0.0012120289801334156
2018-08-01_LAT_Turf,0.0014080739180742906
2018-08-02_CLA_Turf,0.0010433502838521436
2018-08-02_VIC_Turf,0.0023787494096796807
2018-08-03_DEA_All Weather,0.0004728662449050278
2018-08-03_DEA_Turf,0.001981180196069483
2018-08-03_S-M_Turf,0.0009973913103235462
2018-08-04_VIC_Turf,0.0028521605598978567
2018-08-05_DEA_All Weather,0.0008989153583405374
2018-08-05_DEA_Turf,0.000715442217450092
2018-08-06_CLA_Turf,0.0008232406481165002
2018-08-06_VIC_Turf,0.0022983202547861565
2018-08-07_DEA_All Weather,0.0005314205023432348
2018-08-07_DEA_Turf,0.002458767998407103
2018-08-07_LSO_Turf_early,0.0006163641258129423
2018-08-07_LSO_Turf_late,0.0017596199969861315
2018-08-08_LAT_Turf,0.0010546510415643197
2018-08-09_DEA_All Weather,0.0003901643571582428
2018-08-09_DEA_Turf,0.0038103899311282092
2018-08-09_VIC_Turf,0.0031197330762370626
2018-08-09_VY3_Turf,0.0023910249930576164
2018-08-10_CLA_Turf,0.0015938362855516899
2018-08-10_DAX_Turf,0.002205702852352263
2018-08-11_DEA_All Weather,0.0003118853533295221
2018-08-11_DEA_Turf,0.0023511421287860258
2018-08-11_PLB_All Weather,-0.00031851509534548743
2018-08-12_DEA_All Weather,0.0006552186866628559
2018-08-12_DEA_Turf,0.0009275269290833575
2018-08-12_LLA_Turf,0.00040400103728136937
2018-08-12_VIT_Turf,0.0019492123042919392
2018-08-13_CLA_Turf,0.0029084371878379195
2018-08-14_CLA_Turf,0.0022980556283418506
2018-08-14_MOU_Turf,0.00017783700456159744
2018-08-15_DEA_All Weather,0.0004417842504228736
2018-08-15_DEA_Turf,0.0019927252031211044
2018-08-15_VIC_Turf,0.003049876387537053
2018-08-16_DEA_All Weather,0.0006775743484970833
2018-08-16_DEA_Turf,0.0012708997243808424
2018-08-16_LAT_Turf,0.0005240247893334649
2018-08-16_LLA_Turf,0.000797857973759173
2018-08-17_CLA_Turf,0.0028961607680483
2018-08-17_LAT_Turf,0.0009526996838114977
2018-08-18_DEA_Turf,0.0021503306675358796
2018-08-18_VIC_Turf,0.002325230009088246
2018-08-19_DEA_Turf,0.0009762181390847271
2018-08-20_CHB_Turf,0.0013494159351552229
2018-08-21_DEA_All Weather,0.00033841582937024295
2018-08-21_DEA_Turf,0.003657976113358359
2018-08-21_TOU_Turf,0.0009263531700405408
2018-08-22_S-M_Turf,0.0025960587848733487
2018-08-22_VIC_Turf,0.005282528276717592
2018-08-23_CLA_Turf,0.0013975493748732343
2018-08-23_MOU_Turf,-5.550913757832479e-06
2018-08-24_DEA_All Weather_early,0.001313296684286839
2018-08-24_DEA_All Weather_late,0.00041357112036556837
2018-08-24_S-M_Turf,0.0026399937660763805
2018-08-25_DEA_Turf,0.0032029778314811275
2018-08-25_PLB_All Weather,0.0005487506485213016
2018-08-26_DEA_All Weather,0.00044161047682804867
2018-08-26_DEA_Turf,0.001248212734073709
2018-08-26_EVX_Turf,0.0008582238170641859
2018-08-27_CLA_Turf,0.0026644865574004476
2018-08-28_DAX_Turf_early,-0.00021757104047958676
2018-08-28_DAX_Turf_late,0.0009307527063277985
2018-08-28_DEA_All Weather,-3.106028535628442e-05
2018-08-29_DEA_All Weather,0.00014197350661853374
2018-08-30_BOR_Turf,0.0015046942466480822
2018-08-30_LLA_Turf,0.0024128774318126138
2018-08-31_PLB_All Weather,-3.2579907792945986e-05
2018-09-01_CHA_Turf,0.0005952233127049027
2018-09-01_CRA_Turf,0.0015036031172417901
2018-09-02_DAX_Turf_early,0.0002871334975173545
2018-09-02_DAX_Turf_late,0.002495233002432949
2018-09-02_LON_Turf,0.0017494725376998674
2018-09-03_CRA_Turf,0.001377644245108567
2018-09-04_CRO_Turf,0.0019012147142753873
2018-09-04_STR_Turf,0.0005131304295740157
2018-09-05_LON_Turf,0.0018103575449679883
2018-09-06_LYO_Turf,0.0032917847852888104
2018-09-07_MAI_Turf,0.0012054513336404653
2018-09-07_MAR_Turf,0.0024797567438702714
2018-09-08_EVX_Turf,-0.00031625171318243626
2018-09-08_HYE_Turf,0.0015007317983579036
2018-09-08_LAT_Turf,0.000650557385357089
2018-09-09_LON_Turf,0.0008746457506067773
2018-09-09_MAR_Turf_early,0.001773406957661713
2018-09-09_MAR_Turf_late,0.0003531289184909048
2018-09-10_BOR_Turf,0.0013931221087200647
2018-09-10_CHA_Turf,0.0002728418166761407
2018-09-11_CHB_Turf,0.001877061853226246
2018-09-11_FON_Turf,0.0002811236437316744
2018-09-12_CEP_Turf,0.00061077112358724
2018-09-12_LON_Turf,0.001981603065540636
2018-09-13_LYO_Turf,0.001148998613928196
2018-09-14_SAI_Turf,0.0007589367778141974
2018-09-14_SAL_Turf_early,0.0013817169949460954
2018-09-14_SAL_Turf_late,0.00037824733685149257
2018-09-15_CHA_All Weather,0.0005728068440011298
2018-09-15_CHA_Turf,0.0005595645588851988
2018-09-15_CHO_Turf,0.00025541741194513997
2018-09-15_HYE_Turf,0.0004695577030143991
2018-09-16_BRA_Turf,0.0028213305704692018
2018-09-16_DAX_Turf,0.000847377831322218
2018-09-16_LON_Turf,-0.00010570098197069663
2018-09-17_MAI_Turf,0.0010176635264416158
2018-09-18_COM_Turf,0.0019431821340275674
2018-09-19_SAI_Turf,0.00026687267698869717
2018-09-20_FON_Turf,0.0011757007269721771
2018-09-20_STR_Turf,0.0007577176211833468
2018-09-21_CHA_All Weather,0.0011103482597940662
2018-09-21_CHA_Turf,0.0014216509617798084
2018-09-21_PET_Turf,0.0025075180209957575
2018-09-22_CRA_Turf,0.002240646364182165
2018-09-22_HYE_Turf,0.0008819377000479385
2018-09-22_LON_Turf,0.003226135013701818
2018-09-23_CAV_Turf,0.0010076984162491016
2018-09-23_CRA_Turf,0.0022834418863676323
2018-09-23_DAX_Turf,0.001202945744630713
2018-09-23_MAR_Turf,-0.0006047179150836202
2018-09-24_CRA_Turf,0.0014257991673795821
2018-09-25_BOU_Turf,0.0025975691515848173
2018-09-25_FON_Turf,0.0010376855174407654
2018-09-26_MAI_Turf_early,0.0022272838150624572
2018-09-26_MAI_Turf_late,0.001115322824001157
2018-09-26_MAN_Turf,0.00036254652153621395
2018-09-27_LYO_Turf,0.0010313955617521071
2018-09-28_ARG_Turf,0.0003625505696780489
2018-09-28_BOR_Turf,0.0016027974841228607
2018-09-28_SAI_Turf,0.000825807609913641
2018-09-29_HYE_Turf,0.000854910673020909
2018-09-29_VIL_All Weather,0.0003254855334640068
2018-09-30_CAR_Turf,0.0039771255208781746
2018-09-30_CAV_Turf,0.0015549633223198103
2018-09-30_STR_Turf,0.0005213155853815867
2018-10-01_CHA_All Weather,0.00051389141858141
2018-10-01_CHA_Turf,0.0011384939883203817
2018-10-02_BOR_Turf,0.0010711910331447712
2018-10-02_MAI_Turf,0.0019769832926047498
2018-10-03_CEP_Turf,0.0006160964282149254
2018-10-03_FON_Turf_early,0.0007925304749826186
2018-10-03_FON_Turf_late,0.00030834049510498695
2018-10-03_VIL_All Weather,0.0008443684710046021
2018-10-04_COM_Turf,0.0012484475189055175
2018-10-04_PET_Turf,0.0016009472476396253
2018-10-05_ANG_Turf,0.0014426573427281993
2018-10-05_SAI_Turf,0.001364022571009804
2018-10-06_LON_Turf,0.0011829761519656127
2018-10-06_PON_All Weather,0.0005942460980044395
2018-10-07_AGE_Turf,0.0013524966799067447
2018-10-07_BRI_Turf,0.0016313360904145955
2018-10-07_LON_Turf,0.0006179783974107866
2018-10-07_NIM_Turf,0.000885877494634652
2018-10-07_STR_Turf,0.001256060552514218
2018-10-08_CEP_Turf,0.003049042020098167
2018-10-08_COM_Turf,0.0007453048674548637
2018-10-09_BOU_Turf,0.001574845818204546
2018-10-09_LYO_Turf,0.003630982206503968
2018-10-11_BOU_Turf,0.003676953328898047
2018-10-11_SAI_Turf,0.0009447961013769906
2018-10-12_CHA_All Weather,0.0003121354089858958
2018-10-12_CHA_Turf,0.0017706119639553737
2018-10-12_PON_All Weather,0.0012509042051760384
2018-10-13_BOR_Turf,0.0035004267377207877
2018-10-13_MAI_Turf,0.0015727946397325696
2018-10-13_PLB_All Weather,-0.00019362860164732232
2018-10-14_BRA_Turf,0.0015096291628244403
2018-10-14_HYE_Turf,0.0032561432870357714
2018-10-14_TAR_Turf,2.6726326390967864e-05
2018-10-15_COM_Turf,0.0022162180710857153
2018-10-16_CHA_All Weather,-0.00013013394938290405
2018-10-16_CHA_Turf,0.0014000931808089733
2018-10-17_SAI_Turf,0.0008475794678269697
2018-10-18_CEP_Turf,0.0034282816908288534
2018-10-18_LON_Turf,0.0020858369417683744
2018-10-19_MAI_Turf,0.0021474393046651543
2018-10-19_MOU_Turf,0.0012599645747406539
2018-10-20_CAR_Turf,0.005462268293315283
2018-10-20_CRO_Turf,0.000769616131027481
2018-10-21_CAV_Turf,0.002283748363454404
2018-10-21_CHA_Turf,0.0009309527598694186
2018-10-21_CHO_Turf,0.002344717738361002
2018-10-21_TAR_Turf,0.0026546514378713425
2018-10-22_CLA_Turf,0.0023986965512944416
2018-10-22_PON_All Weather,0.0011086514049837043
2018-10-23_DEA_All Weather,4.936574412371834e-05
2018-10-23_DEA_Turf,0.0007729281325870927
2018-10-24_CEP_Turf,0.0056121458780532775
2018-10-24_DEA_All Weather,0.00013555909400034965
2018-10-24_DEA_Turf,0.0011905411397438949
2018-10-24_STR_Turf,0.00100899288042331
2018-10-25_DEA_All Weather,0.0005755289764846838
2018-10-25_VIL_All Weather,0.0005125660806429566
2018-10-26_ANG_Turf,0.002425930643402655
2018-10-26_CLA_Turf,0.003909624911566186
2018-10-27_PET_Turf,0.0017719286238167453
2018-10-27_SAI_Turf,0.0015986536078325486
2018-10-28_AGE_Turf,0.002932730154776241
2018-10-28_BRI_Turf,0.003021880577470746
2018-10-28_CHA_Turf,0.0022815955604356384
2018-10-29_BOR_Turf,0.004194726908478629
2018-10-29_LSO_Turf,0.0017427992373965757
2018-10-30_PON_All Weather,0.00046276212759443016
2018-10-30_SAI_Turf,0.005125570335809428
2018-10-31_MAI_Turf,0.0031599480365217775
2018-10-31_PLB_All Weather,9.321289888251066e-05
2018-11-01_VIL_All Weather,0.001235289413228631
2018-11-02_BOU_Turf,0.003973103174524798
2018-11-02_LYO_Turf,0.004927867155307842
2018-11-03_AMI_Turf,0.0015616730421932935
2018-11-03_CEP_Turf,0.0019644298461340215
2018-11-04_AGE_Turf,0.0014632544852923807
2018-11-04_CAV_Turf,0.004282362234283427
2018-11-05_CRO_Turf,0.0014710462926569336
2018-11-06_BOU_Turf,0.007348546178174662
2018-11-06_PON_All Weather,0.0004189730833053843
2018-11-06_SAI_Turf,0.0037871920193096285
2018-11-07_CHA_All Weather,0.0002891147655514898
2018-11-08_CHA_All Weather,-0.00017338344442258797
2018-11-08_VIL_All Weather,0.001766697811195847
2018-11-09_SAI_Turf_early,0.004056526044453727
2018-11-09_SAI_Turf_late,0.003288722018934896
2018-11-10_AMI_Turf,0.0030278719989531118
2018-11-10_CEP_Turf_early,0.0018164840986704678
2018-11-10_CEP_Turf_late,0.0025321077117595975
2018-11-10_STR_Turf,0.0014844850419311224
2018-11-11_BOR_Turf,0.0050213253661198125
2018-11-11_BRI_Turf,0.004634301801317311
2018-11-12_PON_All Weather,0.0006138576986900015
2018-11-13_CHA_All Weather,0.00019043602309122028
2018-11-14_ANG_Turf,0.002931899237591525
2018-11-15_FON_Turf,0.0018156996681536334
2018-11-16_CEP_Turf,0.002358249685636643
2018-11-16_PET_Turf,0.004593714501839305
2018-11-16_SAI_Turf,0.0074490363326108824
2018-11-17_LYO_Turf,0.006248348846600884
2018-11-18_AGE_Turf,0.00047747558931515954
2018-11-18_CRO_Turf,0.003674452572229532
2018-11-18_MAN_Turf,0.0023195742264818346
2018-11-19_PON_All Weather,0.00036788781024643734
2018-11-20_CHA_All Weather,0.00027726986296663594
2018-11-21_CEP_Turf,0.0021522999578140168
2018-11-22_ANG_Turf,0.003734326143892968
2018-11-22_VIL_All Weather,0.0016695570068514028
2018-11-23_PON_All Weather,0.000980230068414447
2018-11-23_SAI_Turf,0.007874047285753558
2018-11-24_BOU_Turf,0.005191504167132429
2018-11-24_CRO_Turf,0.0040324189056780944
2018-11-25_CAR_Turf,0.0026649626991526584
2018-11-26_MAN_Turf,0.003671426311745583
2018-11-26_PLB_All Weather,4.9581078852446055e-05
2018-11-27_DEA_All Weather,-9.296414160495747e-06
2018-11-28_CEP_Turf,0.0030445972783049707
2018-11-28_DEA_All Weather,0.0003891749452788985
2018-11-29_DEA_All Weather,6.1330932665331985e-06
2018-11-29_VIL_All Weather_early,0.0008011583787707865
2018-11-29_VIL_All Weather_late,0.0015060192103716588
2018-12-01_DEA_All Weather,0.0003086882095164814
2018-12-02_SAL_Turf,0.004803606610273734
2018-12-04_PON_All Weather,0.0004896595792877299
2018-12-05_DEA_All Weather,0.0004661513163059646
2018-12-06_VIL_All Weather,0.0011645680599888248
2018-12-07_VIL_All Weather,0.0010944216694358895
2018-12-08_AMI_Turf_early,0.00446975433103505
2018-12-08_AMI_Turf_late,0.006687867165918921
2018-12-09_CEP_Turf,0.003778357334496636
2018-12-10_PLB_All Weather,0.0005861746387304053
2018-12-11_PON_All Weather,-9.202602548099226e-06
2018-12-13_CEP_Turf,0.007320496397106963
2018-12-13_CHA_All Weather,0.0008760004528695658
2018-12-14_DEA_All Weather,-0.0003227477893865569
2018-12-15_VIL_All Weather,0.0012149264543002782
2018-12-16_DEA_All Weather,-0.00013285218021444009
2018-12-16_PAU_All Weather,0.0013022948984921096
2018-12-17_PLB_All Weather,0.00010524064806536059
2018-12-18_DEA_All Weather,0.00018647210711972384
2018-12-19_PAU_All Weather,0.0009454038415652589
2018-12-20_PON_All Weather,-0.00010440453907223498
2018-12-22_CAR_Turf,0.0016322764263066933
2018-12-23_DEA_All Weather_early,0.0005133657010669
2018-12-23_DEA_All Weather_late,-5.022746009461569e-06
2018-12-26_CHA_All Weather,0.0001937718191093711
2018-12-29_PLB_All Weather,0.00047891504392674414
2019-01-02_PAU_All Weather,0.0010495705082319256
2019-01-02_PLB_All Weather,2.85734918000271e-05
2019-01-03_DEA_All Weather_early,0.0004024608073164164
2019-01-03_DEA_All Weather_late,-0.00015929876516234805
2019-01-04_DEA_All Weather,-0.0002570761125225306
2019-01-04_PAU_All Weather,0.001335628231825441
2019-01-05_DEA_All Weather,0.00026600722956420105
2019-01-05_PON_All Weather,-8.132143427962194e-05
2019-01-07_VIL_All Weather_early,0.0016153117224921192
2019-01-07_VIL_All Weather_late,0.001222819217272186
2019-01-08_PAU_All Weather,0.001863348146908552
2019-01-10_PLB_All Weather,6.752260828679837e-05
2019-01-11_PON_All Weather,0.0006874153988956273
2019-01-12_CHA_All Weather,0.000871170783059589
2019-01-13_CHA_All Weather,0.0007047822370681603
2019-01-14_CAG_All Weather,0.0014755284269331354
2019-01-15_CAG_All Weather,0.0005090173982841302
2019-01-15_CAG_Turf,0.0036570397301262008
2019-01-15_PAU_All Weather,0.001215474372918896
2019-01-16_CAG_All Weather,0.001119841165437251
2019-01-17_PAU_All Weather,0.0008349485160508808
2019-01-18_CAG_Turf,0.0029846898025374068
2019-01-19_CAG_All Weather,0.0008234549637534371
2019-01-19_PLB_All Weather,-0.00025853052672686913
2019-01-20_CAR_Turf,0.0009212859191317569
2019-01-21_CAG_All Weather,0.0005926777831748272
2019-01-22_CAG_All Weather,0.000240589011993135
2019-01-23_PAU_All Weather,0.0011922902080024492
2019-01-23_PLB_All Weather,0.0003008512700134163
2019-01-24_CAG_Turf,0.0021461747960270653
2019-01-25_CHA_All Weather,0.0003463535436451866
2019-01-25_PAU_All Weather,0.0008102802709101946
2019-01-28_CAG_All Weather,5.144961665630946e-05
2019-01-28_CAG_Turf,0.0019251138633305956
2019-01-29_PAU_All Weather,0.00102737913482366
2019-01-30_CAG_Turf,0.0025173780972152617
2019-01-31_CHA_All Weather,0.0006257653070859694
2019-02-02_CAG_All Weather,0.0014891411455178669
2019-02-02_CAG_Turf,0.0066713549551435
2019-02-02_PAU_All Weather,0.0012200013826437347
2019-02-04_PON_All Weather,0.0004252828033932185
2019-02-05_PAU_All Weather,0.001015408476038399
2019-02-06_CAG_All Weather,0.0005356657499324811
2019-02-06_CAG_Turf,0.004006870226577203
2019-02-06_PLB_All Weather,5.713411597122844e-07
2019-02-07_CHA_All Weather,0.000556667310231488
2019-02-08_MAR_Turf,0.005055497069305398
2019-02-09_CAG_All Weather,-8.197477063621918e-06
2019-02-10_CAG_All Weather,-6.768704515628867e-05
2019-02-10_CAG_Turf,0.0028569664437346183
2019-02-12_CEP_Turf,0.0037868835987180504
2019-02-12_CHA_All Weather,0.0008531623335583875
2019-02-13_CAG_All Weather,0.0003449483385162482
2019-02-14_PON_All Weather,0.00041692879426109754
2019-02-15_CHA_All Weather,-5.82501996044192e-05
2019-02-16_CAG_All Weather,0.00023940165256331267
2019-02-18_CAG_All Weather,0.0005885226061053431
2019-02-18_CAG_Turf,0.0018801339565349675
2019-02-20_CAG_All Weather_early,0.00011248798268114022
2019-02-20_CAG_All Weather_late,0.0005511871243367286
2019-02-21_CHA_All Weather,0.0002814646127697103
2019-02-21_VIL_All Weather,0.0013096830177724006
2019-02-22_CHA_All Weather,0.00010710780799836383
2019-02-23_BOU_Turf,0.0015894102956344554
2019-02-23_CAG_All Weather,0.0004600142953612424
2019-02-25_BOR_Turf,0.0005921281407046893
2019-02-25_MAR_Turf,0.0001306005125535795
2019-02-27_VIL_All Weather,0.0014904705344543428
2019-02-28_VIL_All Weather,0.0012280946765603471
2019-03-01_DEA_All Weather,0.0009151669463321409
2019-03-02_BOU_Turf,0.0021643299549648927
2019-03-02_CHA_All Weather,0.0022771039280534144
2019-03-05_CHA_All Weather,0.0005369288303200785
2019-03-05_PET_Turf,0.009205909675149256
2019-03-06_COM_Turf,0.008967418881003268
2019-03-06_PON_All Weather_early,0.0003364423986992908
2019-03-06_PON_All Weather_late,0.0009110938476937051
2019-03-07_FON_Turf,0.0038640514752845898
2019-03-08_CHA_All Weather,0.0006116665287203939
2019-03-09_CEP_Turf,0.0009965310065408485
2019-03-10_SAI_Turf,0.0064887290891371225
2019-03-11_CEP_Turf,0.0013502911839183597
2019-03-11_COM_Turf_early,0.009326449053785407
2019-03-11_COM_Turf_late,0.010835327264689235
2019-03-12_CHA_All Weather,0.0006844718594954687
2019-03-13_CRO_Turf,0.005538219994315502
2019-03-14_CHA_All Weather,0.0005998024809053314
2019-03-15_FON_Turf,0.00359815518215015
2019-03-16_CEP_Turf,0.001205274720234491
2019-03-16_LYO_Turf,0.0039563919435976905
2019-03-17_SAI_Turf,0.007120029061833913
2019-03-18_COM_Turf,0.010780888329622873
2019-03-18_PON_All Weather_early,0.0004671955840826662
2019-03-18_PON_All Weather_late,0.0010863777417603492
2019-03-19_CHA_All Weather,0.0002667880783381112
2019-03-20_CRO_Turf,0.004226081258145411
2019-03-20_LAT_Turf,0.0028031763231041945
2019-03-21_SAI_Turf,0.003152401240616909
2019-03-21_VIL_All Weather,0.0008377508051499356
2019-03-22_CEP_Turf,0.0001626866178834885
2019-03-23_PLB_All Weather,-6.808604953629366e-06
2019-03-23_STR_Turf,0.0029427494513576576
2019-03-25_CHA_All Weather,0.000706332932740942
2019-03-26_SAI_Turf,0.0012563414016990909
2019-03-27_ARG_Turf,0.0012967059217198296
2019-03-28_CHA_All Weather,0.0007994253757863094
2019-03-29_BOU_Turf,0.0012930920442161644
2019-03-29_FON_Turf,0.0015341483387253507
2019-03-30_PAU_All Weather,0.0016546628720981252
2019-03-30_SAI_Turf,0.0006320054367077409
2019-03-31_LLA_Turf,0.0006437746733678508
2019-04-01_CHA_All Weather,0.0005465238030554681
2019-04-01_CHA_Turf,0.001595996996045507
2019-04-02_MAI_Turf,1.4511149589649733e-05
2019-04-04_SAI_Turf,0.0023254965905036987
2019-04-05_COM_Turf,0.002064751908340923
2019-04-05_SAL_Turf,0.002472320804112219
2019-04-06_BRA_Turf,0.0024965004227843935
2019-04-06_PON_All Weather,0.0017242361359641066
2019-04-07_LON_Turf,-0.0001248284427305965
2019-04-08_CHA_All Weather,0.0005881914593857475
2019-04-08_CHA_Turf,0.0005450763626957003
2019-04-08_TAR_Turf,0.001947158437162504
2019-04-09_PET_Turf,0.004049804536716614
2019-04-10_MAI_Turf,0.0019807934794406736
2019-04-10_MAR_Turf,0.0034905855481186412
2019-04-11_LYO_Turf,0.002441664640715114
2019-04-12_LAT_Turf,0.0013433161863368988
2019-04-12_SAI_Turf,0.002416989097640174
2019-04-13_BOR_Turf,0.0033317063597808655
2019-04-13_CHA_All Weather,0.0005215638467611511
2019-04-14_FON_Turf,0.0012760622196144788
2019-04-14_LON_Turf,0.0004061914783696539
2019-04-15_MAI_Turf,0.0010038800652517768
2019-04-16_CHA_All Weather,0.0001304091028806856
2019-04-16_CHA_Turf,0.0014954289451022747
2019-04-18_CHO_Turf,0.0007222008398649449
2019-04-18_SAI_Turf,0.0018001036812464173
2019-04-19_LYO_Turf,0.0015624020711330424
2019-04-19_PET_Turf,0.0009757385155079223
2019-04-20_BRA_Turf_early,0.0014553462299402252
2019-04-20_BRA_Turf_late,0.0008803357512132893
2019-04-20_FON_Turf,0.0014310019309359094
2019-04-20_PON_All Weather,0.0010589121898184565
2019-04-22_LLA_Turf,0.0022207697236986436
2019-04-22_LON_Turf,0.0016278449094378415
2019-04-23_CEP_Turf,0.0007665967062375613
2019-04-23_COM_Turf,0.0008471875196005744
2019-04-24_BOR_Turf,0.003598336157459027
2019-04-24_CHA_All Weather,0.00045741248417948245
2019-04-24_CHA_Turf,0.0015248446680510277
2019-04-25_VIL_All Weather,0.0014558099176496392
2019-04-26_LAT_Turf_early,0.0016704495241513387
2019-04-26_LAT_Turf_late,0.003112206493161755
2019-04-26_MAI_Turf,0.001046315693127411
2019-04-27_BRA_Turf,0.003950616805549087
2019-04-27_LYO_Turf_early,0.002733026833333482
2019-04-27_LYO_Turf_late,0.003102571668747721
2019-04-28_LON_Turf,0.000653552559227106
2019-04-29_BOU_Turf,0.002170838732155147
2019-04-30_CHA_All Weather,0.0003195611489364939
2019-04-30_CHA_Turf,0.0017834662130349183
2019-05-01_SAI_Turf,-0.0004228085367292994
2019-05-02_CHA_Turf,0.001743871909018967
2019-05-03_MAI_Turf,0.002670155318233369
2019-05-04_BOR_Turf,0.002346163112197535
2019-05-04_BOU_Turf,0.0020836318723859554
2019-05-04_LON_Turf,0.0032224575360971135
2019-05-06_CHA_Turf,0.0024174977757794106
2019-05-07_SAI_Turf,0.0007800178922955595
2019-05-08_LAT_Turf,0.0017797838455191443
2019-05-08_LYO_Turf,0.00384615382285206
2019-05-09_LLA_Turf,0.0030738649819055607
2019-05-09_MAI_Turf,0.004173018825658338
2019-05-10_TAR_Turf,0.0018718295201513324
2019-05-11_ANG_Turf,0.0021690538770137205
2019-05-11_CHA_Turf,0.0044895886034933725
2019-05-12_LON_Turf,0.003140277333731537
2019-05-13_SAI_Turf,0.002322683718713983
2019-05-13_STR_Turf,0.0016062731179910898
2019-05-14_BOR_Turf,0.0009701317178329294
2019-05-15_MAI_Turf,0.001424960442247649
2019-05-16_DAX_Turf_early,0.0010867136475090414
2019-05-16_DAX_Turf_late,0.0003397872363286578
2019-05-16_LON_Turf,0.001458813493135077
2019-05-17_CHA_Turf,0.0020705889302644193
2019-05-18_SAL_Turf,0.0019222302775415057
2019-05-20_SAI_Turf,0.0033640715048941037
2019-05-21_MAI_Turf,0.004202773659503255
2019-05-22_DAX_Turf,0.0030515861846953855
2019-05-23_AMI_Turf,-0.0011804278446781924
2019-05-23_LON_Turf,0.002237320566331035
2019-05-23_LYO_Turf,0.00023928345367217835
2019-05-24_CHB_Turf,0.0013791442477356758
2019-05-24_DIE_Turf,0.0010241410879740392
2019-05-25_BOU_Turf,-0.00017695822018521466
2019-05-25_SAL_Turf,0.0009768192933366467
2019-05-26_LON_Turf,0.0006050571758864268
2019-05-27_SAI_Turf,0.0019205025848880771
2019-05-28_STR_Turf_early,0.0008235088219257521
2019-05-28_STR_Turf_late,0.000227903909738556
2019-05-29_FON_Turf,0.0005738280338563416
2019-05-30_LLA_Turf,0.0009985295283051721
2019-05-30_LON_Turf,0.0007159120644033145
2019-05-30_LYO_Turf,0.0012256295131437766
2019-05-31_MAI_Turf,0.0013782465213587074
2019-06-01_CEP_Turf_early,0.0008083137303544104
2019-06-01_CEP_Turf_late,0.003513283238499323
2019-06-02_CHA_Turf,-0.00040793837984174556
2019-06-03_LON_Turf,0.0016764348834476612
2019-06-04_BOR_Turf,0.0014031972967060704
2019-06-04_PET_Turf,0.0012689601477372087
2019-06-05_CRO_Turf,0.0015529809769816202
2019-06-05_LAT_Turf_early,0.004581707855135003
2019-06-05_LAT_Turf_late,0.0030349970272380514
2019-06-06_LON_Turf,0.001748083876218606
2019-06-06_LYO_Turf,0.00214370375260176
2019-06-07_COM_Turf,0.001246910995697349
2019-06-08_CEP_Turf,0.001837905675761568
2019-06-08_LYO_Turf,0.0011399173496022678
2019-06-08_MAI_Turf,0.0021488300746522904
2019-06-09_AIX_Turf,0.0019987596359423085
2019-06-10_LON_Turf,0.00154645643864262
2019-06-10_SAL_Turf,0.001311827525022674
2019-06-11_DIE_Turf,0.003150950113529534
2019-06-11_PET_Turf,0.002452770433589942
2019-06-12_SAI_Turf,0.0036083742988700204
2019-06-13_CRA_Turf,0.0016247150499474241
2019-06-13_LON_Turf,0.0036390464804109007
2019-06-14_CEP_Turf,0.0005761229234685847
2019-06-15_MAI_Turf,0.0008676058524587908
2019-06-15_PON_All Weather,0.0004310794313377742
2019-06-15_TAR_Turf,0.0025154705589810087
2019-06-16_CHA_Turf,0.000474672454060423
2019-06-18_DAX_Turf,0.0006119020284726404
2019-06-18_DIE_Turf,0.002001209206409795
2019-06-19_LLA_Turf,0.001079624541623589
2019-06-19_MAI_Turf,0.0010970630190666399
2019-06-20_LAT_Turf,-0.0008578689310309373
2019-06-21_CHA_Turf,0.0019678494472804143
2019-06-21_LAT_Turf,0.0010606965564407293
2019-06-22_COM_Turf,0.0011303447714746755
2019-06-22_LAT_Turf,0.00027227507773895833
2019-06-22_PON_All Weather,0.0006486581498315583
2019-06-23_BRA_Turf,0.0004450898196838155
2019-06-23_LYO_Turf,0.00017203531926462265
2019-06-24_MAI_Turf,0.0008832547143448117
2019-06-25_CRO_Turf,-0.0005926812514731565
2019-06-27_BOR_Turf,0.0011375005237766608
2019-06-27_LON_Turf,0.0009795990186932666
2019-06-28_CLA_Turf,0.0016983853148356935
2019-06-29_CHA_Turf,0.0012461832695080883
2019-06-29_DAX_Turf,0.001133962040426508
2019-06-29_PON_All Weather,0.000619325064657367
2019-06-30_SAI_Turf,-0.0010748182897455378
2019-07-01_AIX_Turf,0.0019391915696384886
2019-07-02_DEA_All Weather,0.0006084158293702419
2019-07-02_DEA_Turf,0.0022369538978686937
2019-07-02_LAT_Turf,0.001402141415979887
2019-07-03_DEA_All Weather,0.0007439389641417169
2019-07-03_DEA_Turf,0.0015354188036941626
2019-07-04_DAX_Turf,0.001419739672692425
2019-07-04_LON_Turf_early,0.001783883882893209
2019-07-04_LON_Turf_late,0.00035913172233973756
2019-07-05_MAI_Turf_early,0.002037171820443549
2019-07-05_MAI_Turf_late,0.0003714983321603637
2019-07-06_CLA_Turf_early,0.0019410537395909452
2019-07-06_CLA_Turf_late,0.0014190694705741188
2019-07-06_PET_Turf,0.0008731068835519793
2019-07-06_PON_All Weather,0.0003309127646711061
2019-07-07_AIX_Turf,0.0016454985546563543
2019-07-07_CAR_Turf,0.0013099815445147282
2019-07-07_DEA_Turf,0.00035034111831905995
2019-07-08_DEA_All Weather,0.0007128368820018212
2019-07-08_DEA_Turf,0.000845709961020445
2019-07-09_COM_Turf,0.0017145760610002634
2019-07-09_LLA_Turf,0.00033754363644033136
2019-07-10_BOR_Turf,0.0017522796207755592
2019-07-10_PLB_All Weather,0.002057678377639607
2019-07-11_AIX_Turf,0.0026863210938780466
2019-07-11_CHB_Turf,0.0018730366420589078
2019-07-11_LON_Turf,0.0011876394719903783
2019-07-12_LAT_Turf_early,0.002719949463616456
2019-07-12_LAT_Turf_late,0.0002670272600019877
2019-07-13_MAI_Turf,0.0009432957072312019
2019-07-14_LON_Turf,0.0005258314342799771
2019-07-14_TOU_Turf,0.000688418226567826
2019-07-15_VIC_Turf,0.0017561905810711909
2019-07-16_S-M_Turf,-0.00013376944151047615
2019-07-16_VIC_Turf,0.001386323353950592
2019-07-17_LLA_Turf,0.0016427992017776596
2019-07-17_MAR_Turf,-7.679543766863515e-05
2019-07-17_VIC_Turf,0.001981911692137676
2019-07-18_LON_Turf,0.001613757668464525
2019-07-18_VIC_Turf,0.002030884467923775
2019-07-19_VIC_Turf,0.0018687430627072157
2019-07-20_LAT_Turf,0.0023975204359196495
2019-07-21_DEA_Turf,0.0012822629807976446
2019-07-21_VIT_Turf,6.801094110395068e-05
2019-07-22_DIE_Turf,0.0018971495946436571
2019-07-22_LLA_Turf,0.001970016288332968
2019-07-23_COM_Turf,0.0015515530246388756
2019-07-23_MAR_Turf,0.0011654273893809714
2019-07-24_VIC_Turf,0.0035331911604794394
2019-07-25_DEA_Turf,0.0017326479760769186
2019-07-25_LSO_Turf,0.0002802554732782204
2019-07-26_DEA_Turf,0.0014544336646611128
2019-07-27_DEA_All Weather,0.0007348435595348159
2019-07-27_DEA_Turf,0.0033888328930000667
2019-07-28_DEA_All Weather,0.00042791982162516614
2019-07-28_DEA_Turf,0.0016382847404648822
2019-07-29_CLA_Turf,0.0001674020145642652
2019-07-30_DEA_All Weather,8.161172557929652e-05
2019-07-30_DEA_Turf,0.0008446610209678296
2019-07-30_LAT_Turf,0.0012242857434124135
2019-07-30_VIC_Turf,0.0030466842881069784
2019-07-31_LAT_Turf,0.00113988002680875
2019-08-01_CLA_Turf,0.0008953683221586621
2019-08-01_S-M_Turf,0.0010776585390450612
2019-08-01_VIC_Turf,0.002673916815145409
2019-08-02_DEA_All Weather,-5.326909344083429e-05
2019-08-02_DEA_Turf,0.001765961951375778
2019-08-03_VIC_Turf_early,0.0022089134236207503
2019-08-03_VIC_Turf_late,0.0015317800760311071
2019-08-04_DEA_All Weather,0.0005093235795263323
2019-08-04_DEA_Turf,0.0006938669526322392
2019-08-05_CLA_Turf,0.0008679224548601759
2019-08-05_VIC_Turf,0.0021655626346766773
2019-08-06_DAX_Turf_early,0.00028859689326587616
2019-08-06_DAX_Turf_late,0.0018096940636404314
2019-08-06_DEA_All Weather_early,0.00033252745351760926
2019-08-06_DEA_All Weather_late,-0.0001945341427923299
2019-08-07_LAT_Turf,0.0018795740084885336
2019-08-08_DEA_All Weather,0.0004007143721620627
2019-08-08_VIC_Turf,0.0018232875163645156
2019-08-09_CLA_Turf_early,0.0018493222943788505
2019-08-09_CLA_Turf_late,0.0012716874260956233
2019-08-10_DEA_All Weather,0.000273189424196469
2019-08-10_DEA_Turf,0.0018724052072632918
2019-08-10_PLB_All Weather,0.0007645665855184513
2019-08-11_DEA_All Weather,0.0004685520199961884
2019-08-11_DEA_Turf,0.0003383033455650748
2019-08-12_CLA_Turf,0.002544366954369408
2019-08-13_DEA_All Weather,0.00013032906801693311
2019-08-13_DEA_Turf,0.0022589847724879706
2019-08-13_MOU_Turf,0.0013234985599250453
2019-08-14_CLA_Turf,0.0022641229915849838
2019-08-14_LLA_Turf_early,-0.00023462399795858913
2019-08-14_LLA_Turf_late,0.001957986836527676
2019-08-15_DEA_All Weather,0.0004322696203161385
2019-08-15_DEA_Turf,0.0035054493678495077
2019-08-15_LAT_Turf,0.0007419533878183386
2019-08-15_VIC_Turf,0.0019183916208610086
2019-08-16_CLA_Turf,0.001724669806330396
2019-08-16_LAT_Turf,0.0011417205107428626
2019-08-17_DEA_All Weather,0.0002970474083176112
2019-08-17_DEA_Turf,0.002651607307899843
2019-08-17_VIC_Turf,0.0021213787613490473
2019-08-18_DEA_Turf,0.0034294411630981835
2019-08-19_CHB_Turf,0.002186607749624521
2019-08-20_DEA_All Weather,0.0006852186866628521
2019-08-20_DEA_Turf,0.004295563222334814
2019-08-20_VIC_Turf,0.002630718697205293
2019-08-21_TOU_Turf,0.0021433169470133247
2019-08-22_CLA_Turf,0.00020634389164094172
2019-08-22_PLB_All Weather,0.0003374139172664038
2019-08-23_DEA_All Weather,0.0004897307775799273
2019-08-23_DEA_Turf,0.0013086676848869268
2019-08-24_DEA_All Weather,0.000318395948290927
2019-08-24_DEA_Turf,0.0006795661486916409
2019-08-24_MOU_Turf,0.0012223911190218726
2019-08-24_S-M_Turf,0.0006897545237968611
2019-08-25_DEA_All Weather,0.0003602053030544519
2019-08-25_DEA_Turf,1.8493597712472223e-05
2019-08-25_S-M_Turf,0.000765827742572449
2019-08-26_CLA_Turf,0.0009839836421539213
2019-08-27_BOR_Turf,0.001179973248221393
2019-08-27_DEA_All Weather,0.0007020013105141238
2019-08-28_DEA_All Weather,0.00010564894281308851
2019-08-28_DEA_Turf,0.001623315882350314
2019-08-29_LLA_Turf,0.0010015070457663094
2019-08-30_EVX_Turf,0.000515807417452775
2019-08-30_PLB_All Weather,0.00017214380628945876
2019-08-31_CHA_Turf,0.00127963529873192
2019-08-31_CRA_Turf,0.00025149651093432147
2019-08-31_DAX_Turf,-3.668984688126958e-05
2019-09-01_LON_Turf,0.0008591543408109858
2019-09-02_CRA_Turf,-0.0002446194225721773
2019-09-04_MAI_Turf,0.00030107241928788164
2019-09-05_LON_Turf,0.0012177575636723348
2019-09-05_LYO_Turf,0.0003760081875022351
2019-09-06_CEP_Turf,0.0009249853665857041
2019-09-07_FON_Turf,0.0008810777780956367
2019-09-07_MAR_Turf,0.0007817342747047765
2019-09-08_CAR_Turf,0.0019346323344914406
2019-09-08_LON_Turf,0.0008052886782217316
2019-09-09_BOR_Turf,-0.0001415484949544763
2019-09-09_CHA_Turf,0.001419993636370567
2019-09-10_CHB_Turf,0.0017955324718264057
2019-09-10_MAR_Turf,0.00026569104668305047
2019-09-12_LON_Turf,0.0018373049304164963
2019-09-12_LYO_Turf,0.0005604290001789254
2019-09-13_SAI_Turf,-0.00010816134655615925
2019-09-13_SAL_Turf_early,0.0016601227545992166
2019-09-13_SAL_Turf_late,0.00022121516904822675
2019-09-14_BRA_Turf,0.0006337168361727556
2019-09-14_CHA_Turf_early,0.00042167300884909904
2019-09-14_CHA_Turf_late,0.0008496135264674717
2019-09-14_CHO_Turf,0.0017494639394211742
2019-09-15_EVX_Turf_early,0.0006004265962114144
2019-09-15_EVX_Turf_late,0.0017846309809157047
2019-09-15_LON_Turf,4.5322666565674385e-05
2019-09-16_MAI_Turf_early,0.00013805793555498135
2019-09-16_MAI_Turf_late,0.0005644622896175785
2019-09-17_COM_Turf,0.00017677437222654333
2019-09-18_SAI_Turf,0.0003028245885408637
2019-09-19_FON_Turf,0.0013753922303787948
2019-09-20_CHA_All Weather,0.0007329083775749617
2019-09-20_CHA_Turf,0.0010829712347798707
2019-09-20_PET_Turf,0.00043878608912319947
2019-09-21_LON_Turf,0.0011752766170057913
2019-09-21_MAR_Turf,0.0003721915189765371
2019-09-22_BOR_Turf,0.001824625613180932
2019-09-22_CRA_Turf,0.0024247455218054624
2019-09-23_CRA_Turf,0.0012252072640872905
2019-09-24_BOU_Turf,0.0036317545166207593
2019-09-24_FON_Turf,0.0023038220457509188
2019-09-25_MAI_Turf,0.00043615840581727195
2019-09-26_MAN_Turf_early,0.000899341369154063
2019-09-26_MAN_Turf_late,0.0003438213352212985
2019-09-27_LYO_Turf,0.001371724122237372
2019-09-27_SAI_Turf,0.004245533112485701
2019-09-28_ARG_Turf_early,-0.0006846057232371069
2019-09-28_ARG_Turf_late,0.0005020055136689417
2019-09-28_VIL_All Weather,-0.00017015162506124555
2019-09-29_STR_Turf,0.003146353827784169
2019-09-30_CHA_Turf,0.003604988766477448
2019-10-01_MAI_Turf,0.0010153448583889828
2019-10-02_FON_Turf,0.002752857785540688
2019-10-02_VIL_All Weather,0.00016917504685953462
2019-10-03_COM_Turf,0.0026570395430395854
2019-10-04_PET_Turf,0.0048775278704263686
2019-10-04_SAI_Turf,0.004206426452336616
2019-10-05_ANG_Turf,0.0025638289271179768
2019-10-05_LON_Turf,0.0036935778380747597
2019-10-05_PON_All Weather,0.0006815634017477803
2019-10-06_LON_Turf,0.0027833806277488176
2019-10-06_STR_Turf,0.005045894967069148
2019-10-07_CEP_Turf,0.0006669229408739398
2019-10-07_COM_Turf,0.0036590175844251967
2019-10-08_LYO_Turf,0.0013798232025303318
2019-10-10_BOU_Turf,0.0007962227917662496
2019-10-10_SAI_Turf,0.007801207271834119
2019-10-11_CHA_All Weather,0.0005035760747703633
2019-10-11_CHA_Turf,0.004373028571266064
2019-10-11_PON_All Weather,0.00022366417229827202
2019-10-12_BOR_Turf_early,0.0024917371148106848
2019-10-12_BOR_Turf_late,0.0012723664299871703
2019-10-12_MAI_Turf,0.0020677162934739637
2019-10-12_PLB_All Weather,0.0002405920823607524
2019-10-13_TAR_Turf,0.0015718486936561076
2019-10-14_COM_Turf,0.003400892109137244
2019-10-15_CHA_All Weather,0.0002361156599856475
2019-10-15_CHA_Turf,0.002578326997048574
2019-10-16_SAI_Turf,0.008369861192644977
2019-10-17_LON_Turf,0.007910236000393691
2019-10-18_MAI_Turf,0.0043298888323777965
2019-10-19_BOR_Turf,0.0030464965071505708
2019-10-19_CRO_Turf,0.00136734971171748
2019-10-20_CHO_Turf,0.006219723096236716
2019-10-20_LON_Turf,0.009714591456141054
2019-10-21_CLA_Turf,0.007927563389515734
2019-10-22_DEA_All Weather,0.0006611593490084989
2019-10-22_DEA_Turf,0.00853299495072064
2019-10-23_DEA_Turf_early,0.011052191010064823
2019-10-23_DEA_Turf_late,0.009655525502533575
2019-10-23_STR_Turf,0.006224228768751467
2019-10-24_DEA_All Weather_early,0.0005863736073637618
2019-10-24_DEA_All Weather_late,0.0003377285458014829
2019-10-25_ANG_Turf_early,0.0026213756589342258
2019-10-25_ANG_Turf_late,0.00226986879734848
2019-10-25_CLA_Turf,0.008992128604030829
2019-10-26_PAU_All Weather,0.0003047558543818394
2019-10-26_PET_Turf,0.005203083033779791
2019-10-26_SAI_Turf,0.006074901122109035
2019-10-27_LON_Turf_early,0.004293878101850785
2019-10-27_LON_Turf_late,0.005072997270266128
2019-10-28_BOR_Turf,0.0018931147040382734
2019-10-29_MAI_Turf,0.005318299066880432
2019-10-29_VIL_All Weather,0.0008819212702678947
2019-10-30_PLB_All Weather,0.00022396457308591547
2019-10-30_SAI_Turf,0.011018320850607262
2019-10-31_BOU_Turf,0.003229987136464946
2019-10-31_LON_Turf,0.008222729659024847
2019-11-01_AMI_Turf,0.00375075721282723
2019-11-02_DUR_Turf,0.006110978831382322
2019-11-02_PON_All Weather,0.0006797128891191525
2019-11-04_CRO_Turf,0.005382749082040405
2019-11-04_LYO_Turf,0.010819515989851326
2019-11-05_SAI_Turf,0.011032534582469592
2019-11-06_CHA_All Weather,0.0009922560477023785
2019-11-07_CHA_All Weather,0.0004799893102317196
2019-11-07_VIL_All Weather,0.0014187276393809434
2019-11-08_MAN_Turf,0.005928068973335955
2019-11-09_PAU_All Weather,0.00012892689808401708
2019-11-09_PON_All Weather,0.0006634768830310733
2019-11-09_SAI_Turf,0.012427423844746679
2019-11-11_CEP_Turf_early,0.0014842192241454539
2019-11-11_CEP_Turf_late,0.0027167909969468902
2019-11-11_STR_Turf,0.00615183389670535
2019-11-12_CHA_All Weather,0.00041874593354045787
2019-11-13_AMI_Turf_early,0.0043177807210720886
2019-11-13_AMI_Turf_late,0.006512045513224544
2019-11-13_ANG_Turf_early,0.0019606409966716385
2019-11-13_ANG_Turf_late,0.0027022480773115434
2019-11-13_LYO_Turf,0.007061332203862347
2019-11-14_CEP_Turf,0.006262375927701499
2019-11-14_FON_Turf,0.004622873679027099
2019-11-15_PET_Turf,0.005898370373245552
2019-11-16_CRO_Turf,0.0037530232050157104
2019-11-17_BOR_Turf,0.003234026343431321
2019-11-18_PON_All Weather,-8.04277124313508e-05
2019-11-19_CHA_All Weather,0.00038016036853957125
2019-11-20_CEP_Turf,0.006444944902396438
2019-11-21_ANG_Turf,0.005642811624337767
2019-11-21_VIL_All Weather,0.000874653522120038
2019-11-22_SAI_Turf,0.012427423844746679
2019-11-23_CHO_Turf,0.011366228419815924
2019-11-23_PON_All Weather,0.0007441578073421837
2019-11-25_BOU_Turf,0.005191497180219581
2019-11-25_PLB_All Weather,5.773420580570494e-05
2019-11-26_DEA_All Weather,0.0004952784435908314
2019-11-27_DEA_All Weather,0.0009820590330606887
2019-11-28_DEA_All Weather,0.00020403210413245753
2019-11-28_VIL_All Weather,0.0006774086167432807
2019-11-30_CEP_Turf,0.005383293476180019
2019-12-01_DEA_All Weather,0.0004796685544262496
2019-12-02_DEA_All Weather,0.0005395777818383152
2019-12-03_PON_All Weather,-0.00031308840083006195
2019-12-05_CRO_Turf,0.004091535002502214
2019-12-05_SAL_Turf,0.004990218370100712
2019-12-06_VIL_All Weather,-0.00043848883091647094
2019-12-07_AMI_Turf,0.008204670382737743
2019-12-08_CEP_Turf,0.005089263713491502
2019-12-09_PLB_All Weather,0.00021777902601984622
2019-12-10_PAU_All Weather,0.0003699743497971816
2019-12-12_CEP_Turf,0.00790331255977443
2019-12-12_CHA_All Weather,0.0007941971020167767
2019-12-12_PON_All Weather,0.00013623895423531826
2019-12-13_DEA_All Weather_early,0.0010607711807923156
2019-12-13_DEA_All Weather_late,0.0004544011992635044
2019-12-14_DEA_All Weather,0.00028110170715113747
2019-12-16_DEA_All Weather,0.00014625583406038722
2019-12-16_VIL_All Weather,0.000455441515648173
2019-12-17_PLB_All Weather,0.0008438353250279428
2019-12-18_CRO_Turf,0.005406188261683171
2019-12-18_PAU_All Weather,-0.0002862756502028211
2019-12-19_PON_All Weather,-0.00012262731817830376
2019-12-20_VIL_All Weather,0.0012280513347696217
2019-12-21_PAU_All Weather,-0.0004119030575723469
2019-12-22_DEA_All Weather,0.0005842427565061773
2019-12-23_CHA_All Weather_early,0.0006149411802205913
2019-12-23_CHA_All Weather_late,7.910675985803954e-05
2019-12-23_PLB_All Weather,0.0013307575494406817
2019-12-26_PON_All Weather,-0.00017436483573073861
2019-12-28_PLB_All Weather,0.0011956195900230413
2019-12-30_DEA_All Weather,-1.7086764149688203e-05
2019-12-30_PON_All Weather,0.0003146429590492238
2020-01-02_PAU_All Weather,0.00022354577836861112
2020-01-02_PLB_All Weather,0.0008539387415056155
2020-01-03_DEA_All Weather,0.0005325096771258686
2020-01-03_PAU_All Weather,-0.0003710970787742489
2020-01-04_DEA_All Weather,0.00034674655057227206
2020-01-04_PON_All Weather,0.000653730068414447
2020-01-06_VIL_All Weather,0.0006456095944714597
2020-01-07_PAU_All Weather,0.0007762243497971806
2020-01-08_CHA_All Weather,0.0004681474372984105
2020-01-09_PAU_All Weather,-5.130040563110766e-06
2020-01-09_PLB_All Weather,0.0011899252133904237
2020-01-10_PAU_All Weather,2.8737174898591015e-05
2020-01-10_PON_All Weather,-8.983256542630103e-05
2020-01-11_DEA_All Weather,0.00037503341396119154
2020-01-12_PAU_All Weather,0.00022414101646385358
2020-01-13_CAG_All Weather,0.002057026713505669
2020-01-14_CAG_Turf_early,0.001524201117686961
2020-01-14_CAG_Turf_late,-0.002485313025853516
2020-01-14_PAU_All Weather,0.00044299419958868585
2020-01-15_CAG_All Weather,0.0013102536620203957
2020-01-15_CAG_Turf,0.001997364056997281
2020-01-16_PAU_All Weather,0.0005287371748985922
2020-01-17_CAG_Turf,0.0018273212181698867
2020-01-18_CAG_All Weather,0.0008791677697484757
2020-01-18_PLB_All Weather,0.0010725246617774818
2020-01-19_CAR_Turf,0.0021612014810472925
2020-01-19_PAU_All Weather,0.0005037045085273415
2020-01-20_CAG_All Weather,0.00014135125373314225
2020-01-21_CAG_All Weather,0.00030474747119677714
2020-01-22_PAU_All Weather,0.0009485457783686125
2020-01-22_PLB_All Weather,0.0011707111129717564
2020-01-23_CAG_All Weather,0.0013557442393564434
2020-01-23_CAG_Turf,0.0027877944490444233
2020-01-24_CHA_All Weather,0.0006427105810626945
2020-01-24_PAU_All Weather,0.0003095151661237141
2020-01-25_PAU_All Weather,0.0001512243497971807
2020-01-27_CAG_All Weather,0.0011887718886537742
2020-01-27_CAG_Turf,0.002206749656509632
2020-01-28_PAU_All Weather,0.0015654015947610285
2020-01-29_CAG_All Weather,0.0007042471348278427
2020-01-30_CHA_All Weather,0.0004065449852900724
2020-02-01_CAG_All Weather,0.0006167097059764365
2020-02-01_CAG_Turf,0.00169314611816805
2020-02-01_MAL_Turf,0.005620353928694774
2020-02-02_PAU_All Weather,0.00019207256408289563
2020-02-03_PON_All Weather,0.00037975658751492525
2020-02-04_PAU_All Weather,0.00040373717489859337
2020-02-04_PLB_All Weather,0.0008605793741871959
2020-02-05_CAG_All Weather,0.00034190369365354943
2020-02-05_CAG_Turf,0.0008367977759499089
2020-02-06_MAR_Turf_early,0.001857831128653446
2020-02-06_MAR_Turf_late,0.001582984715505936
2020-02-07_CAG_Turf,0.0010823376066414893
2020-02-08_CHA_All Weather,0.0007320012496611954
2020-02-11_CEP_Turf,0.004314726493917328
2020-02-11_CHA_All Weather,0.0004786217708281979
2020-02-12_CAG_All Weather,0.0009969105988335788
2020-02-12_CAG_Turf,0.0011130195901061608
2020-02-13_PON_All Weather,0.0005275634017477805
2020-02-14_CHA_All Weather,0.00010371240814984958
2020-02-15_CAG_All Weather_early,0.0009811871243367283
2020-02-15_CAG_All Weather_late,0.00022498798268114005
2020-02-15_MAL_Turf,0.004786126908216824
2020-02-16_CAG_All Weather,0.000975035598833578
2020-02-16_CAG_Turf,0.0013873968111492976
2020-02-19_CAG_All Weather,0.0006498644689054373
2020-02-19_CAG_Turf,0.0013448990824808738
2020-02-20_CHA_All Weather,0.0005073758805719067
2020-02-20_VIL_All Weather,0.000489961830100378
2020-02-21_CHA_All Weather,0.0006311502522991205
2020-02-22_BOU_Turf,0.0024729750018122852
2020-02-22_CAG_All Weather,6.580278317482678e-05
2020-02-22_CAG_Turf,0.0011537585122570729
2020-02-23_VIL_All Weather,0.0007612706841096651
2020-02-25_CHA_All Weather,0.00019657698772596185
2020-02-25_MAR_Turf,0.0006744993220773884
2020-02-27_VIL_All Weather,0.0006784144440022076
2020-02-28_DEA_All Weather,0.0009712746428733816
2020-02-29_BOU_Turf,0.006677849503820042
2020-02-29_DEA_All Weather,0.001160382399513326
2020-03-01_CEP_Turf,0.003956856067634074
2020-03-02_PON_All Weather,0.0009384287942610974
2020-03-03_CHA_All Weather,0.00017639091564161872
2020-03-03_PLB_All Weather,0.0009096205777083555
2020-03-04_COM_Turf,0.011237411225849222
2020-03-05_FON_Turf,0.008791584076259757
2020-03-06_DEA_All Weather,0.0007174436078386683
2020-03-07_MAR_Turf,0.0037748772501145097
2020-03-08_COM_Turf_early,0.006190221756192971
2020-03-08_COM_Turf_late,0.007983759059648078
2020-03-09_CEP_Turf,0.007235658237780293
2020-03-09_CHA_All Weather,0.0003708790784051387
2020-03-10_CHA_All Weather,0.0002857373266505879
2020-03-11_CRO_Turf,0.005156218937739218
2020-03-12_FON_Turf,0.005677836759371487
2020-03-13_CHA_All Weather,0.0007644015814380491
2020-03-14_CEP_Turf,0.004982597632168777
2020-03-14_LYO_Turf,0.003708613971294089
2020-03-15_SAI_Turf,0.006426800545047905
2020-03-16_COM_Turf,0.0071677950562146035
2020-03-16_PON_All Weather,0.00032520647096481085
2020-05-11_CEP_Turf,0.005058693662190276
2020-05-11_LON_Turf,0.002566851282871258
2020-05-12_PON_All Weather,0.0008258410784514929
2020-05-12_SAI_Turf,0.0010719001569802406
2020-05-13_CHA_Turf,0.0011253519221234964
2020-05-14_ANG_Turf,0.00036233001579713927
2020-05-14_LON_Turf,0.0007704941815606982
2020-05-15_LYO_Turf,0.002161699812871879
2020-05-16_SAL_Turf,0.001875590343864583
2020-05-16_STR_Turf,0.0005816551311508801
2020-05-17_LAT_Turf,-0.00022046997761817442
2020-05-17_VIC_Turf_early,0.002568231891330381
2020-05-17_VIC_Turf_late,0.0011454585996998313
2020-05-18_BOR_Turf,0.0008674283084750153
2020-05-18_CHA_Turf,0.0004698546064732408
2020-05-19_SAI_Turf,0.0004016542582909575
2020-05-20_LAT_Turf,0.0007709267083525588
2020-05-21_DEA_Turf,0.001073235719824795
2020-05-21_LLA_Turf,0.0006766339078235947
2020-05-21_LYO_Turf,0.0005954217890842304
2020-05-22_VIC_Turf_early,0.0017445852546528944
2020-05-22_VIC_Turf_late,0.00019605942658510798
2020-05-23_ANG_Turf,0.0025034409519178024
2020-05-23_BOU_Turf,0.0014584603155335049
2020-05-23_SAL_Turf,0.0013782486340166286
2020-05-24_DEA_All Weather,0.00047188535332951865
2020-05-24_DEA_Turf,0.002444911250047765
2020-05-25_CHB_Turf,0.0011082183229427327
2020-05-25_LYO_Turf,0.001435742413466088
2020-05-26_DIE_Turf,0.0014748018159353692
2020-05-27_VIC_Turf,0.0022204675490675755
2020-05-28_CLA_Turf,0.0010066153254092217
2020-05-28_LYO_Turf,0.0014975003056926321
2020-05-29_BOU_Turf_early,0.0003143233036610087
2020-05-29_BOU_Turf_late,0.003105780001298981
2020-05-29_MOU_Turf,0.0008203372037484866
2020-05-30_DIE_Turf,0.001971486934939044
2020-05-31_CEP_Turf,0.0017536568600234146
2020-05-31_DEA_Turf,0.0008806359443574508
2020-06-01_DEA_All Weather,0.00084461799562504
2020-06-01_DEA_Turf,0.00010475988928362199
2020-06-01_SAL_Turf,0.0016595673393140886
2020-06-01_SEN_Turf,0.0010621724106301897
2020-06-02_BOR_Turf,0.0005916091473759003
2020-06-02_PET_Turf,0.0005839089405372651
2020-06-03_CHA_Turf,0.0017841584600237243
2020-06-03_LAT_Turf,0.001230370391080847
2020-06-04_CLA_Turf,0.0015670409719668345
2020-06-04_LYO_Turf,0.005132757560867839
2020-06-05_ANG_Turf,0.0020987193659607662
2020-06-06_CEP_Turf,0.0031717553645003323
2020-06-06_LYO_Turf,0.002298324332657654
2020-06-06_MAN_Turf,0.0006088365612100409
2020-06-07_AIX_Turf,0.003661152863741694
2020-06-08_DIE_Turf,0.0017084946619784448
2020-06-08_STR_Turf,0.0013963149768036836
2020-06-09_PET_Turf,0.0012150984461446427
2020-06-09_TAR_Turf,0.0012490750594731223
2020-06-10_CHA_Turf,0.0014471565034641003
2020-06-11_COM_Turf,0.0005393289693219202
2020-06-11_CRA_Turf_early,0.002572357284697563
2020-06-11_CRA_Turf_late,0.0036002273247315486
2020-06-12_CEP_Turf,0.003378680234398024
2020-06-12_DIE_Turf,0.0013752091577923235
2020-06-13_MOU_Turf,0.0024587105522750857
2020-06-13_PON_All Weather,0.0005578705192028197
2020-06-14_CHA_Turf,0.0006964797203331885
2020-06-15_LLA_Turf,0.0032948820518211024
2020-06-16_DAX_Turf,0.0009905253192093763
2020-06-16_DIE_Turf,0.0018166884378265807
2020-06-17_ANG_Turf,0.00468806042512929
2020-06-18_LAT_Turf,0.002190656660806124
2020-06-19_CHA_Turf,0.0017797501998219882
2020-06-19_LAT_Turf,0.0020860303939067145
2020-06-20_COM_Turf,0.0007750675004417855
2020-06-20_LAT_Turf,0.0013028576621265102
2020-06-20_LSO_Turf,-0.000635572911367606
2020-06-20_PON_All Weather,0.00023115459826501095
2020-06-21_BRA_Turf,0.0008231374063928211
2020-06-21_LYO_Turf,0.0003473464891719695
2020-06-22_LYO_Turf,0.0005584458520053169
2020-06-23_CRO_Turf,-0.0002163801944938033
2020-06-24_BOR_Turf,0.0016631933381737382
2020-06-25_LON_Turf,0.0004546568333727502
2020-06-26_CLA_Turf,0.001151871613313579
2020-06-27_CHA_Turf_early,0.0013297509454901157
2020-06-27_CHA_Turf_late,0.0021573059611845855
2020-06-27_DAX_Turf_early,0.00018313173515647823
2020-06-27_DAX_Turf_late,0.0010523123569766096
2020-06-27_PON_All Weather,0.0001357449325032717
2020-06-28_SAI_Turf,-0.0002706464328868399
2020-06-29_LAT_Turf,0.002316874140958606
2020-06-30_AIX_Turf,0.0016747071629066436
2020-06-30_SAI_Turf,0.00017770678358642952
2020-07-01_COM_Turf,0.0023845727670713406
2020-07-01_SEN_Turf,0.001535679868250159
2020-07-02_DAX_Turf,0.0017260819163428054
2020-07-02_LON_Turf,0.0015757311459924542
2020-07-03_SAI_Turf,0.0012724600512071633
2020-07-04_DIE_Turf,0.001895284998617814
2020-07-04_PET_Turf,0.0018440457098948648
2020-07-05_CHA_Turf,7.589840548999354e-05
2020-07-06_COM_Turf,0.000879280581063209
2020-07-07_CLA_Turf,0.00043326929940475784
2020-07-07_LLA_Turf,0.0018535475531861602
2020-07-08_BOR_Turf,0.00035710646808135974
2020-07-08_PLB_All Weather_early,0.0008179172342038159
2020-07-08_PLB_All Weather_late,0.00027656703209951117
2020-07-09_AIX_Turf,0.00018563329250973975
2020-07-09_CHB_Turf,-3.059914713458011e-05
2020-07-09_LON_Turf,0.0007334744316021366
2020-07-10_CLA_Turf,0.0005116464656046725
2020-07-11_LAT_Turf_early,0.002259666718290178
2020-07-11_LAT_Turf_late,0.0008070431331460901
2020-07-11_SEN_Turf,0.0012763213058167191
2020-07-12_DEA_Turf,0.0016001568918841513
2020-07-12_S-M_Turf,-9.996970467766983e-06
2020-07-13_SAI_Turf,0.0009443948696988673
2020-07-14_LON_Turf,0.0005066172401196569
2020-07-15_ARG_Turf,0.00044702988722966923
2020-07-15_MAR_Turf,3.929713123727642e-05
2020-07-16_COM_Turf,0.0022664649746528057
2020-07-16_LLA_Turf,0.00173649435944958
2020-07-17_CHA_Turf_early,0.0018624111357358841
2020-07-17_CHA_Turf_late,0.0012227022439526727
2020-07-18_LAT_Turf,0.002281563382018113
2020-07-19_CHA_Turf,0.0008244707570508248
2020-07-20_LSO_Turf,0.00046824892485434864
2020-07-20_VIC_Turf,0.0009296595598874304
2020-07-21_VIC_Turf,0.0012963420436265796
2020-07-22_DIE_Turf,0.0011059365989104582
2020-07-22_VIC_Turf,0.0012460534298939494
2020-07-23_LON_Turf,8.316018648357923e-05
2020-07-23_VIC_Turf,0.002278049109404034
2020-07-24_MAR_Turf,0.0007610339615193728
2020-07-24_VIC_Turf,0.0017067129277641884
2020-07-25_LAT_Turf,0.00182686776016931
2020-07-26_LAT_Turf,0.0008003244743931191
2020-07-26_TOU_Turf,0.0009515853641837805
2020-07-27_COM_Turf,0.0003344467599643314
2020-07-27_LSO_Turf,0.0008825987900178604
2020-07-28_CLA_Turf,0.0019550500607040983
2020-07-29_LLA_Turf,0.0011273871568897992
2020-07-29_VIT_Turf,0.0013413530508329682
2020-07-30_DEA_All Weather,0.0010032032177880418
2020-07-30_DEA_Turf,0.001354233057714177
2020-07-30_S-M_Turf,0.0010655083375121388
2020-07-30_VIC_Turf,0.0016816143994492407
2020-07-31_CLA_Turf,0.0008043798599385159
2020-08-01_DEA_All Weather,0.00045614422879694175
2020-08-01_DEA_Turf,0.0006037029838994233
2020-08-01_VIC_Turf,0.002498903348301158
2020-08-02_DEA_All Weather,0.000525994776738665
2020-08-02_DEA_Turf,0.0010655677946442646
2020-08-03_VIC_Turf,0.003696993013081796
2020-08-04_DAX_Turf,0.0009944855113631248
2020-08-04_DEA_All Weather,0.0001695131859696425
2020-08-04_DEA_Turf,0.0018929794949168936
2020-08-05_LAT_Turf,0.0008942187001313371
2020-08-06_DEA_All Weather,0.0006619532245621413
2020-08-06_DEA_Turf,0.0018228459832487008
2020-08-06_VIC_Turf,0.003037942637473743
2020-08-07_CLA_Turf,0.0006294183011415534
2020-08-07_PLB_All Weather,0.0002879234728726092
2020-08-08_DEA_All Weather,0.0003138485676845588
2020-08-08_DEA_Turf,0.00030812397664155234
2020-08-08_VIC_Turf,0.004166379739463691
2020-08-09_DEA_Turf,0.0006137101419723249
2020-08-10_CLA_Turf,0.001450416084555091
2020-08-11_DEA_Turf,0.0019505706038570724
2020-08-11_MOU_Turf_early,0.0008536270920028373
2020-08-11_MOU_Turf_late,-3.806990390406356e-05
2020-08-12_LLA_Turf,0.0026805907585666575
2020-08-12_TOU_Turf_early,0.001387771218283024
2020-08-12_TOU_Turf_late,0.0009041451623458336
2020-08-13_DEA_Turf,0.0045663066510625025
2020-08-13_VIC_Turf,0.0030404807089933882
2020-08-14_CLA_Turf,0.004251759764206807
2020-08-14_LAT_Turf,0.0029928168821273635
2020-08-15_DEA_Turf,0.004581331752774251
2020-08-15_LAT_Turf,0.003666928211565125
2020-08-15_VIC_Turf,0.0019533017578720613
2020-08-16_DEA_All Weather,0.00023624665644941172
2020-08-16_DEA_Turf,0.004023059213663275
2020-08-16_LLA_Turf,0.0033653584582773273
2020-08-17_CLA_Turf,0.00495347837823369
2020-08-18_DEA_All Weather,0.00028988341442252386
2020-08-18_DEA_Turf,0.004284010630664832
2020-08-18_VIC_Turf,0.0015525321743456125
2020-08-19_CLA_Turf,0.005752344584190101
2020-08-20_DEA_All Weather,0.00031522488291743243
2020-08-20_PLB_All Weather,0.0008574612879986641
2020-08-21_CLA_Turf,0.004736343307604299
2020-08-22_DEA_Turf,0.003964894012005538
2020-08-22_MOU_Turf,0.0018592747441762965
2020-08-22_S-M_Turf,0.0021797270362147107
2020-08-23_DEA_Turf,0.002439014647286979
2020-08-24_CHB_Turf_early,0.0015828628627812917
2020-08-24_CHB_Turf_late,0.0008320009095599681
2020-08-25_DEA_All Weather,0.0005334888541030245
2020-08-25_DEA_Turf,0.002141719803036489
2020-08-25_VIC_Turf,0.0010795499753069868
2020-08-26_CLA_Turf,0.0028551851352729384
2020-08-27_DEA_All Weather,0.00013652109252813767
2020-08-27_DEA_Turf,0.0030859386599975808
2020-08-27_LLA_Turf,0.0003765958873165538
2020-08-28_CLA_Turf_early,0.0029174310162632024
2020-08-28_CLA_Turf_late,0.0051657005041709295
2020-08-28_PLB_All Weather,0.00012921381812850403
2020-08-29_DEA_All Weather,0.00036712654449871305
2020-08-30_BOR_Turf,0.00026874243255691486
2020-08-30_DEA_All Weather,0.0001567842266792041
2020-08-30_DEA_Turf,0.004266511925696014
2020-08-31_SAI_Turf,0.0005373790531520256
2020-08-31_SAL_Turf,0.001852261483707274
2020-09-01_LYO_Turf,0.0008437960193343863
2020-09-02_EVX_Turf,0.001927790207568555
2020-09-03_LON_Turf,0.0013503027486561397
2020-09-04_LAT_Turf_early,0.001413318382095685
2020-09-04_LAT_Turf_late,-0.0013788415580175272
2020-09-05_CAR_Turf,0.002600887118729348
2020-09-05_CRA_Turf,0.0014373602284771447
2020-09-05_LAT_Turf,0.0010828101374644524
2020-09-06_BRA_Turf,0.0016582857832269102
2020-09-06_LON_Turf,0.0007953450877435043
2020-09-07_CRA_Turf,0.0007174176144648599
2020-09-08_CHB_Turf,0.0029592845835183052
2020-09-08_MAR_Turf,0.00099812891340598
2020-09-09_LYO_Turf,0.0007686311631131616
2020-09-10_LON_Turf,0.0009184387518222036
2020-09-11_BOR_Turf,0.0018220640244530355
2020-09-11_SAI_Turf,-5.022863574301529e-05
2020-09-12_BRA_Turf,0.0019022085353473312
2020-09-12_CHA_Turf,0.0006826157637912529
2020-09-12_CHO_Turf_early,0.002006731174424438
2020-09-12_CHO_Turf_late,0.0005368448187256874
2020-09-13_EVX_Turf,0.0026102715629858393
2020-09-13_LON_Turf,-0.00026602629236384265
2020-09-14_COM_Turf,0.0006450597127099264
2020-09-15_SAI_Turf,-0.0001684338062865096
2020-09-16_FON_Turf,0.0003720880992384065
2020-09-17_COM_Turf,0.000798390784927543
2020-09-18_CHA_Turf,0.0007005513065089173
2020-09-18_PET_Turf,0.001473574742168492
2020-09-19_MAR_Turf,0.0013272017559337315
2020-09-19_SAI_Turf,0.0006982884888442849
2020-09-20_CRA_Turf,0.0017642410940805146
2020-09-20_DAX_Turf,0.003723808180804916
2020-09-20_FON_Turf,0.0005119470268136705
2020-09-21_BOR_Turf,0.001622274455807771
2020-09-21_CRA_Turf,0.004131499751728857
2020-09-22_BOU_Turf,0.002514616361115467
2020-09-23_SAI_Turf,0.0008825822568824739
2020-09-24_LYO_Turf,0.002581796165622899
2020-09-25_CHA_Turf,0.0029110750580446936
2020-09-25_MAN_Turf,0.0012841010438649307
2020-09-26_ARG_Turf,0.0016203067063220327
2020-09-26_VIL_All Weather,0.001405665623877068
2020-09-27_STR_Turf,0.0012895250915111803
2020-09-28_CHA_Turf,0.006349173588315912
2020-09-29_FON_Turf,0.0015639996353734912
2020-09-30_MAR_Turf,0.002023811510101435
2020-09-30_VIL_All Weather,0.0003799634790093309
2020-10-01_COM_Turf_early,0.004126573560995884
2020-10-01_COM_Turf_late,0.0029371162662405565
2020-10-02_SAI_Turf,0.007930848726955644
2020-10-03_ANG_Turf_early,0.0016072294249180857
2020-10-03_ANG_Turf_late,0.0020852865131247822
2020-10-03_LON_Turf,0.005392216378300374
2020-10-03_PON_All Weather,0.000981595460927763
2020-10-04_LON_Turf,0.003880657100025242
2020-10-04_STR_Turf,0.001971994178233495
2020-10-05_CEP_Turf,0.005837548971977636
2020-10-05_FON_Turf,0.0018054460721783992
2020-10-06_CHA_Turf_early,0.0037265603683752533
2020-10-06_CHA_Turf_late,0.004999366818033465
2020-10-07_PLB_All Weather,8.676037383534459e-05
2020-10-08_BOU_Turf,0.004084039590085324
2020-10-08_SAI_Turf,0.0038902247647389274
2020-10-09_COM_Turf,0.0063537807245397015
2020-10-09_PON_All Weather,0.0009916093246056883
2020-10-10_AMI_Turf,0.0015155916865182899
2020-10-10_BOR_Turf,0.0014546779494712142
2020-10-10_CHA_Turf,0.0057922797854137505
2020-10-12_LYO_Turf,0.002480075730417169
2020-10-13_CHA_Turf,0.007639158037822183
2020-10-14_SAI_Turf,0.00622895055075164
2020-10-15_LON_Turf,0.005266288798321173
2020-10-16_FON_Turf,0.001256557916687721
2020-10-17_BOR_Turf_early,0.0012631838141153298
2020-10-17_BOR_Turf_late,0.00237625179943389
2020-10-17_CRO_Turf_early,0.00033421862742015164
2020-10-17_CRO_Turf_late,0.00107479920381853
2020-10-18_CEP_Turf,0.00532589224525729
2020-10-19_CLA_Turf,0.0036397091285884824
2020-10-19_VIL_All Weather,0.00047814169680356587
2020-10-20_DEA_All Weather,0.00037304929366346304
2020-10-20_DEA_Turf,0.001356379323098569
2020-10-21_DEA_All Weather,6.291059403365684e-06
2020-10-21_DEA_Turf,0.00657659238025871
2020-10-21_STR_Turf,0.002875630210815735
2020-10-22_DEA_All Weather,0.0006778369686874138
2020-10-22_DEA_Turf,0.008306729182139502
2020-10-23_ANG_Turf,0.0017706962106463135
2020-10-23_CLA_Turf,0.007524227482920403
2020-10-24_CEP_Turf,0.004706033602645195
2020-10-24_PET_Turf,0.004910304033286153
2020-10-24_SAI_Turf_early,0.0033193593631506485
2020-10-24_SAI_Turf_late,0.0046998340579660555
2020-10-25_CHO_Turf,0.005700820397286925
2020-10-25_LON_Turf,0.006744963071649744
2020-10-26_BOR_Turf,0.0011539829145520463
2020-10-27_COM_Turf,0.007091208727293961
2020-10-27_VIL_All Weather,0.0007281440691225857
2020-10-28_PLB_All Weather,0.00045146457308591504
2020-10-29_BOU_Turf,0.009389452489744965
2020-10-29_LON_Turf,0.008575841368132072
2020-10-30_AMI_Turf_early,0.0028666273964278125
2020-10-30_AMI_Turf_late,0.0038729970444823488
2020-10-30_SAI_Turf,0.006102769618467656
2020-10-31_CHA_Turf,0.007245805858145217
2020-10-31_PAU_All Weather_early,0.0007255958062060412
2020-10-31_PAU_All Weather_late,0.00035853188805944774
2020-10-31_PON_All Weather,0.000407441039921266
2020-11-01_VIL_All Weather,0.000499585318358129
2020-11-02_CEP_Turf,0.0022695835530101506
2020-11-03_SAI_Turf,0.008166847220081815
2020-11-04_CHA_All Weather,0.0006262519731464594
2020-11-05_CRO_Turf,0.003091316090055645
2020-11-05_LYO_Turf,0.0031423493054992847
2020-11-06_CHA_All Weather_early,0.0012421645641462538
2020-11-06_CHA_All Weather_late,0.00036524148722317655
2020-11-06_MAN_Turf,0.0016019626785950909
2020-11-07_BOU_Turf,0.004421667246803857
2020-11-07_PON_All Weather,0.0007540590429653064
2020-11-07_SAI_Turf,0.007132574951901964
2020-11-08_CRO_Turf,0.0017778786575112897
2020-11-09_ANG_Turf,0.002511986566298981
2020-11-09_LYO_Turf,0.0051189033932680485
2020-11-10_CHA_All Weather,0.0006819090435577547
2020-11-11_CEP_Turf,0.0010852232874853213
2020-11-11_STR_Turf,0.0028560254656873592
2020-11-12_FON_Turf,0.0026372805005088714
2020-11-12_PON_All Weather,0.0009033967350811116
2020-11-13_PET_Turf,0.002489100370370544
2020-11-13_SAI_Turf,0.0077136304923759265
2020-11-14_BOR_Turf,0.001000605071606006
2020-11-14_BRA_Turf,0.0027625627092614027
2020-11-15_CAR_Turf,0.007152036990993897
2020-11-15_CRO_Turf,0.00577300093399927
2020-11-16_VIL_All Weather,0.00041228987400157926
2020-11-17_SAI_Turf,0.00762158905488095
2020-11-18_CEP_Turf,0.002246055131333473
2020-11-18_CHA_All Weather,0.00023034746628237488
2020-11-19_FON_Turf,0.002025400662813878
2020-11-19_VIL_All Weather_early,0.0007884235067207517
2020-11-19_VIL_All Weather_late,0.0018158061027847294
2020-11-20_MAN_Turf,0.002826062213717294
2020-11-20_PAU_All Weather,0.00021591590823874092
2020-11-21_CRA_Turf,0.006780531445068496
2020-11-21_PLB_All Weather,-0.00026490829961021755
2020-11-22_BOU_Turf,0.0032295289865922933
2020-11-23_PON_All Weather,0.001218726506610169
2020-11-24_DEA_All Weather,0.0006037405208021378
2020-11-25_DEA_All Weather,0.0006968777972269462
2020-11-26_CEP_Turf,0.0015006128937900022
2020-11-26_SAL_Turf,0.0014767316497699746
2020-11-27_SAI_Turf,0.006729609727206281
2020-11-27_VIL_All Weather,0.000617053811491425
2020-11-28_CHA_All Weather,0.00020221381399190567
2020-11-29_ANG_Turf,0.002288543601278595
2020-11-30_DEA_All Weather,0.0005030697393733024
2020-12-01_DEA_All Weather,5.723304511717159e-05
2020-12-02_CRO_Turf,0.006121786920091588
2020-12-03_PON_All Weather_early,0.0014326093369964128
2020-12-03_PON_All Weather_late,0.0005554253608079666
2020-12-04_VIL_All Weather,0.0007451113690932563
2020-12-05_AMI_Turf,0.008259434237062904
2020-12-06_CEP_Turf_early,0.0026337189713669037
2020-12-06_CEP_Turf_late,0.0019954887447936657
2020-12-07_PLB_All Weather,-3.4526516965142726e-05
2020-12-08_CHA_All Weather,0.00013170246783454574
2020-12-10_PON_All Weather,0.0008654768830310699
2020-12-11_DEA_All Weather,0.0007358623664188345
2020-12-12_DEA_All Weather_early,0.001181291903173849
2020-12-12_DEA_All Weather_late,0.00019470945170699163
2020-12-13_CRO_Turf,0.00733765948629881
2020-12-13_PAU_All Weather,0.0011184340593789397
2020-12-14_CEP_Turf,0.005269717110576232
2020-12-15_PAU_All Weather,4.854577836861044e-05
2020-12-15_PLB_All Weather,0.0008333143930592257
2020-12-16_PON_All Weather,0.00038809080608717006
2020-12-17_DEA_All Weather,0.0004905420351500376
2020-12-18_VIL_All Weather,0.001008211484255419
2020-12-19_DEA_All Weather,0.00023820439908667787
2020-12-20_PAU_All Weather,0.0012137243497971823
2020-12-20_VIL_All Weather,-0.0003495161328454886
2020-12-21_CHA_All Weather,0.000434310299925105
2020-12-22_PLB_All Weather,0.00012161003989700699
2020-12-23_PON_All Weather_early,0.001124917029304106
2020-12-23_PON_All Weather_late,0.0008446636112634686
2020-12-26_PLB_All Weather,4.5014227118416725e-05
2020-12-27_DEA_All Weather,0.0007123939408274433
2020-12-28_DEA_All Weather,0.0006528762168730996
2020-12-29_PON_All Weather,0.0002432941867744147
2020-12-31_PAU_All Weather,0.00018534614991308243
2021-01-02_DEA_All Weather_early,0.0015787110527144532
2021-01-02_DEA_All Weather_late,0.0005489859256928022
2021-01-03_DEA_All Weather,0.0007053504455911266
2021-01-04_PLB_All Weather,0.00032305896840869176
2021-01-05_VIL_All Weather,0.00032529045423735796
2021-01-06_PAU_All Weather,0.00033723625455908646
2021-01-07_PON_All Weather,0.0006477032618876375
2021-01-08_DEA_All Weather,0.0006313428599834242
2021-01-08_PAU_All Weather,0.0005574743497971798
2021-01-09_DEA_All Weather,0.0008142349469258056
2021-01-10_PLB_All Weather,0.000644170098111173
2021-01-11_PAU_All Weather,0.00014854577836861184
2021-01-13_CHA_All Weather,0.0006260829088290044
2021-01-14_PAU_All Weather,0.001057474349797187
2021-01-14_PLB_All Weather,0.00019257917851886214
2021-01-14_VIL_All Weather,0.0012738292768081818
2021-01-15_PON_All Weather,0.0005698981880086003
2021-01-16_CHA_All Weather,0.0006752386339567703
2021-01-17_CAR_Turf,0.0008627972163929396
2021-01-18_CAG_All Weather,0.001610940081985686
2021-01-18_CAG_Turf,0.005379502375347891
2021-01-19_CAG_All Weather_early,0.0013761871243367278
2021-01-19_CAG_All Weather_late,0.000880895722824856
2021-01-19_PAU_All Weather,0.000653737174898591
2021-01-20_CAG_All Weather,0.0013510629548437088
2021-01-20_CAG_Turf,0.004543297731716164
2021-01-21_PAU_All Weather,-0.00015936238489669437
2021-01-22_CAG_Turf,0.007085838760333238
2021-01-23_CAG_All Weather,0.0013053586877156621
2021-01-23_CAG_Turf,0.0029298619866652614
2021-01-23_PLB_All Weather,0.0003437198430624738
2021-01-24_PAU_All Weather,0.0004404108577336926
2021-01-25_CAG_All Weather_early,0.0002261871243367257
2021-01-25_CAG_All Weather_late,0.001045294267193876
2021-01-26_CAG_All Weather_early,0.0006631097298370913
2021-01-26_CAG_All Weather_late,0.00010294657465705966
2021-01-27_PAU_All Weather,0.0010931886355114659
2021-01-27_PLB_All Weather,-8.755072918268716e-05
2021-01-28_CAG_All Weather,0.0010266370964992977
2021-01-28_CAG_Turf,0.004203355345254307
2021-01-29_CHA_All Weather,0.0010263170497327877
2021-01-29_PAU_All Weather,0.000653737174898591
2021-01-30_PAU_All Weather,0.0007181886355114669
2021-02-01_CAG_Turf_early,0.0052156192787359175
2021-02-01_CAG_Turf_late,0.004211944037935202
2021-02-02_PAU_All Weather,0.002134579158970388
2021-02-03_CAG_All Weather,0.0012027862362375137
2021-02-04_CHA_All Weather_early,0.0008239269159446432
2021-02-04_CHA_All Weather_late,0.00010303206395088484
2021-02-05_PAU_All Weather,0.00048476058999118654
2021-02-06_CAG_All Weather,0.0005631382774050094
2021-02-06_CAG_Turf,0.002193551765890701
2021-02-06_MAL_Turf,0.0022575768039315397
2021-02-07_PAU_All Weather,-0.00033844185669973186
2021-02-08_PON_All Weather_early,0.0011814423986992897
2021-02-08_PON_All Weather_late,0.0006622626788625298
2021-02-09_VIL_All Weather,7.6124920947927e-05
2021-02-10_CAG_All Weather,0.00035047512222497737
2021-02-10_CAG_Turf,0.0055549280679598086
2021-02-11_MAR_Turf,0.006610837233413266
2021-02-12_CAG_All Weather,0.00048282757268977724
2021-02-12_CAG_Turf,0.0034808336372977
2021-02-13_CHA_All Weather,0.0007057591197593307
2021-02-14_CAG_All Weather_early,0.0005347418766710131
2021-02-14_CAG_All Weather_late,0.00023858803051716844
2021-02-14_CAG_Turf,0.0028045967233963215
2021-02-15_CEP_Turf,0.006204028067498855
2021-02-16_CHA_All Weather,0.0003228406902726621
2021-02-17_CAG_All Weather,0.0011804751222249772
2021-02-17_CAG_Turf,0.004425681427333458
2021-02-18_PON_All Weather,0.00020223006841444606
2021-02-19_CHA_All Weather,0.0007350351760437423
2021-02-20_CAG_All Weather,0.0006143286451627962
2021-02-20_MAL_Turf,0.0030746667620852428
2021-02-21_CAG_All Weather,0.001287031018522158
2021-02-22_CHA_All Weather,0.0008742402228130578
2021-02-24_CAG_All Weather,0.0006503635521302815
2021-02-24_CAG_Turf,0.001931265808832962
2021-02-25_CHA_All Weather,7.16814412356225e-05
2021-02-26_CHA_All Weather,0.0005093249446759203
2021-02-27_CAG_All Weather,0.00025503424776092876
2021-02-27_CAG_Turf,0.0017620327666898617
2021-02-28_BOU_Turf,0.004548060228680372
2021-02-28_VIL_All Weather,-0.0006150929298631129
2021-03-01_MAR_Turf,0.001737594685389514
2021-03-02_CHA_All Weather,0.0003409022857588466
2021-03-03_PON_All Weather,0.00013027057352891312
2021-03-04_PLB_All Weather,0.00023729219902431954
2021-03-05_BOU_Turf,0.003048175865570019
2021-03-05_DEA_All Weather,0.0011089643152035692
2021-03-06_DEA_All Weather,0.0007757673395225103
2021-03-07_CEP_Turf,0.002197867800251033
2021-03-08_PLB_All Weather,5.281515340735334e-05
2021-03-08_PON_All Weather,0.0007873064166387192
2021-03-09_CHA_All Weather,0.0005539049258301636
2021-03-10_CHA_All Weather,0.0006450634088191859
2021-03-11_SAI_Turf,0.002247404985952429
2021-03-12_FON_Turf,0.0023914638476100676
2021-03-13_MAR_Turf,0.0006196281884953767
2021-03-14_CEP_Turf,0.005324858582880274
2021-03-14_COM_Turf,0.008552589306109743
2021-03-15_CHA_All Weather,0.0003237351663529726
2021-03-15_PON_All Weather,0.0003962866031189031
2021-03-16_CHA_All Weather,0.00017152626332967948
2021-03-18_CHA_All Weather,0.0003284849624003702
2021-03-19_FON_Turf,0.0036366387902449205
2021-03-20_CEP_Turf,0.0033244225443369827
2021-03-20_LYO_Turf,0.00030164627586629414
2021-03-21_SAI_Turf,0.0029452200521202974
2021-03-22_COM_Turf,0.0077455216650250906
2021-03-22_PON_All Weather,0.0006144291987010339
2021-03-23_CHA_All Weather,0.0005414267124241433
2021-03-24_CRO_Turf,0.0010959441027080605
2021-03-24_LAT_Turf,0.000757992564601757
2021-03-25_SAI_Turf,0.00351980507369095
2021-03-25_VIL_All Weather,0.0003707982506422552
2021-03-26_PON_All Weather,0.00046212373617792395
2021-03-27_BOR_Turf,0.0005580587471482923
2021-03-27_PLB_All Weather,0.0003704866247218179
2021-03-28_AMI_Turf_early,0.004905892900251683
2021-03-28_AMI_Turf_late,0.006863024442528079
2021-03-29_SAI_Turf,0.0017666369041438113
2021-03-30_FON_Turf,0.0015975686945383324
2021-03-31_STR_Turf,0.0015834427600047265
2021-04-01_CHA_All Weather,0.0002909724443465892
2021-04-02_BOU_Turf,0.0015555785482438723
2021-04-02_CHA_All Weather,0.0005649524413254682
2021-04-03_SAI_Turf,0.0007527983617741754
2021-04-04_LLA_Turf,0.0003622334203174148
2021-04-05_BOR_Turf,0.0018686102900172465
2021-04-05_CHA_Turf,0.0005604443948904395
2021-04-06_CEP_Turf,0.00023637629075596515
2021-04-06_SAI_Turf,0.0011119136981396587
2021-04-07_DEA_All Weather,0.0017362227111964235
2021-04-07_DEA_Turf,0.0007584325290304651
2021-04-07_VIL_All Weather,7.909069322682314e-05
2021-04-08_DEA_All Weather,0.00028521949938443866
2021-04-08_DEA_Turf,0.001297590786360941
2021-04-09_FON_Turf,0.0015899135095254365
2021-04-09_SAL_Turf,0.0014393088152936412
2021-04-10_PET_Turf,0.002443136713273924
2021-04-11_LON_Turf,0.004257139668034412
2021-04-12_CRO_Turf,0.002212413599019655
2021-04-13_CHA_All Weather,0.00023165971977033058
2021-04-13_CHA_Turf,0.0036235152433730564
2021-04-13_TAR_Turf,0.0038836611212125856
2021-04-14_SAI_Turf,0.0025859972260717625
2021-04-14_SEN_Turf,0.0031383397116173497
2021-04-15_LYO_Turf,0.0009568170627639441
2021-04-16_FON_Turf,0.00191306543439434
2021-04-16_LAT_Turf,0.0008520444292631934
2021-04-17_BOR_Turf,0.0033496232116633036
2021-04-17_BOU_Turf_early,0.004815419638057623
2021-04-17_BOU_Turf_late,0.0013059461279959616
2021-04-18_LON_Turf,0.0017338860842649976
2021-04-18_STR_Turf,0.0013519890210664579
2021-04-19_LLA_Turf,0.0011787746748241064
2021-04-19_SAI_Turf,0.001411837422017067
2021-04-20_CHA_Turf,0.001818205168663351
2021-04-21_CHO_Turf,0.001143707805497852
2021-04-22_LON_Turf,0.0016913634667287804
2021-04-22_MOU_Turf,0.001564358810932565
2021-04-23_COM_Turf,0.0013218901076140473
2021-04-23_PON_All Weather_early,0.001011442398699288
2021-04-23_PON_All Weather_late,0.00041337856776564667
2021-04-24_BRA_Turf,0.0013151948720651497
2021-04-24_FON_Turf,0.0014595188905314196
2021-04-24_LYO_Turf,0.0012750038540611343
2021-04-25_CEP_Turf,-0.00010714112760795716
2021-04-26_CHA_Turf,0.0007921602668806723
2021-04-27_BOR_Turf,0.001824380006812401
2021-04-27_BOU_Turf,0.0012254255892699749
2021-04-28_LAT_Turf,0.00224265000429819
2021-04-28_SAI_Turf,0.002271053954721284
2021-04-29_LYO_Turf,0.0025054826188406535
2021-04-30_PON_All Weather,-0.00021120640387410253
2021-05-01_EVX_Turf,0.0028047597085835135
2021-05-01_SAI_Turf,-0.0008832814027152215
2021-05-02_LON_Turf,0.0011499654663954004
2021-05-02_TAR_Turf,0.004002186921604924
2021-05-03_BRA_Turf,0.0019819327737598796
2021-05-03_PET_Turf,0.001096184936077903
2021-05-04_CHA_Turf,0.001945800619915874
2021-05-05_FON_Turf,0.0012559339828762941
2021-05-06_LON_Turf,0.002924017073389009
2021-05-07_BOR_Turf,0.00211150459512739
2021-05-07_CHA_All Weather,0.00016693704547106903
2021-05-07_CHA_Turf,0.0027616729072299294
2021-05-08_DAX_Turf,0.002187445729762502
2021-05-08_LYO_Turf,0.0014312240451932144
2021-05-09_BOU_Turf,0.00318873058836648
2021-05-09_LYO_Turf,0.0015987770488978452
2021-05-10_MAN_Turf,0.0016162035478634537
2021-05-10_SAI_Turf,0.0012389690083679196
2021-05-11_CHA_All Weather,-0.0001636995902407581
2021-05-11_CHA_Turf,0.0023061312540742607
2021-05-12_COM_Turf,0.001613190955947819
2021-05-13_LLA_Turf,0.001764254590290972
2021-05-13_LON_Turf,0.002161306905471121
2021-05-13_LYO_Turf,0.0024156584735064695
2021-05-14_BOR_Turf,0.0014802522912510485
2021-05-14_SAI_Turf,0.004098126195028694
2021-05-15_CEP_Turf,0.0035197643104244087
2021-05-15_PET_Turf,0.004084080678595108
2021-05-16_BRA_Turf,0.004537529063495864
2021-05-16_LON_Turf,0.0020546698402402037
2021-05-17_CHA_Turf,0.0025891508562520425
2021-05-18_SAI_Turf,0.004794213451832509
2021-05-19_CRO_Turf,0.0019034288545000297
2021-05-19_STR_Turf,0.004953079525221581
2021-05-20_LON_Turf,0.0036608813863295863
2021-05-20_VIC_Turf,0.0057753374175239505
2021-05-21_VIC_Turf,0.005195604399448421
2021-05-22_CEP_Turf,0.003029183609714594
2021-05-23_LLA_Turf,0.0011198834325583898
2021-05-23_MOU_Turf,0.0028352502198584896
2021-05-24_LON_Turf_early,0.0014346620830156577
2021-05-24_LON_Turf_late,0.0024558422501956387
2021-05-24_SAL_Turf,0.0007325239881739455
2021-05-25_COM_Turf,0.006624593119055272
2021-05-26_SAI_Turf,0.005515428057100733
2021-05-27_LON_Turf,0.003879885975179045
2021-05-27_LYO_Turf_early,-0.00010369361235886708
2021-05-27_LYO_Turf_late,0.0008239262947762467
2021-05-28_ANG_Turf,0.00020954205920587304
2021-05-28_LAT_Turf,0.0006171219069053729
2021-05-29_BOU_Turf,6.119960928827837e-05
2021-05-29_CHB_Turf,0.0021839383823875538
2021-05-30_LON_Turf,0.0006067867543746386
2021-05-31_BOR_Turf,0.00019263553037931377
2021-06-01_STR_Turf,-0.0006814490883155673
2021-06-02_SAI_Turf,0.001464889995662037
2021-06-03_LON_Turf,0.0011323281718374646
2021-06-03_LYO_Turf,0.0012376921195800894
2021-06-04_CEP_Turf,0.004602682642493947
2021-06-04_COM_Turf_early,0.0048346454933479435
2021-06-04_COM_Turf_late,0.003891282030913539
2021-06-05_SAL_Turf_early,0.0013918754021966272
2021-06-05_SAL_Turf_late,0.0005760151170148259
2021-06-06_CHA_Turf,0.0022648063513429732
2021-06-07_PET_Turf,0.0004258459169876434
2021-06-07_PON_All Weather,0.0006306814047918184
2021-06-08_SAI_Turf,0.0013671204171114327
2021-06-09_LAT_Turf,0.0012743679910777698
2021-06-09_LYO_Turf_early,0.0005179059763794073
2021-06-09_LYO_Turf_late,0.0026151439030692295
2021-06-10_LON_Turf,0.0013575331587237383
2021-06-11_COM_Turf_early,0.0020746441327596766
2021-06-11_COM_Turf_late,0.0011078050686437648
2021-06-11_LYO_Turf,0.001622433811541108
2021-06-12_TAR_Turf,0.0009942406416237357
2021-06-13_AIX_Turf,0.000945777632091841
2021-06-13_LON_Turf,0.0008605746604502984
2021-06-14_SAL_Turf_early,0.001975869293595677
2021-06-14_SAL_Turf_late,0.001156478973186209
2021-06-15_COM_Turf_early,0.0017511171371995314
2021-06-15_COM_Turf_late,0.0012254235121282678
2021-06-16_SAI_Turf,0.001891123106431387
2021-06-17_CRA_Turf_early,0.0013743562404717146
2021-06-17_CRA_Turf_late,0.0004944134166403244
2021-06-17_LAT_Turf,0.0029977338767275016
2021-06-18_DIE_Turf,0.00352388956778878
2021-06-18_LAT_Turf,0.003732638671919834
2021-06-19_LAT_Turf,0.0046117395293991436
2021-06-20_CHA_Turf,0.0014873961186725468
2021-06-21_SAI_Turf,0.004826488504589224
2021-06-22_PET_Turf,0.002190463908996296
2021-06-23_PON_All Weather,-0.0006614499936176911
2021-06-24_CEP_Turf,0.0032395297246428662
2021-06-24_LON_Turf,0.0037434453707830447
2021-06-25_CHA_Turf,0.0024509434014942178
2021-06-25_DAX_Turf,0.0020279926587556357
2021-06-26_COM_Turf,0.004261230320338006
2021-06-26_LLA_Turf,0.0019676310791333796
2021-06-27_LYO_Turf,0.0013559299866808085
2021-06-28_LYO_Turf,0.001563483187502694
2021-06-29_SEN_Turf,0.0028041494398910152
2021-06-30_BOR_Turf,0.0010519726031486935
2021-07-01_LON_Turf,0.0028263379892271494
2021-07-02_COM_Turf,0.003244765650530049
2021-07-03_CHA_Turf,0.0021206245540741466
2021-07-04_SAI_Turf,0.0003341003374272373
2021-07-06_COM_Turf,0.0049500989579441355
2021-07-06_LAT_Turf,0.0018606855256211386
2021-07-07_AIX_Turf,0.002142591830955474
2021-07-07_CHA_All Weather,0.0008193695696016175
2021-07-07_CHA_Turf,0.003220655112325193
2021-07-08_LON_Turf,0.0014879476474713512
2021-07-08_PET_Turf,0.00299347452615597
2021-07-09_SAI_Turf,0.00017600502893710027
2021-07-10_COM_Turf,0.003588629626443631
2021-07-10_LSO_Turf,0.0020960511461653422
2021-07-11_DAX_Turf,0.00035099876509543865
2021-07-11_DEA_Turf,0.002194633426394482
2021-07-11_SEN_Turf,0.001666517153986158
2021-07-12_CLA_Turf,0.004613445895560452
2021-07-13_DEA_All Weather,0.0011575737241070838
2021-07-13_DEA_Turf,0.006953913107017646
2021-07-13_LLA_Turf,0.0046456112780312335
2021-07-14_AIX_Turf,0.003929638633252787
2021-07-14_LON_Turf,0.002544214950443559
2021-07-15_CHA_Turf,0.004386029280759461
2021-07-16_LAT_Turf,0.003434745335445648
2021-07-17_BRA_Turf,0.0029607809346014345
2021-07-17_DIE_Turf,0.002142637512808821
2021-07-17_MAR_Turf,0.000485119276235114
2021-07-18_CHA_Turf,0.0009827597227761867
2021-07-19_ARG_Turf,0.00044096701139363973
2021-07-19_VIC_Turf,0.0017860317655155617
2021-07-20_VIC_Turf,0.0014585896778457716
2021-07-21_MAR_Turf,0.0006227693838504653
2021-07-21_VIC_Turf,0.0015033375425566363
2021-07-22_LON_Turf,0.0008128538321093788
2021-07-22_VIC_Turf,0.001791771197426085
2021-07-23_VIC_Turf,0.0013382078987375459
2021-07-24_CHB_Turf,0.0022142511447037203
2021-07-25_LAT_Turf,0.0008761836802102092
2021-07-26_DIE_Turf,0.002632935072848707
2021-07-26_LAT_Turf,0.0011241688813413918
2021-07-27_COM_Turf,0.0037508951386432733
2021-07-27_LSO_Turf,0.0023097255062597224
2021-07-28_ARG_Turf,0.0022542889354249126
2021-07-28_S-M_Turf,0.0021363116123991064
2021-07-29_LLA_Turf,0.003493908341978452
2021-07-30_MAR_Turf,0.0016410629814116934
2021-07-30_TOU_Turf,0.0036608784423931115
2021-07-31_LAT_Turf_early,0.002029002993795537
2021-07-31_LAT_Turf_late,0.0012176905447198153
2021-08-01_CLA_Turf,0.000998501552451201
2021-08-01_LAT_Turf,0.005498601581066211
2021-08-02_DIE_Turf,0.003981630758450908
2021-08-02_VIC_Turf,0.0036208338860595664
2021-08-03_DEA_All Weather,0.0003785543487571003
2021-08-03_DEA_Turf,0.0013192260998686966
2021-08-04_CLA_Turf,0.002190922231501487
2021-08-04_LLA_Turf,0.0053654653048127235
2021-08-05_DEA_Turf,0.0006099697462076208
2021-08-05_S-M_Turf,0.0017311153470253172
2021-08-06_CLA_Turf,0.002054076033661383
2021-08-06_VIC_Turf,0.0037956556137407334
2021-08-07_CHB_Turf,0.0054728244351514976
2021-08-07_DEA_All Weather,0.0010020810526022693
2021-08-07_DEA_Turf,0.004572884575527918
2021-08-08_ARG_Turf,0.002660432853929978
2021-08-08_DEA_Turf,0.0025814318718001203
2021-08-09_CLA_Turf,0.0021199985817520867
2021-08-09_VIT_Turf,0.00621273170649636
2021-08-10_DAX_Turf,0.000400783475260485
2021-08-10_DEA_Turf,0.0031239032114196708
2021-08-11_CLA_Turf,0.0022121372010879005
2021-08-11_VIC_Turf,0.0013686211288824592
2021-08-12_DEA_All Weather,0.0004639009280099382
2021-08-12_VIC_Turf,0.001527466445582092
2021-08-13_CLA_Turf,0.0017088499905248695
2021-08-13_PLB_All Weather,-0.00028179987327180725
2021-08-14_DEA_All Weather,0.0002777007023919579
2021-08-14_DEA_Turf,0.0014683174009321265
2021-08-15_DEA_Turf,0.0009888075757031709
2021-08-15_VIC_Turf,0.002363205562314679
2021-08-16_CLA_Turf,0.001736643337553794
2021-08-16_MOU_Turf,0.002253690267642291
2021-08-17_DEA_All Weather,0.0004708620410647961
2021-08-17_DEA_Turf,0.001900870512001708
2021-08-17_LLA_Turf,0.0011484842785377842
2021-08-18_CLA_Turf,0.0014344947883471496
2021-08-18_DAX_Turf,0.0010395104613373544
2021-08-18_VIC_Turf,0.0023431517749520387
2021-08-19_DEA_All Weather,0.00040090477087927144
2021-08-19_DEA_Turf,0.0009293100294281391
2021-08-19_S-M_Turf,0.002391908068352715
2021-08-20_CLA_Turf,0.0008498050146116981
2021-08-20_LAT_Turf,0.0026370355891506513
2021-08-21_DEA_Turf,0.0023768585593209822
2021-08-21_LAT_Turf,0.0019950520510634484
2021-08-21_TOU_Turf,0.0028872966518567605
2021-08-22_DEA_Turf,0.002475150499313358
2021-08-22_LLA_Turf,0.002462671936968773
2021-08-23_CLA_Turf,0.0005348718412475815
2021-08-24_DEA_Turf,0.0021341738682359953
2021-08-24_VIC_Turf,0.0020354985686382907
2021-08-25_CLA_Turf,0.0016372175206216632
2021-08-25_DAX_Turf,0.0008704795952724199
2021-08-26_CHB_Turf,0.002223367555538851
2021-08-26_DEA_Turf,0.0013885216597681908
2021-08-27_CLA_Turf,0.0011923068811003311
2021-08-28_DEA_All Weather,0.00022676378918353194
2021-08-29_DEA_All Weather,0.00010340477087927078
2021-08-29_DEA_Turf,0.00017612084862961706
2021-08-29_LSO_Turf,0.0013496769997119937
2021-08-30_ARG_Turf,0.001820034673280407
2021-08-30_MOU_Turf,0.0024647069056943135
2021-08-31_DIE_Turf,0.002437917917418709
2021-09-01_EVX_Turf,0.0014672910625560974
2021-09-02_LON_Turf,0.001124125934858127
2021-09-02_MAR_Turf,0.002923336130386412
2021-09-03_LAT_Turf,0.002264344821203373
2021-09-04_BOR_Turf,0.002450774559177183
2021-09-04_CRA_Turf,0.00204077829616336
2021-09-04_LAT_Turf_early,0.0019650817577173854
2021-09-04_LAT_Turf_late,0.0007020478974219154
2021-09-05_CRA_Turf,0.0022255595472989165
2021-09-05_LON_Turf,0.0014523330032838347
2021-09-06_CRA_Turf,0.002276863065990358
2021-09-06_PON_All Weather,0.0010931397499720525
2021-09-07_CRO_Turf,-7.78364252582505e-05
2021-09-08_LYO_Turf,0.001226039175483008
2021-09-09_LLA_Turf,0.0010529085767473508
2021-09-09_LON_Turf,0.0015422308920896395
2021-09-10_SAI_Turf,-0.00015551585591373044
2021-09-11_BOR_Turf,0.002116439988358321
2021-09-11_CHA_Turf,0.0017870058894830395
2021-09-12_LON_Turf,0.0009867457552184447
2021-09-12_STR_Turf,0.0016668118380513308
2021-09-13_LYO_Turf,0.0021863329653511506
2021-09-14_SAI_Turf,6.729254369103706e-05
2021-09-15_COM_Turf,0.0028430105528958576
2021-09-16_LON_Turf,0.0037955139784326066
2021-09-16_MAR_Turf,0.002255166976325686
2021-09-17_CHA_Turf,0.0024619784551668466
2021-09-18_DAX_Turf,0.004095728723886439
2021-09-18_SAI_Turf,0.0007376531726288688
2021-09-19_BOU_Turf,0.0036105007775614796
2021-09-19_STR_Turf,0.0012500646653544093
2021-09-20_FON_Turf,0.0021742531629859014
2021-09-21_PET_Turf,0.0005155286749799525
2021-09-22_SAI_Turf,0.0011069241536179352
2021-09-23_LYO_Turf,0.0027244214964016675
2021-09-24_CHA_All Weather,0.0009072009028353497
2021-09-24_CHA_Turf,0.0012989588179953535
2021-09-24_PLB_All Weather,0.0001584596052696755
2021-09-25_SAL_Turf,0.0022143049010221005
2021-09-26_CRA_Turf,0.004813359417180051
2021-09-26_VIC_Turf,0.004749858831842944
2021-09-27_CRA_Turf,0.003927496168347663
2021-09-27_VIC_Turf,0.0046638881663714745
2021-09-28_MAR_Turf,0.003562176396773379
2021-09-29_CHA_Turf,0.002848646398798939
2021-09-30_FON_Turf,0.0016387122402526848
2021-10-01_MAN_Turf,0.0017253280290533861
2021-10-01_SAI_Turf_early,0.003059483042391254
2021-10-01_SAI_Turf_late,0.0009031007701806356
2021-10-02_ANG_Turf,0.0014502563739399626
2021-10-02_LON_Turf,0.0034994516357069734
2021-10-02_PON_All Weather,0.0009245473721577871
2021-10-03_LON_Turf,0.003630740955876972
2021-10-03_STR_Turf,0.002379805833691862
2021-10-04_CEP_Turf,0.00276336865545873
2021-10-04_FON_Turf,0.0026900892773854207
2021-10-05_CHA_Turf,0.005308346430720937
2021-10-05_PET_Turf,0.0034882485639269743
2021-10-06_PLB_All Weather_early,-7.860483136728095e-05
2021-10-06_PLB_All Weather_late,0.0006200449327905847
2021-10-07_BOU_Turf_early,0.0018387250595248556
2021-10-07_BOU_Turf_late,0.0008860860270257243
2021-10-07_SAI_Turf,0.00445904670047367
2021-10-08_COM_Turf,0.0032158788058826546
2021-10-08_VIL_All Weather,0.0007440906932268227
2021-10-09_BRA_Turf,0.002940246859891121
2021-10-09_CHA_Turf,0.0035232514677193197
2021-10-10_LYO_Turf,0.0031420404628512023
2021-10-11_AMI_Turf,8.186204103728201e-05
2021-10-11_BOR_Turf,0.004184719343478291
2021-10-12_SAI_Turf,0.0015100735860396398
2021-10-13_CHA_All Weather,0.00036750535216750345
2021-10-13_CHA_Turf,0.003032312023057914
2021-10-13_PON_All Weather,0.0009133967350811147
2021-10-14_LON_Turf,0.002045237077602171
2021-10-15_CEP_Turf,0.0017181309272833129
2021-10-15_COM_Turf,0.002984236488818821
2021-10-16_BOR_Turf,0.0030881362144549434
2021-10-16_CRO_Turf,0.0007678632929377053
2021-10-17_CAR_Turf,0.0004144737795284214
2021-10-17_LON_Turf,0.0007468607576993702
2021-10-18_CLA_Turf,0.0027059539366708152
2021-10-19_DEA_All Weather,0.00025726962031613783
2021-10-19_DEA_Turf,0.0048245602945039354
2021-10-20_DEA_All Weather,0.000666431988657225
2021-10-20_DEA_Turf,0.006099267566981083
2021-10-21_DEA_All Weather,0.0004991206299492212
2021-10-22_CLA_Turf,0.007010778128006351
2021-10-22_VIL_All Weather,-5.5027567678120664e-05
2021-10-23_CHO_Turf,0.0012355862104293995
2021-10-23_SAI_Turf,0.002960542682025981
2021-10-24_LON_Turf,0.0035354703104888852
2021-10-25_BOR_Turf,0.0001361457424771626
2021-10-25_CEP_Turf,0.0023800263397082307
2021-10-26_CHA_All Weather,0.000543552626038512
2021-10-27_CHA_All Weather,0.000595546854200226
2021-10-27_VIL_All Weather,-6.979819566206615e-05
2021-10-28_BOU_Turf,0.0033419255287873164
2021-10-28_LON_Turf,0.0024077023760758244
2021-10-29_ANG_Turf,0.002689066641492884
2021-10-30_PAU_All Weather_early,0.0009903539654945721
2021-10-30_PAU_All Weather_late,0.00030794632813755556
2021-10-30_PET_Turf,0.0036126892186042828
2021-10-31_PON_All Weather,0.0015292659010164556
2021-10-31_SAI_Turf,0.0076111884424601515
2021-11-01_MAN_Turf_early,0.0028719610749716787
2021-11-01_MAN_Turf_late,0.001630700608328111
2021-11-02_CHA_All Weather,0.00014816324011946718
2021-11-03_CEP_Turf,0.006099235485837438
2021-11-03_LYO_Turf,0.005387514866526738
2021-11-04_DEA_All Weather,0.0008519145236622431
2021-11-05_CHO_Turf,0.0035193088500274344
2021-11-05_DEA_All Weather,0.00023575469339394222
2021-11-06_PON_All Weather,0.00013111730222771693
2021-11-07_CRO_Turf,0.005292101472996176
2021-11-08_LYO_Turf,0.0018893636005330556
2021-11-09_AMI_Turf,0.003161422905890857
2021-11-09_ANG_Turf_early,0.0013813657801205936
2021-11-09_ANG_Turf_late,0.001864380154810217
2021-11-10_SAI_Turf,0.007647526206944789
2021-11-11_CEP_Turf,0.002320994440781182
2021-11-11_STR_Turf,0.004198405294050342
2021-11-12_BOU_Turf,0.00407640182925762
2021-11-12_FON_Turf,0.003239516325304551
2021-11-13_BRA_Turf,0.00641142930385135
2021-11-13_CAR_Turf,0.001599647415982944
2021-11-13_VIL_All Weather,0.0007006382899343536
2021-11-14_BOR_Turf_early,0.003209179866612226
2021-11-14_BOR_Turf_late,0.0021235075208444246
2021-11-15_MAN_Turf,0.0030160543239174642
2021-11-15_PON_All Weather,0.0011636231455294094
2021-11-16_CEP_Turf,0.004701574758499956
2021-11-16_SAI_Turf,0.00792315139750246
2021-11-17_DEA_All Weather,-0.00012334272456354203
2021-11-18_FON_Turf,0.0033088904032899415
2021-11-18_VIL_All Weather,-0.00027501170092662786
2021-11-19_CHA_All Weather,0.0002890350164803048
2021-11-19_PAU_All Weather_early,0.0011311702920251824
2021-11-19_PAU_All Weather_late,-0.00013626766114463134
2021-11-20_ANG_Turf,0.0035569348091508716
2021-11-21_BOU_Turf,0.004574122594173336
2021-11-22_CRO_Turf,0.006503523055759755
2021-11-23_DEA_All Weather,0.0003326449855616008
2021-11-23_SAL_Turf,0.002145452787150846
2021-11-24_DEA_All Weather,0.0006052639151663227
2021-11-25_VIL_All Weather,-5.273448384899341e-05
2021-11-26_SAI_Turf,0.007379814810619856
2021-11-27_CHA_All Weather,0.0006896088207330921
2021-11-28_CEP_Turf,0.006331714053282387
2021-11-29_PON_All Weather,0.001106084093342433
2021-11-30_DEA_All Weather,0.000356602045010477
2021-12-01_DEA_All Weather,0.0003570857690815732
2021-12-02_CRO_Turf,0.01108386655182898
2021-12-03_CEP_Turf,0.00676187197382139
2021-12-05_CRA_Turf,0.0045684749150544605
2021-12-05_VIL_All Weather,0.00021949208819227467
2021-12-06_PON_All Weather,0.00017750191761233182
2021-12-07_CHA_All Weather,0.000694613063968822
2021-12-08_DEA_All Weather,0.0009011489598428036
2021-12-09_PLB_All Weather,0.0003930567775830165
2021-12-10_DEA_All Weather,0.0009366669691789997
2021-12-10_PON_All Weather,0.0011773474966058372
2021-12-11_DEA_All Weather,0.0002844790016233982
2021-12-11_PAU_All Weather_early,0.0004985172308006906
2021-12-11_PAU_All Weather_late,1.6374373657832902e-05
2021-12-12_DEA_All Weather,-6.357630891665911e-05
2021-12-13_VIL_All Weather,0.00013408471543293143
2021-12-14_PLB_All Weather,0.0002886863930655717
2021-12-15_PON_All Weather,0.0001941114905177563
2021-12-16_DEA_All Weather,0.0003670580530329445
2021-12-17_DEA_All Weather,7.987909388635278e-05
2021-12-18_CHA_All Weather,0.00035871440061745907
2021-12-19_PLB_All Weather,0.00018939545234910828
2021-12-20_DEA_All Weather,0.0009559199834886387
2021-12-21_PON_All Weather,0.0006757640081226324
2021-12-22_VIL_All Weather_early,0.000707074351147201
2021-12-22_VIL_All Weather_late,-0.0006543794096973832
2021-12-23_DEA_All Weather,0.0008968076217883512
2021-12-26_CHA_All Weather,0.00036755939948158447
2021-12-27_DEA_All Weather,0.0009389018781181825
2021-12-29_PLB_All Weather,0.0005857855933161882
2021-12-30_PLB_All Weather,0.0006372890917763547
2021-12-31_PAU_All Weather,-7.542949176807564e-05
2022-01-02_PLB_All Weather,0.00035115647574007064
2022-01-03_PAU_All Weather,-3.627565020281751e-05
2022-01-04_PON_All Weather,0.001754993973353739
2022-01-05_PAU_All Weather,0.00027176006408289547
2022-01-06_VIL_All Weather_early,0.00014153180124539148
2022-01-06_VIL_All Weather_late,0.0006490727383130555
2022-01-07_DEA_All Weather,0.0010167881635599378
2022-01-08_DEA_All Weather,0.0012848125784893846
2022-01-08_PAU_All Weather,0.00047414101646385125
2022-01-09_VIL_All Weather,0.0005794961110413311
2022-01-10_PAU_All Weather,-0.00010145422163138815
2022-01-11_PLB_All Weather,0.0006674146257609431
2022-01-12_DEA_All Weather,0.0018165604644311683
2022-01-13_PAU_All Weather,0.0006199743497971806
2022-01-13_VIL_All Weather,0.001056283897761762
2022-01-14_DEA_All Weather_early,0.00130771113092107
2022-01-14_DEA_All Weather_late,0.0003236675357886382
2022-01-15_CHA_All Weather,0.0009715380992141833
2022-01-17_CAG_All Weather,0.0010341370964992978
2022-01-17_CAG_Turf,0.0036730017438681354
2022-01-17_PAU_All Weather,0.0007787371748985958
2022-01-18_CAG_All Weather,0.0013663534628101546
2022-01-18_CAG_Turf,0.0035784541834086698
2022-01-19_CAG_All Weather,0.0014474649181433485
2022-01-19_CAG_Turf,0.003517839139285637
2022-01-20_PAU_All Weather,0.0002666580232665725
2022-01-21_CAG_Turf,0.0026108881572806317
2022-01-22_CAG_All Weather,0.0009970873656288811
2022-01-22_PLB_All Weather,0.0009492454540666735
2022-01-23_PAU_All Weather_early,0.0012755958062060418
2022-01-23_PAU_All Weather_late,0.00042559580620604053
2022-01-24_CAG_All Weather_early,-4.8812875663272835e-05
2022-01-24_CAG_All Weather_late,0.000699431118188147
2022-01-25_CAG_All Weather,0.0010035996418279874
2022-01-25_PLB_All Weather,0.00036327560158289085
2022-01-26_DEA_All Weather,0.0004896736963215123
2022-01-26_PAU_All Weather,0.0007634301394143876
2022-01-27_CAG_All Weather,0.0007204751222249789
2022-01-27_CAG_Turf,0.0017977623132640391
2022-01-28_CHA_All Weather,0.0006850141040695331
2022-01-28_PAU_All Weather,0.00019610226278533717
2022-01-29_PAU_All Weather,0.0007098587108429596
2022-01-31_CAG_All Weather,0.0008078096263972258
2022-02-01_CAG_Turf,0.0014913404191281843
2022-02-02_PAU_All Weather,0.0006233999514265244
2022-02-03_CAG_All Weather,0.0004307687719105039
2022-02-03_CAG_Turf,0.0016771162495401212
2022-02-04_DEA_All Weather,0.0008554481231413186
2022-02-04_PAU_All Weather,0.0002889403434960231
2022-02-05_DEA_All Weather,0.0003607539298700702
2022-02-05_MAL_Turf,0.0017935636103393012
2022-02-06_PAU_All Weather,0.00037666529254865786
2022-02-07_CHA_All Weather,0.0010708476936250571
2022-02-08_CAG_All Weather,0.0008326022350899303
2022-02-08_PLB_All Weather,0.0009619292297563666
2022-02-09_PON_All Weather,0.0014952232078220332
2022-02-10_MAR_Turf,0.003233052183201637
2022-02-10_VIL_All Weather,0.0003162052572017507
2022-02-11_CAG_All Weather,0.0007260762484609494
2022-02-11_CAG_Turf,0.0005023124871741405
2022-02-12_CHA_All Weather,0.0008338762068253032
2022-02-13_CAG_All Weather_early,0.0007156129826811379
2022-02-13_CAG_All Weather_late,0.00019998798268114058
2022-02-14_CEP_Turf,0.004769699650802677
2022-02-15_CHA_All Weather,0.0004693397179763243
2022-02-16_CAG_All Weather,0.000307112306984354
2022-02-16_CAG_Turf,0.0039981452105084326
2022-02-17_PON_All Weather,0.0016276670816359842
2022-02-18_CHA_All Weather,0.000859837017374482
2022-02-19_CAG_All Weather,-3.9167734917877625e-05
2022-02-19_CAG_Turf,0.003955763211330966
2022-02-20_CAG_All Weather,0.0010169863587309441
2022-02-21_PLB_All Weather,0.00031550880303962876
2022-02-23_CAG_All Weather,0.0004928215815789643
2022-02-24_CHA_All Weather,0.0006669999097243739
2022-02-25_CHA_All Weather,0.00037812089718362217
2022-02-26_CAG_All Weather,4.7231774599599085e-05
2022-02-26_CAG_Turf,0.0012419802612605225
2022-02-27_BOU_Turf,0.0035889428320876825
2022-02-27_VIL_All Weather,0.0006175391857850385
2022-02-28_MAR_Turf,0.001977941423234498
2022-03-01_CHA_All Weather,0.00026827560643674447
2022-03-02_PON_All Weather,0.0013406564777655283
2022-03-03_PLB_All Weather,0.0007845876716321853
2022-03-04_BOU_Turf,0.005622544681111738
2022-03-04_DEA_All Weather,0.0008323620458436591
2022-03-05_DEA_All Weather,0.0006187551236640086
2022-03-06_PLB_All Weather,0.0003248480529441331
2022-03-07_CEP_Turf,0.0019063843293512367
2022-03-07_PON_All Weather,0.0006694088545652436
2022-03-08_CHA_All Weather,0.0003622241669767117
2022-03-09_CHA_All Weather,0.00010009299044749968
2022-03-10_SAI_Turf,0.0008136043636926801
2022-03-11_FON_Turf,0.0035608366538046115
2022-03-12_MAR_Turf,0.005448019320208711
2022-03-13_CEP_Turf,0.0044882204931279415
2022-03-13_COM_Turf,0.004946460004950886
2022-03-14_CHA_All Weather,0.000540920555736231
2022-03-15_VIL_All Weather,0.0010173863411342009
2022-03-16_CHA_All Weather,0.0004400858888397974
2022-03-17_BOR_Turf,0.0002765856774693866
2022-03-18_CEP_Turf,0.0043673870349264605
2022-03-18_FON_Turf,0.0024438678840751813
2022-03-19_SAI_Turf,0.0002462204789921255
2022-03-20_CAR_Turf,0.0009842257878215099
2022-03-20_LYO_Turf,0.0004613447492617071
2022-03-21_COM_Turf,0.002630507203298134
2022-03-21_PON_All Weather_early,0.0017322493615087456
2022-03-21_PON_All Weather_late,0.0007282367048365635
2022-03-22_CHA_All Weather,0.0005216855184257237
2022-03-23_CRO_Turf,0.0018999115276968981
2022-03-23_LAT_Turf,0.0008294012553276416
2022-03-24_SAI_Turf,-5.814896845161106e-06
2022-03-24_VIL_All Weather,0.0009133761233970788
2022-03-25_PON_All Weather,0.0016510141823278992
2022-03-26_CEP_Turf,0.0014703073467358387
2022-03-26_LLA_Turf,0.000681507045766309
2022-03-27_PLB_All Weather,0.000597021448512038
2022-03-28_FON_Turf,0.002230735811159205
2022-03-29_SAI_Turf,0.0013901504765754032
2022-03-30_STR_Turf,0.0027509610545263397
2022-03-31_CHA_All Weather,0.00024107795704072233
2022-04-01_BOU_Turf,0.002714337573135117
2022-04-01_CHA_All Weather,0.00019723144143449025
2022-04-02_SAI_Turf,0.0016484037311885187
2022-04-03_LLA_Turf,0.0006137429964562531
2022-04-04_BOR_Turf,0.00015078685328360735
2022-04-04_CHA_Turf,0.0022422025317700507
2022-04-05_CEP_Turf,0.0012416501587232866
2022-04-05_SAI_Turf,0.0021650169536600117
2022-04-06_CHA_All Weather,0.000534457820245985
2022-04-06_CHA_Turf,0.001214294682689459
2022-04-07_DEA_All Weather,0.0004365210925281378
2022-04-07_DEA_Turf,0.005994746721593643
2022-04-08_SAI_Turf,0.006623026389639561
2022-04-08_SAL_Turf,0.00122280300894019
2022-04-09_PET_Turf,0.003428597289926847
2022-04-09_VIL_All Weather,0.0004071499111797719
2022-04-10_LON_Turf,0.002975720066457458
2022-04-11_BRA_Turf,0.004392101863858515
2022-04-12_FON_Turf,0.0019172636711961525
2022-04-12_LAT_Turf_early,0.0018213069086915439
2022-04-12_LAT_Turf_late,0.0010894878062117218
2022-04-13_CHA_All Weather,0.0002481400529898648
2022-04-13_CHA_Turf,0.002842829993738739
2022-04-13_SEN_Turf,0.0025662692419148323
2022-04-14_LYO_Turf,0.0015741254929750419
2022-04-15_BOR_Turf,0.00080135670741097
2022-04-15_SAI_Turf,0.0026765499061667665
2022-04-16_CEP_Turf,0.00151446858865217
2022-04-16_CHB_Turf,0.0011286064766379725
2022-04-16_FON_Turf,0.002307692731192201
2022-04-17_LLA_Turf,0.0013138373525667262
2022-04-17_LON_Turf,0.0007794280994887908
2022-04-18_SAI_Turf,0.0018634817651912016
2022-04-19_PON_All Weather,0.0010029641700732182
2022-04-20_CHA_Turf,0.00046956397341613556
2022-04-21_LON_Turf,0.0010726505316786318
2022-04-22_COM_Turf,0.0006257616813038384
2022-04-23_LYO_Turf,0.0019945640874344268
2022-04-23_PET_Turf,0.0025314483164305766
2022-04-23_STR_Turf,0.001160793644922594
2022-04-24_CEP_Turf_early,0.006293186274481697
2022-04-24_CEP_Turf_late,0.0034309444622784816
2022-04-25_BOU_Turf,0.001874048135352144
2022-04-26_LYO_Turf,0.0030293803169387625
2022-04-27_FON_Turf,0.0013396572249807243
2022-04-27_LAT_Turf,0.0015863028552789518
2022-04-28_LON_Turf_early,0.0015121847266865408
2022-04-28_LON_Turf_late,0.0008663270278017228
2022-04-28_MAN_Turf,0.0018524250633991384
2022-04-29_BOR_Turf,0.001235611692247329
2022-04-29_SAI_Turf,0.0020261397161131056
2022-04-30_TAR_Turf,0.0021542348341810364
2022-05-01_LON_Turf,0.0005206766797891912
2022-05-02_EVX_Turf,0.0017517788966481302
2022-05-02_PET_Turf,0.0012855775228597598
2022-05-03_BRA_Turf,0.0012896162304333934
2022-05-03_CHA_Turf,0.000873959658681192
2022-05-04_LON_Turf,0.0014400344240186247
2022-05-05_LYO_Turf,0.0004255411712035995
2022-05-06_BOR_Turf,0.006625531063129989
2022-05-06_CHA_All Weather,0.0002248235908046231
2022-05-06_CHA_Turf,0.0011635700706698758
2022-05-07_DAX_Turf,0.001999178912192558
2022-05-07_LYO_Turf,0.0006634339058388959
2022-05-08_BOU_Turf,0.0032437369601880837
2022-05-08_SAI_Turf,8.220025110099551e-05
2022-05-09_ANG_Turf,0.0011429963694923836
2022-05-09_COM_Turf,0.000617120547846111
2022-05-10_CHA_All Weather,0.0003577289811878136
2022-05-10_CHA_Turf,0.0017626682538196044
2022-05-11_FON_Turf,0.0008577335784732476
2022-05-12_LON_Turf,0.0012544522407761435
2022-05-12_TAR_Turf,0.000725033179467375
2022-05-13_BOR_Turf,0.0027877065120265675
2022-05-13_SAI_Turf,0.0002309870177103814
2022-05-14_BOU_Turf,0.0023195642609282635
2022-05-14_LYO_Turf,0.0011620345064836592
2022-05-15_BRA_Turf,0.0017664794594808336
2022-05-15_LON_Turf,-4.789650067447894e-05
2022-05-16_CHA_Turf,0.001996385065490285
2022-05-17_SAI_Turf,0.0005080178122863033
2022-05-18_LLA_Turf,0.0012201811771132805
2022-05-18_STR_Turf,0.0005667392027174389
2022-05-19_LON_Turf,0.0011900672171133687
2022-05-19_VIC_Turf,0.0009956914737220834
2022-05-20_CEP_Turf,0.00083217888302429
2022-05-20_VIC_Turf,0.0007203078494492763
2022-05-21_LYO_Turf,0.0009389116857993466
2022-05-22_CRO_Turf,0.0005513996699823894
2022-05-23_BOR_Turf,0.0011242204525404723
2022-05-23_MAN_Turf,0.0021338839070394818
2022-05-24_SAI_Turf,0.0018516950300218517
2022-05-25_LAT_Turf,0.0011644306444773206
2022-05-26_CEP_Turf,0.0017190438674508921
2022-05-26_LON_Turf,0.001137706128418282
2022-05-27_COM_Turf,0.0011259425649608912
2022-05-27_SAL_Turf,0.0012000294131514367
2022-05-28_BOU_Turf,-0.000506711725337861
2022-05-28_MOU_Turf,0.000776257824840227
2022-05-29_LON_Turf,0.0007147646544630116
2022-05-29_VIC_Turf,0.002221350156228019
2022-05-30_CHB_Turf,0.0011115052995101604
2022-05-30_STR_Turf,0.0006040488706542728
2022-05-31_ANG_Turf,0.00021122008628807082
2022-06-01_SAI_Turf,0.0015211905716163657
2022-06-02_LON_Turf,0.0009065802280943175
2022-06-02_PET_Turf,3.858877008764425e-05
2022-06-03_CEP_Turf,0.001127710611299851
2022-06-03_COM_Turf,0.0012389866288434314
2022-06-04_LYO_Turf_early,0.0015691961849544538
2022-06-04_LYO_Turf_late,0.000620030945684129
2022-06-05_CHA_Turf,0.0015313579792027368
2022-06-06_SAI_Turf,0.0030374512808277435
2022-06-06_SAL_Turf,0.0013248370383613381
2022-06-07_DIE_Turf,0.0030119005126079956
2022-06-07_LAT_Turf,0.0023088388178152063
2022-06-08_AMI_Turf,0.0007751471330885191
2022-06-09_LON_Turf,0.0034242945948997463
2022-06-10_COM_Turf,0.0022363525066224606
2022-06-11_LYO_Turf,0.001948468655589356
2022-06-11_PON_All Weather,0.0009206205113048864
2022-06-11_TAR_Turf,0.0005362842213280148
2022-06-12_LON_Turf,0.0008441413973230607
2022-06-12_LSO_Turf,0.0010030426299017705
2022-06-13_CRA_Turf,0.0010128180547715857
2022-06-14_COM_Turf,0.0018652551351301888
2022-06-15_LAT_Turf,0.0009641702311423627
2022-06-16_LAT_Turf_early,0.0019207251080986462
2022-06-16_LAT_Turf_late,0.0006563637109281832
2022-06-16_LON_Turf,0.00100182019462285
2022-06-17_DIE_Turf,0.0018866309028981408
2022-06-17_LAT_Turf,0.0008149241547174092
2022-06-19_CHA_Turf,0.0007489899710822333
2022-06-20_PET_Turf,0.000215719939275546
2022-06-21_LYO_Turf,0.0008062571592243979
2022-06-21_SAI_Turf,0.0015915518801108595
2022-06-22_SAL_Turf,0.0034191043667951213
2022-06-23_CHA_Turf,0.0010374392130159445
2022-06-23_CHB_Turf,0.004592118640729542
2022-06-24_DAX_Turf,0.0009816122816389268
2022-06-24_SAI_Turf_early,0.001664026319039667
2022-06-24_SAI_Turf_late,0.0012512703906905707
2022-06-25_COM_Turf,0.001306766043075876
2022-06-25_LLA_Turf,0.0012700866495223497
2022-06-25_PON_All Weather,0.000817571863478126
2022-06-26_LYO_Turf,0.0034576467282445987
2022-06-27_LYO_Turf,0.0016903578787102408
2022-06-28_CEP_Turf,0.0009090032997662817
2022-06-29_BOR_Turf,6.164572329404762e-05
2022-06-30_LON_Turf,0.0017132938692565817
2022-07-01_CLA_Turf,0.00031319378583696334
2022-07-02_CHA_Turf,0.0008507663336966255
2022-07-03_SAI_Turf,-0.0009496966519458518
2022-07-04_ARG_Turf,0.0001460265075553164
2022-07-05_AIX_Turf_early,0.0015757049362176267
2022-07-05_AIX_Turf_late,0.0010271903935730076
2022-07-05_COM_Turf,0.0006809855425999528
2022-07-06_LAT_Turf,0.0016284470179225065
2022-07-06_SEN_Turf,0.0006893903154768716
2022-07-07_LON_Turf,0.0011713518386853147
2022-07-07_PET_Turf,0.0009500580012503189
2022-07-08_DIE_Turf,0.0015222092533454877
2022-07-09_AIX_Turf,0.0013676761974115326
2022-07-09_CLA_Turf,0.0010745011899706595
2022-07-10_DAX_Turf,0.0005783446991001103
2022-07-10_DEA_Turf,0.0007144921174784398
2022-07-11_COM_Turf,0.00046364651155908753
2022-07-11_VIT_Turf,0.0010358368711889734
2022-07-12_CHA_All Weather,0.0006724976295644636
2022-07-12_CHA_Turf,0.0003348090665771347
2022-07-12_LLA_Turf,0.0015481232688318452
2022-07-13_LAT_Turf,0.002509283065339494
2022-07-14_AIX_Turf,0.0015529615035712212
2022-07-14_LON_Turf,-7.993650517493143e-05
2022-07-15_CLA_Turf,0.0010268104219741672
2022-07-16_MAR_Turf,0.00016187223401200275
2022-07-16_SAI_Turf,-0.00012697979773480675
2022-07-17_CHA_Turf,0.001252526348334525
2022-07-18_DIE_Turf,0.002445247976233088
2022-07-18_VIC_Turf,0.0009256959295085251
2022-07-19_S-M_Turf,0.0015840903153311753
2022-07-19_VIC_Turf,0.0009294079118767608
2022-07-20_MAR_Turf,0.00017805586253828617
2022-07-20_VIC_Turf,0.00036800097773747773
2022-07-21_LON_Turf,0.001924189337884698
2022-07-21_VIC_Turf,0.0006026153998442207
2022-07-22_VIC_Turf_early,0.0011669270968667725
2022-07-22_VIC_Turf_late,1.904378768898568e-05
2022-07-23_CHB_Turf,0.0028791511860793116
2022-07-23_CLA_Turf,0.001550080130044861
2022-07-24_DIE_Turf,0.0009559185134416531
2022-07-25_TAR_Turf_early,0.0014828191498295921
2022-07-25_TAR_Turf_late,-0.00012843410613213964
2022-07-26_COM_Turf,0.0012294636886873048
2022-07-26_DAX_Turf,0.0013522860412348943
2022-07-26_LSO_Turf,0.001816892111600318
2022-07-27_S-M_Turf,0.0011452420628093986
2022-07-27_VIC_Turf,0.001345437731771517
2022-07-28_LLA_Turf,0.00198088510706141
2022-07-29_MAR_Turf,0.0009678424026382193
2022-07-29_TOU_Turf,0.0011897223511973581
2022-07-30_VIC_Turf,0.0011995845932805038
2022-07-31_CLA_Turf,0.0005800383625818132
2022-07-31_LAT_Turf_early,0.001084535656686175
2022-07-31_LAT_Turf_late,0.00013290004651974122
2022-08-01_DAX_Turf,0.0007467705090123821
2022-08-01_DIE_Turf,0.0013188892676182485
2022-08-02_DEA_All Weather,0.00013129105190522257
2022-08-02_DEA_Turf,0.000797823183245459
2022-08-03_CLA_Turf_early,0.0013679224548601746
2022-08-03_CLA_Turf_late,0.0006847635548251152
2022-08-03_VIT_Turf,0.0008063238208097811
2022-08-04_DEA_Turf,0.001924869615742119
2022-08-04_S-M_Turf,0.001532587836999471
2022-08-05_CLA_Turf,0.0007705499376718158
2022-08-05_VIC_Turf,0.0028059940992381737
2022-08-06_DEA_All Weather,0.00046781161901136804
2022-08-06_DEA_Turf,0.0021801824208140426
2022-08-06_LLA_Turf,0.0024759990854018943
2022-08-07_DEA_Turf,0.0008570671360993377
2022-08-07_LLA_Turf,0.0008408495501042158
2022-08-08_LAT_Turf,0.002426554552793854
2022-08-09_DEA_Turf_early,0.002662857301513063
2022-08-09_DEA_Turf_late,-0.00015771693311063606
2022-08-09_VIT_Turf,0.0009566317846635153
2022-08-10_VIC_Turf,0.0018512977041396676
2022-08-11_DAX_Turf,0.0006946852256839746
2022-08-11_DEA_All Weather,0.001094452319865309
2022-08-12_CLA_Turf,0.0009029633615574525
2022-08-12_MOU_Turf,0.00033456661519688324
2022-08-13_CLA_Turf,0.00036088811738955686
2022-08-14_DEA_Turf,0.000533906154060289
2022-08-15_DEA_Turf,0.002135417125796283
2022-08-15_VIC_Turf,0.0032519555095576235
2022-08-16_DEA_Turf_early,0.0013376122039199152
2022-08-16_DEA_Turf_late,0.0005997851673212579
2022-08-16_LLA_Turf,0.00071620477443985
2022-08-17_ARG_Turf_early,0.0014158821313854611
2022-08-17_ARG_Turf_late,0.0008130511871538968
2022-08-17_VIC_Turf,0.003377381251451525
2022-08-18_DEA_Turf,0.002745012097140806
2022-08-18_DIE_Turf,0.0022932389834147008
2022-08-19_CLA_Turf_early,0.0016597281839237294
2022-08-19_CLA_Turf_late,0.0009834815774776393
2022-08-19_LAT_Turf,0.0022183207343310692
2022-08-20_DEA_Turf,0.0015231227132590066
2022-08-20_TOU_Turf,0.001676582941987144
2022-08-21_DEA_Turf,0.001002757776181867
2022-08-21_LLA_Turf,0.0017660886473561776
2022-08-22_CLA_Turf,0.0017585548489044247
2022-08-22_VIC_Turf,0.002968658557102321
2022-08-23_DEA_All Weather_early,0.0011968917110281262
2022-08-23_DEA_All Weather_late,0.0004483202824566991
2022-08-23_LAT_Turf,0.002706106429934578
2022-08-24_DAX_Turf,0.0004751684700475507
2022-08-24_VIC_Turf,0.0021299292489694133
2022-08-25_CHB_Turf,0.0011267578051601065
2022-08-25_DEA_All Weather,0.00043096951374821374
2022-08-25_DEA_Turf,0.0013265947563305992
2022-08-26_CLA_Turf,0.0010012899160897846
2022-08-27_DEA_All Weather,0.0006346057546655129
2022-08-28_DEA_All Weather,4.488955393216012e-05
2022-08-28_DEA_Turf,-4.233474862731551e-05
2022-08-28_MAR_Turf,0.0006573041167063182
2022-08-29_ARG_Turf,0.0006246212366180383
2022-08-29_MOU_Turf,0.0013562812618750917
2022-08-30_DIE_Turf,0.0014796027096831545
2022-08-31_COM_Turf,0.00029284464248586725
2022-09-01_CRO_Turf,0.00014186649579799352
2022-09-01_LON_Turf,0.0009783686115541097
2022-09-02_LAT_Turf,0.0018867740932725604
2022-09-03_LAT_Turf,0.0006683611575677113
2022-09-04_CRA_Turf,0.0024233978229245105
2022-09-04_LON_Turf,0.00023520183794967334
2022-09-05_CRA_Turf,0.0023859815612569677
2022-09-05_PON_All Weather_early,0.0006271955840826626
2022-09-05_PON_All Weather_late,0.001361147127746982
2022-09-06_LLA_Turf,0.0009735338956569822
2022-09-07_LYO_Turf,0.001855674757332753
2022-09-08_BOR_Turf,0.0037946345915949083
2022-09-08_LON_Turf,0.0020069165466783247
2022-09-09_SAI_Turf,0.0009651300117151024
2022-09-10_CHA_All Weather,0.0013352656001595917
2022-09-10_CHA_Turf,0.0031521470849539923
2022-09-10_MAR_Turf,-7.747718031427008e-05
2022-09-11_LON_Turf,0.0017492749380300183
2022-09-11_STR_Turf,0.0016807210782863592
2022-09-12_FON_Turf,0.0008684328126759997
2022-09-13_LYO_Turf,0.0016830985999733235
2022-09-14_CEP_Turf,3.879694649810755e-05
2022-09-14_COM_Turf,0.002733697991805796
2022-09-15_BOR_Turf,0.0030962344604955
2022-09-15_LON_Turf,0.0016056191484810406
2022-09-16_PET_Turf,0.00012504888318495754
2022-09-16_SAI_Turf,-0.00015551916870780834
2022-09-17_BOU_Turf,0.0008168123757336901
2022-09-17_CHA_Turf,0.0008461411648375092
2022-09-18_BOU_Turf,0.00044641440216878255
2022-09-18_STR_Turf,0.0020219235900735223
2022-09-19_SAI_Turf,0.00015176747462896569
2022-09-20_EVX_Turf,0.0018017348785435816
2022-09-21_CHA_Turf,0.0010454259414549288
2022-09-22_AMI_Turf,0.00039400299990645317
2022-09-22_LYO_Turf,0.0022678230274238197
2022-09-23_CRO_Turf,0.0009708670728039285
2022-09-23_SAI_Turf,0.0014785738011570777
2022-09-24_SAL_Turf,0.006543317768556361
2022-09-25_CRA_Turf,0.004551310706401984
2022-09-25_FON_Turf,0.001338640488867226
2022-09-26_CRA_Turf,0.0041551898773024565
2022-09-26_VIC_Turf,0.0021541795518263377
2022-09-27_VIC_Turf,0.0035759397710655957
2022-09-28_MAN_Turf,0.0023378931814680135
2022-09-29_CHA_All Weather,8.678136012217106e-06
2022-09-29_CHA_Turf,0.0024262454585466287
2022-09-30_PON_All Weather,0.0005131967333531227
2022-09-30_SAI_Turf,0.004147868957505524
2022-10-01_ANG_Turf,0.002058960498744199
2022-10-01_LON_Turf,0.003826961004347971
2022-10-01_MAR_Turf,0.00262725639910623
2022-10-02_LON_Turf,0.003085858083950662
2022-10-02_STR_Turf,0.004636449624049323
2022-10-03_BOR_Turf,0.0021794336538740206
2022-10-03_CEP_Turf_early,0.00032899862038971665
2022-10-03_CEP_Turf_late,0.0027325882181792886
2022-10-04_CHO_Turf,0.0017487781313368248
2022-10-05_CHA_All Weather,0.0006767112151515188
2022-10-05_CHA_Turf,0.0022058638990820295
2022-10-05_PLB_All Weather,0.00029152779338869966
2022-10-06_BOU_Turf,0.0009817313599107525
2022-10-06_SAI_Turf,0.0033504988811237
2022-10-07_COM_Turf,0.0026423604630137175
2022-10-07_VIL_All Weather,0.0005008855721372532
2022-10-08_BRA_Turf,0.001824938686247175
2022-10-08_CHA_All Weather,0.0002637060131518194
2022-10-08_CHA_Turf,0.0018203884212216598
2022-10-09_LYO_Turf,0.005981290574071321
2022-10-10_AMI_Turf,0.003379727988727498
2022-10-10_BOR_Turf,0.0012474301900691114
2022-10-11_SAI_Turf,0.0014933949802070753
2022-10-12_CHA_All Weather,0.00021166803873852265
2022-10-12_CRO_Turf,0.0010136632715716705
2022-10-13_LON_Turf,0.00153843208198517
2022-10-14_CEP_Turf,0.0021291024544015436
2022-10-14_COM_Turf,0.004455160360185009
2022-10-15_BOU_Turf,0.0019495634662895036
2022-10-15_FON_Turf,0.002814095899530971
2022-10-16_CAR_Turf,0.0032640019237196428
2022-10-16_LON_Turf,0.003753736545840621
2022-10-16_LSO_Turf,0.003142523225972831
2022-10-17_CLA_Turf,0.003101415355578865
2022-10-18_DEA_All Weather,0.0007604074693092503
2022-10-18_DEA_Turf,0.002892386275023674
2022-10-19_DEA_All Weather,0.000881268881585788
2022-10-20_DEA_All Weather,0.0009085520199961861
2022-10-20_DEA_Turf,0.0032459305187604696
2022-10-21_CLA_Turf,0.002882464603125286
2022-10-21_VIL_All Weather,0.0004341013734336926
2022-10-22_CHO_Turf,0.00288295344280156
2022-10-22_SAI_Turf,0.006430946224953943
2022-10-23_LON_Turf,0.005088834407653854
2022-10-24_BOR_Turf,-0.00038779089451212745
2022-10-24_CEP_Turf_early,0.0007522367106012955
2022-10-24_CEP_Turf_late,0.0025662864737534636
2022-10-25_MAN_Turf,0.0013497259352888461
2022-10-26_CRO_Turf,0.0026397066478667736
2022-10-26_VIL_All Weather,0.0003812647089297592
2022-10-27_LON_Turf,0.003932762693619361
2022-10-28_BOU_Turf,0.0019742198144796033
2022-10-28_PON_All Weather,0.00033601142584774513
2022-10-28_SAI_Turf,0.004826974553478349
2022-10-29_ANG_Turf,0.0019919158634794493
2022-10-29_PAU_All Weather_early,0.001274027434882327
2022-10-29_PAU_All Weather_late,0.0006740274348823267
2022-10-30_CHA_All Weather,0.0009796439048641824
2022-10-30_CHA_Turf,0.001176541224235362
2022-10-31_SAI_Turf,0.003981984048379384
2022-11-01_DIE_Turf,0.008338560206231114
2022-11-02_CHA_All Weather,0.0009197395128978122
2022-11-03_CEP_Turf,0.0032090279403058928
2022-11-03_LYO_Turf,0.002971877648219554
2022-11-04_PON_All Weather,-0.00021527884050975816
2022-11-05_CHO_Turf,0.003682788148626954
2022-11-05_DEA_All Weather,0.00034575172631297183
2022-11-06_CRO_Turf,0.005429055759873848
2022-11-06_DEA_All Weather,1.1963498323153359e-05
2022-11-07_BOU_Turf,0.0038897361585786866
2022-11-08_FON_Turf,0.0021642270995149244
2022-11-08_VIL_All Weather,5.1864056405308786e-05
2022-11-09_SAI_Turf,0.00792659696631432
2022-11-10_LYO_Turf,0.0047179132488738545
2022-11-11_CEP_Turf_early,-0.0005876680462769453
2022-11-11_CEP_Turf_late,0.000682169350509526
2022-11-11_STR_Turf,0.0061487075688860145
2022-11-12_AMI_Turf,0.004864813771332548
2022-11-13_BOR_Turf,1.197713535890113e-05
2022-11-14_MAN_Turf,0.002033999016107313
2022-11-14_PLB_All Weather,0.00016948069574343133
2022-11-15_CEP_Turf,0.001467572876739879
2022-11-15_CHA_All Weather,0.0003546977463689919
2022-11-16_CHA_All Weather,0.0006085733805153091
2022-11-17_DIE_Turf,0.012427423844746679
2022-11-17_SAI_Turf,0.010757381837133302
2022-11-18_CHA_All Weather,0.00048072171706268465
2022-11-18_PAU_All Weather,0.0010535782459010809
2022-11-19_VIL_All Weather,0.00024363353104550297
2022-11-20_ANG_Turf,0.0032820679450035334
2022-11-20_BOU_Turf,0.005429002435204702
2022-11-21_BRA_Turf,0.006357805991058132
2022-11-21_CRO_Turf,0.007611468284191937
2022-11-22_DEA_All Weather,0.0003121041593435237
2022-11-22_SAL_Turf,0.005912831247835292
2022-11-23_VIL_All Weather,0.0004331979945022792
2022-11-24_CHA_All Weather,0.00013405964326613948
2022-11-25_FON_Turf,0.0034427776588915387
2022-11-26_CHA_All Weather,0.00034742361537700974
2022-11-27_CEP_Turf,0.005578584245508451
2022-11-28_PON_All Weather,0.00035206143644321325
2022-11-29_DEA_All Weather,0.0003790793723473132
2022-11-30_DEA_All Weather,0.00020112720025232056
2022-12-01_PLB_All Weather,0.0008047372178876342
2022-12-02_CEP_Turf,0.00564460998266146
2022-12-04_CRA_Turf,0.005757672585659785
2022-12-04_VIL_All Weather,0.0004098667651948589
2022-12-05_PON_All Weather,0.0008306366076784194
2022-12-06_CHA_All Weather,0.0004574985996763414
2022-12-07_PAU_All Weather_early,0.0025523485079704798
2022-12-07_PAU_All Weather_late,0.0003025988634537561
2022-12-08_PLB_All Weather,0.0007992596192902161
2022-12-09_DEA_All Weather,0.0007506070556420036
2022-12-09_PON_All Weather,0.0005681482698700126
2022-12-10_DEA_All Weather,0.0005927838714442885
2022-12-10_PAU_All Weather,0.0006763857771910701
2022-12-11_PLB_All Weather,0.0008277730824600729
2022-12-12_VIL_All Weather,0.0004772086051478248
2022-12-13_CHA_All Weather,0.0006251589046758408
2022-12-13_PON_All Weather,-0.00024309113825481682
2022-12-14_PAU_All Weather,0.0008813318273232371
2022-12-15_DEA_All Weather,0.00016274850149327098
2022-12-16_DEA_All Weather_early,0.000825463139599557
2022-12-16_DEA_All Weather_late,0.0002781371960839777
2022-12-17_CHA_All Weather,0.000886337924279704
2022-12-18_PLB_All Weather,0.00023551467116433576
2022-12-19_VIL_All Weather,0.0005491344178290174
2022-12-20_DEA_All Weather,0.0005254945771950268
2022-12-21_PON_All Weather_early,0.0014272843238841827
2022-12-21_PON_All Weather_late,0.0007001872655698737
2022-12-22_DEA_All Weather,0.00018197806140076973
2022-12-23_CHA_All Weather,0.0005549081751811323
2022-12-26_DEA_All Weather,0.0002620505188999237
2022-12-27_PAU_All Weather,0.0009679941995886879
2022-12-28_PLB_All Weather,0.0012651910128420353
2022-12-29_DEA_All Weather,0.0006185347152753026
2022-12-30_DEA_All Weather,0.0006627350034333628
2023-01-02_PAU_All Weather,0.000842994199588688
2023-01-02_PON_All Weather,0.0011665970937733818
2023-01-03_PLB_All Weather,0.0013081245154719587
2023-01-04_PAU_All Weather,0.0006519227710172545
2023-01-05_VIL_All Weather,0.001002052379274173
2023-01-06_DEA_All Weather,0.0006575852389119043
2023-01-07_DEA_All Weather,0.0008893927962213996
2023-01-08_PLB_All Weather,0.0011998420243230085
2023-01-09_PAU_All Weather,0.0013625943241469803
2023-01-10_PON_All Weather,0.0015596016884215232
2023-01-11_PAU_All Weather,0.0009485457783686125
2023-01-12_VIL_All Weather,0.0006715104950724157
2023-01-13_DEA_All Weather,0.0010144681809090917
2023-01-13_PAU_All Weather,0.00033952249475309074
2023-01-14_CHA_All Weather,0.0010764722771337534
2023-01-15_PAU_All Weather,0.0010574743497971824
2023-01-16_CAG_All Weather,0.0007653841565258904
2023-01-16_CAG_Turf,0.0038172626771407056
2023-01-17_PAU_All Weather,0.0006985457783686126
2023-01-18_CAG_All Weather,0.0005730764642181979
2023-01-18_CAG_Turf,0.002757116565825157
2023-01-19_CAG_All Weather,0.0003198129548437098
2023-01-19_CAG_Turf,0.0030368646802225586
2023-01-20_DEA_All Weather,0.0005206908984325058
2023-01-21_CHA_All Weather,0.0008084939630921689
2023-01-22_CAG_All Weather,0.0004176634532253683
2023-01-23_CAG_All Weather,0.0007133322650821211
2023-01-23_CAG_Turf,0.002064044842277306
2023-01-24_VIL_All Weather,0.00042124750528363603
2023-01-25_CAG_All Weather,0.0006592921235588555
2023-01-25_CAG_Turf,0.0018873233017254328
2023-01-26_CAG_All Weather,0.001033600137931739
2023-01-26_PLB_All Weather_early,0.0014230958489048272
2023-01-26_PLB_All Weather_late,0.0005998768655636931
2023-01-27_DEA_All Weather,0.0005693559426402755
2023-01-27_PAU_All Weather,0.0004985457783686132
2023-01-28_DEA_All Weather,0.000749671152222016
2023-01-28_PAU_All Weather,0.000450331492654324
2023-01-30_CAG_All Weather,0.00040339746703427725
2023-01-30_CAG_Turf,0.002349506642411286
2023-01-31_CAG_All Weather,0.0003269226180643516
2023-01-31_CAG_Turf,0.0015888962978535257
2023-02-01_PAU_All Weather,0.0017484725217883062
2023-02-01_PLB_All Weather,0.000878731235799387
2023-02-02_CAG_All Weather,0.0006547692137259093
2023-02-02_CAG_Turf,0.0018086688236212212
2023-02-03_DEA_All Weather,0.0009288045853645179
2023-02-03_PAU_All Weather,0.00029812060830058804
2023-02-04_DEA_All Weather,0.0007612513728575878
2023-02-04_MAL_Turf,0.0020003986702743985
2023-02-05_PAU_All Weather,0.0006713136355114686
2023-02-06_CHA_All Weather,0.0008015382927957828
2023-02-07_CAG_Turf,0.0013642157723735221
2023-02-07_PLB_All Weather,0.0011198068629477398
2023-02-08_PON_All Weather,0.0010066610164193549
2023-02-09_CAG_All Weather,0.0001348026903833977
2023-02-10_DEA_All Weather,0.0011475840463454365
2023-02-10_VIL_All Weather,0.000776355547918338
2023-02-11_CHA_All Weather_early,0.0014944478239761216
2023-02-11_CHA_All Weather_late,0.0007569544983850292
2023-02-12_CAG_All Weather,-7.312545885872835e-05
2023-02-12_CAG_Turf,0.0015812109087286774
2023-02-13_PAU_All Weather,0.0009874816784265594
2023-02-14_PLB_All Weather,0.000675888185939481
2023-02-15_CAG_All Weather,0.0005416607954351741
2023-02-15_PAU_All Weather,0.0011289029212257495
2023-02-16_CHA_All Weather,0.0009258694654456504
2023-02-17_CHA_All Weather,0.0008304085106812954
2023-02-18_CAG_All Weather,0.0006649283035474394
2023-02-19_PAU_All Weather,0.0005157129709435678
2023-02-20_CAG_All Weather,0.000836009084237432
2023-02-20_PLB_All Weather,0.0009082149657916511
2023-02-21_PON_All Weather,0.0014137454380172712
2023-02-22_CAG_Turf,0.00160230317921857
2023-02-23_BOU_Turf,0.0051166520061198
2023-02-24_CHA_All Weather,0.0008213386310073758
2023-02-24_MAR_Turf,0.0033150168112283376
2023-02-25_CHA_All Weather,0.0005320229833441544
2023-02-26_CAG_All Weather,0.0005925559387936341
2023-02-26_CAG_Turf,0.0034906475505105195
2023-02-26_MAL_Turf,0.0018367276970538257
2023-02-27_CAG_All Weather,0.0007461533872951221
2023-02-27_CAG_Turf,0.0034644017148699768
2023-03-01_CHA_All Weather,0.0004251684126220401
2023-03-02_VIL_All Weather,0.0005992124892950769
2023-03-03_BOU_Turf,0.0034838972619733867
2023-03-03_FON_Turf_early,0.0009857887940421968
2023-03-03_FON_Turf_late,0.0014321384425133813
2023-03-04_CHA_All Weather,0.00014822183932829082
2023-03-04_MAR_Turf,0.00119431432520467
2023-03-05_PLB_All Weather,0.0006869197179371104
2023-03-06_BOR_Turf,0.00021439402542530235
2023-03-06_CEP_Turf,0.0007205170294139256
2023-03-07_CHA_All Weather,0.0006780150362078577
2023-03-08_FON_Turf,0.004119808238096043
2023-03-09_SAI_Turf,0.0036890778142056363
2023-03-10_DEA_All Weather,0.0013365778333581573
2023-03-11_DEA_All Weather_early,0.0002324987680735679
2023-03-11_DEA_All Weather_late,0.0009587813774842363
2023-03-12_CEP_Turf,0.002682274287340164
2023-03-12_COM_Turf,0.007203721662487427
2023-03-13_CHA_All Weather,0.0011511097484889793
2023-03-14_VIL_All Weather,0.00149200842308608
2023-03-15_CHA_All Weather,0.0005403727984431642
2023-03-16_BOR_Turf,0.000682186175581169
2023-03-17_FON_Turf,0.002318135689278183
2023-03-18_CEP_Turf,0.00349942336689723
2023-03-18_SAI_Turf,0.0032467227011861214
2023-03-19_CAR_Turf,0.0006266057176030139
2023-03-19_LYO_Turf,0.002234958167207584
2023-03-20_COM_Turf,0.007482474756297287
2023-03-20_PON_All Weather,0.0010521016992107483
2023-03-21_CHA_All Weather,0.00046421995033967196
2023-03-22_CEP_Turf_early,0.001281659146427895
2023-03-22_CEP_Turf_late,0.0021838230035922724
2023-03-22_PLB_All Weather,0.0008525879567568981
2023-03-22_STR_Turf,0.002769770829242282
2023-03-23_SAI_Turf,0.003540078023348228
2023-03-23_VIL_All Weather,0.00013146303826667193
2023-03-24_CRO_Turf,0.005598962529488551
2023-03-24_SEN_Turf,0.007147058256037651
2023-03-25_MAR_Turf,0.0031929082787807684
2023-03-25_PON_All Weather,0.0005391610164193556
2023-03-26_LAT_Turf,0.004660434429936844
2023-03-27_FON_Turf,0.0031988307018461816
2023-03-28_SAI_Turf,0.0029561742043240683
2023-03-29_MAN_Turf,0.0016405602252841582
2023-03-30_CHA_All Weather,0.00013157238704382602
2023-03-31_CHA_All Weather,0.0003709628297939948
2023-03-31_LLA_Turf,0.005988821102093745
2023-04-01_SAI_Turf,0.0017489037020938707
2023-04-02_BOU_Turf,0.004513713700042624
2023-04-03_CHA_Turf,0.0027804218636521393
2023-04-04_CEP_Turf,0.0026804132874221373
2023-04-04_FON_Turf,0.002180074281115886
2023-04-05_CHA_All Weather,0.0003423008390973558
2023-04-05_CHA_Turf,0.002054344171359247
2023-04-05_SAL_Turf,0.001556374069870175
2023-04-06_DEA_All Weather,0.0009483773941212802
2023-04-06_DEA_Turf,0.003751380341102856
2023-04-07_PON_All Weather,0.0012200276297294752
2023-04-07_SAI_Turf,0.0015217595102318335
2023-04-08_BRA_Turf,0.004071977200252397
2023-04-08_VIL_All Weather,0.0004991053118087536
2023-04-09_LLA_Turf,0.006440506063481467
2023-04-09_LON_Turf,-2.833718993237712e-05
2023-04-10_ANG_Turf,0.0006908456495747221
2023-04-11_CHA_All Weather,0.0003330239453539356
2023-04-11_CHA_Turf,0.0022770994604419826
2023-04-11_LAT_Turf,0.0008379226009121441
2023-04-12_EVX_Turf,0.004263766846633941
2023-04-12_SEN_Turf,0.007736655160079538
2023-04-13_BOR_Turf_early,0.0013016359039770662
2023-04-13_BOR_Turf_late,0.00023848385018960557
2023-04-14_PON_All Weather,6.952832202467642e-05
2023-04-14_SAI_Turf,0.00577242846504408
2023-04-15_FON_Turf,0.003466181914298478
2023-04-15_MAR_Turf,0.003100966185727525
2023-04-15_MOU_Turf,0.0032985416022339735
2023-04-16_LON_Turf,0.004185029840756104
2023-04-17_CHA_All Weather,0.00030051677213817465
2023-04-17_CHA_Turf,0.0022339258546343454
2023-04-18_LYO_Turf,0.0008734074641066413
2023-04-19_COM_Turf,0.004373858667136586
2023-04-20_LON_Turf,0.0021836030527400247
2023-04-20_TAR_Turf,0.002237598267066396
2023-04-21_SAI_Turf,0.0038155497548910122
2023-04-21_STR_Turf,0.0019026210659049056
2023-04-22_LYO_Turf,0.0015272780899655985
2023-04-22_PET_Turf,0.0013104467285471222
2023-04-23_CEP_Turf,0.0021027706414437587
2023-04-24_BOU_Turf,0.0006855334754764777
2023-04-24_CRO_Turf_early,0.002184735093864245
2023-04-24_CRO_Turf_late,0.003129700433675493
2023-04-25_ARG_Turf,0.001061709042919969
2023-04-25_MAN_Turf,0.0018641302545685057
2023-04-26_LAT_Turf,0.002551932340108092
2023-04-26_SAI_Turf,0.005978050452063899
2023-04-27_BOR_Turf,0.0016186749134894463
2023-04-27_LON_Turf,0.0030280350286075357
2023-04-28_CHA_All Weather,0.0002939664812743921
2023-04-28_CHA_Turf,0.0034729721349632237
2023-04-28_CHB_Turf,0.0029804371036493797
2023-04-29_MAN_Turf,0.0017333344336640693
2023-04-30_LON_Turf,0.0026796425793032086
2023-05-01_DAX_Turf,0.002736938749441626
2023-05-01_SAI_Turf,0.0014056073147168616
2023-05-02_COM_Turf,0.0036090135348824113
2023-05-03_BRA_Turf,0.0013182932172972476
2023-05-03_FON_Turf,0.0014820084043668136
2023-05-04_CHA_All Weather,9.519715226398353e-05
2023-05-04_CHA_Turf,0.001004473916068832
2023-05-05_BOR_Turf_early,0.0015265032063163182
2023-05-05_BOR_Turf_late,0.0020089768516842604
2023-05-05_SAI_Turf,0.001047159075505358
2023-05-06_DIE_Turf,0.010417801592998863
2023-05-06_PET_Turf,0.002064517349889389
2023-05-07_BOU_Turf,0.001447480672204469
2023-05-07_LON_Turf,0.005445809688323109
2023-05-08_LLA_Turf,0.002148941691941858
2023-05-08_LYO_Turf,0.00034688263135379625
2023-05-08_STR_Turf,0.0018217181800354507
2023-05-09_CHA_All Weather,0.0005467733741074598
2023-05-09_CHA_Turf,0.006187114531127642
2023-05-10_FON_Turf,0.0029417611278068274
2023-05-11_ANG_Turf_early,0.002648781671635795
2023-05-11_ANG_Turf_late,0.001197200297478515
2023-05-11_LON_Turf,0.005159290278565953
2023-05-12_BOR_Turf,0.001856538634297024
2023-05-12_SAI_Turf,0.0043611959614984
2023-05-13_LYO_Turf,0.005224859352041513
2023-05-13_TAR_Turf,0.0026498704111472906
2023-05-14_LON_Turf,0.0015398665800539836
2023-05-15_BOU_Turf,0.0013128705447326933
2023-05-16_SAI_Turf_early,0.0018099607436584202
2023-05-16_SAI_Turf_late,0.0009925029860396943
2023-05-17_CHB_Turf,0.002255294384427721
2023-05-17_VIC_Turf,0.0034740508200647056
2023-05-18_LLA_Turf,0.00027722068832305145
2023-05-18_LON_Turf,0.0008583986318399362
2023-05-18_LYO_Turf,0.002059577667714683
2023-05-19_CHA_Turf,0.001552434843765984
2023-05-20_LYO_Turf,0.0023521946412296524
2023-05-21_CRO_Turf_early,0.000490062783264306
2023-05-21_CRO_Turf_late,-0.0007450922401468714
2023-05-22_BOR_Turf,0.0033037182999549213
2023-05-22_LAT_Turf,0.000858810213697076
2023-05-23_SAI_Turf,0.0016201103980338872
2023-05-24_MAN_Turf,0.00013221774737610776
2023-05-25_CEP_Turf_early,0.003256777931728698
2023-05-25_CEP_Turf_late,0.0004123319537230512
2023-05-25_LON_Turf,0.0012351055607916375
2023-05-26_COM_Turf,0.0006938981818975695
2023-05-26_PON_All Weather,0.0010067423140746171
2023-05-27_BOU_Turf,-0.0006372794788324561
2023-05-27_MOU_Turf,0.0014353819976233328
2023-05-28_SAI_Turf,0.0007329010225940093
2023-05-28_VIC_Turf,0.0031943054969351984
2023-05-29_LON_Turf,0.00045960378538031357
2023-05-29_SAL_Turf,0.0011869607758667
2023-05-30_ANG_Turf,-0.00010756039829015981
2023-05-31_DIE_Turf,0.0013841977742086106
2023-05-31_STR_Turf_early,0.0005528274200099965
2023-05-31_STR_Turf_late,-6.717257999000336e-05
2023-06-01_LON_Turf,0.00124912642502652
2023-06-01_PET_Turf,0.0005549076819282153
2023-06-02_CEP_Turf,0.0019204886690938534
2023-06-02_COM_Turf,0.0017046514813450085
2023-06-03_LYO_Turf_early,0.0017189913939803345
2023-06-03_LYO_Turf_late,0.000810499352181527
2023-06-04_CHA_Turf,-0.0002599227950680503
2023-06-05_CHB_Turf,0.0019124103613230984
2023-06-05_LAT_Turf,0.0014395553318740258
2023-06-06_SAI_Turf_early,0.001776197364649397
2023-06-06_SAI_Turf_late,0.0008529268514791825
2023-06-07_ARG_Turf,-0.0002571134952543483
2023-06-08_LON_Turf,0.0009225590915038118
2023-06-09_BOR_Turf,0.0005382668968637763
2023-06-09_COM_Turf,0.0012630236467055576
2023-06-10_LSO_Turf,0.00026502281944101424
2023-06-10_LYO_Turf,0.0022768733352519863
2023-06-11_LON_Turf,0.0007485992093106946
2023-06-11_TAR_Turf,0.0018816820365322132
2023-06-12_AMI_Turf,-0.0003605868305299309
2023-06-12_STR_Turf,0.0004072943134111502
2023-06-13_COM_Turf,0.0015889912775533311
2023-06-14_SAI_Turf_early,0.001976850616723588
2023-06-14_SAI_Turf_late,0.000771287163583507
2023-06-15_LLA_Turf,0.0005571956759322418
2023-06-15_LON_Turf,0.0008840141486005947
2023-06-16_CRA_Turf,0.001373601925888245
2023-06-16_DIE_Turf_early,0.0012953278157635064
2023-06-16_DIE_Turf_late,0.0003545907772902798
2023-06-17_LYO_Turf,0.0012152717801927097
2023-06-18_CHA_Turf,0.00045764558610320965
2023-06-19_SAI_Turf,0.004315822100613837
2023-06-20_PET_Turf,0.0003158537328509323
2023-06-21_SAL_Turf,0.0016393396035439792
2023-06-22_LAT_Turf,0.002901626438073692
2023-06-22_SEN_Turf,0.0008634699592829545
2023-06-23_LAT_Turf,0.0022865741379107375
2023-06-23_SAI_Turf,0.003846065838297618
2023-06-24_COM_Turf,0.0012134061422270428
2023-06-24_PON_All Weather,0.0004392460980044404
2023-06-25_DAX_Turf,0.0010121541484062785
2023-06-25_LYO_Turf,3.189112650669987e-05
2023-06-26_LYO_Turf_early,0.0006244918947029823
2023-06-26_LYO_Turf_late,-0.00024261753093535608
2023-06-27_CEP_Turf,-0.000564944490728456
2023-06-28_BOR_Turf,0.0005364931657502423
2023-06-28_CHA_Turf,0.0011007213429515474
2023-06-29_LON_Turf,0.0008898192141434069
2023-06-30_AIX_Turf,0.004904754536966503
2023-06-30_CLA_Turf,0.000857611243433876
2023-07-01_CHA_All Weather,0.0005567485614385575
2023-07-01_CHA_Turf,0.0008276046513286902
2023-07-02_CAR_Turf,0.0023960830914229896
2023-07-02_DEA_All Weather,0.0006485936252585617
2023-07-02_DEA_Turf,0.0016281734652862862
2023-07-03_LAT_Turf,0.002782596312574857
2023-07-04_AIX_Turf,0.0015153667600473282
2023-07-04_COM_Turf,0.0006534737514365829
2023-07-05_MAR_Turf,4.0014901877639715e-05
2023-07-05_SEN_Turf,0.0022207142736288352
2023-07-06_LON_Turf,0.0014197512011975353
2023-07-06_PET_Turf,0.0009856647902675086
2023-07-07_CLA_Turf_early,0.0013798272167649393
2023-07-07_CLA_Turf_late,0.0007755537849565334
2023-07-08_AIX_Turf,0.0021044094163126803
2023-07-08_SAI_Turf,-0.00024132630739451751
2023-07-09_DEA_Turf_early,0.0031524752541815834
2023-07-09_DEA_Turf_late,0.0013232910420706058
2023-07-10_CHA_All Weather,0.000694756594343248
2023-07-10_CHA_Turf,0.0009345055103395356
2023-07-10_LAT_Turf,0.00137704875180991
2023-07-11_LLA_Turf_early,0.0008653760020414103
2023-07-11_LLA_Turf_late,-4.0760956016856936e-05
2023-07-11_VIT_Turf,0.0005605636146131082
2023-07-12_DAX_Turf,0.00029748161698434176
2023-07-13_COM_Turf_early,0.0015132659585549869
2023-07-13_COM_Turf_late,0.0004515619673725002
2023-07-14_AIX_Turf,0.0017764184987101815
2023-07-14_LON_Turf,-0.0003301537546882961
2023-07-15_CLA_Turf,0.001229429204375518
2023-07-16_CHA_Turf,0.0011128821399115927
2023-07-17_CHB_Turf,0.0018833157056848348
2023-07-17_VIC_Turf,0.0013966281980856865
2023-07-18_S-M_Turf,0.00010415569604139689
2023-07-18_VIC_Turf,0.001073205982446222
2023-07-19_MAR_Turf,0.0002964253350763095
2023-07-19_VIC_Turf,0.0004577241108619883
2023-07-20_VIC_Turf_early,0.0010611728854141166
2023-07-20_VIC_Turf_late,0.0004849349698016819
2023-07-21_VIC_Turf,0.0011607420119895352
2023-07-22_VIC_Turf,0.0012826729802364978
2023-07-23_LAT_Turf,0.0010044787463922083
2023-07-24_COM_Turf,0.0023695685716611254
2023-07-24_LAT_Turf,0.0005709003119295339
2023-07-25_DIE_Turf,0.004728745001151903
2023-07-25_LLA_Turf,0.0022497082014495736
2023-07-26_S-M_Turf,0.000704118685035482
2023-07-26_VIC_Turf,0.0017751176244607508
2023-07-27_DAX_Turf,0.0017151868185804932
2023-07-28_LLA_Turf,0.003685356320594635
2023-07-28_TOU_Turf,0.0018715725323427673
2023-07-29_CLA_Turf,0.0013024806982197992
2023-07-30_DEA_Turf,0.0020494732192881393
2023-07-30_LAT_Turf,0.0016928794558437213
2023-07-31_DIE_Turf_early,0.004116325732865718
2023-07-31_DIE_Turf_late,0.006952786456489451
2023-07-31_VIT_Turf,0.002859968255913796
2023-08-01_DEA_All Weather,0.0002642656861687609
2023-08-02_CLA_Turf,0.0038161137065508663
2023-08-02_VIC_Turf,0.0007748184178982205
2023-08-03_DEA_All Weather,0.0015501740601810427
2023-08-03_DEA_Turf,0.004309534569817298
2023-08-03_LAT_Turf,0.002496108133016868
2023-08-04_CLA_Turf_early,0.0028909170354902147
2023-08-04_CLA_Turf_late,0.0020168773106503685
2023-08-04_S-M_Turf,0.002621218447053051
2023-08-05_DEA_Turf,0.003944085510065962
2023-08-05_SEN_Turf,0.00392472827281606
2023-08-06_DEA_All Weather,0.0005970474083176113
2023-08-06_DEA_Turf_early,0.003162767596798887
2023-08-06_DEA_Turf_late,0.003498681013250371
2023-08-06_LLA_Turf,0.003859908264860713
2023-08-07_DAX_Turf,0.0012074977392778656
2023-08-08_DEA_Turf_early,0.003435950492263828
2023-08-08_DEA_Turf_late,0.000926255425458179
2023-08-08_LAT_Turf,0.0015712421863289712
2023-08-09_VIC_Turf,0.0016189970988766636
2023-08-10_DEA_All Weather,0.0009802152170246198
2023-08-10_VIT_Turf,0.002322906569131277
2023-08-11_CLA_Turf,0.0012591451599112463
2023-08-11_LLA_Turf,0.004113061733067779
2023-08-12_DEA_All Weather,0.0007808642505903138
2023-08-12_DEA_Turf,0.0034144929705193956
2023-08-13_DEA_All Weather,0.0005770065957822212
2023-08-13_DEA_Turf,0.0014101777631134187
2023-08-14_CLA_Turf_early,0.0012653734447649833
2023-08-14_CLA_Turf_late,0.0008905769691205594
2023-08-15_DEA_All Weather,0.0006696671078829275
2023-08-15_DEA_Turf,0.001979244464787149
2023-08-15_VIC_Turf,0.003913083519091866
2023-08-16_TOU_Turf,0.0009795236710526125
2023-08-16_VIC_Turf_early,0.004098807270547954
2023-08-16_VIC_Turf_late,0.0029760762883257537
2023-08-17_DEA_Turf,0.0020227356397706357
2023-08-17_S-M_Turf,0.00250933875006543
2023-08-18_CLA_Turf,0.0031859892573641896
2023-08-18_LAT_Turf,0.0014765382570348618
2023-08-19_DEA_All Weather,0.0007924604041345884
2023-08-19_DEA_Turf,0.004079096145907427
2023-08-19_VIT_Turf,0.0018832513615058288
2023-08-20_DEA_All Weather,0.00019269139025660745
2023-08-20_DEA_Turf,0.0016575303775992264
2023-08-20_LLA_Turf,0.001100129069467409
2023-08-21_CLA_Turf,0.0017776053157787612
2023-08-21_VIC_Turf,0.0014126436815248165
2023-08-22_DAX_Turf,0.0005486994769030765
2023-08-22_DEA_Turf,0.002622777574162787
2023-08-23_DIE_Turf,0.0024651396292773705
2023-08-23_VIC_Turf,0.001195528588784537
2023-08-24_CHB_Turf,0.002243605000638404
2023-08-24_DEA_All Weather,0.0004849011992635068
2023-08-24_DEA_Turf,0.002792744839989195
2023-08-25_LAT_Turf,0.0011594282523967397
2023-08-26_CLA_Turf,0.0038039921407806
2023-08-27_DEA_All Weather,0.0004582603859792052
2023-08-27_DEA_Turf,0.0024119714501663796
2023-08-27_TAR_Turf,0.005401267455932695
2023-08-28_ARG_Turf,0.001631770644693346
2023-08-28_MOU_Turf,0.0016507665425155445
2023-08-29_DIE_Turf,0.0026900074745681733
2023-08-30_COM_Turf_early,0.0018693838350445544
2023-08-30_COM_Turf_late,0.000686817593307551
2023-08-31_LON_Turf_early,0.0017873205457112538
2023-08-31_LON_Turf_late,0.0003189926236731675
2023-09-01_LAT_Turf,0.0019465184551007392
2023-09-02_CRA_Turf,0.001108876659500719
2023-09-02_LAT_Turf,0.0035204372223918566
2023-09-03_CRA_Turf,0.0011728265663609942
2023-09-03_LON_Turf,0.0003159508961185049
2023-09-04_BOR_Turf,0.0006441622669803304
2023-09-05_EVX_Turf,0.0007947749601368866
2023-09-06_LYO_Turf,0.0015468448702282438
2023-09-07_LON_Turf,0.001174135419083207
2023-09-07_SAL_Turf,0.0012269006164419428
2023-09-08_SAI_Turf,0.00018649205485245777
2023-09-09_CHA_All Weather,0.0009864859176515184
2023-09-09_CHA_Turf,0.0013820821869034812
2023-09-09_DAX_Turf,0.0011346411562046007
2023-09-10_BRA_Turf,0.0009682790675431875
2023-09-10_LON_Turf,0.0011468846397515746
2023-09-11_SAI_Turf,0.0003954689766236
2023-09-12_CEP_Turf,0.001076765576413883
2023-09-12_LYO_Turf,0.0017406130952089193
2023-09-13_CHA_Turf_early,0.0015406025061386595
2023-09-13_CHA_Turf_late,0.0026800229551972423
2023-09-14_BOR_Turf,0.0009430581241829053
2023-09-14_FON_Turf,0.0012691400495868142
2023-09-14_LAT_Turf,0.0018287776167258336
2023-09-15_PET_Turf,0.0010352134941160526
2023-09-15_SAI_Turf,0.0017915280700562593
2023-09-16_CHA_All Weather,0.0004343453055395915
2023-09-16_CHA_Turf,0.0009599435866106054
2023-09-16_LLA_Turf,0.0017673191712991847
2023-09-17_BOU_Turf,0.0037981450028556148
2023-09-17_BRA_Turf,0.0018910047778797068
2023-09-18_COM_Turf,0.0027430085398490876
2023-09-19_SAL_Turf,0.003071388910565285
2023-09-20_CHA_All Weather,0.0003608221522639862
2023-09-20_CHA_Turf,0.0017829716569014583
2023-09-21_AMI_Turf,0.0031475497942844944
2023-09-21_LYO_Turf,0.0023290884628454525
2023-09-22_CEP_Turf,0.0022570068543866025
2023-09-22_SAI_Turf,0.004972939819563661
2023-09-23_CRO_Turf,0.0011593196538891165
2023-09-23_TAR_Turf,0.002905127542116621
2023-09-24_CRA_Turf,0.0024412185431066983
2023-09-24_FON_Turf,0.0024149034195693284
2023-09-25_CRA_Turf,0.0017181166737769778
2023-09-25_VIC_Turf,0.0016130600730017088
2023-09-26_VIC_Turf,0.001978079611671736
2023-09-27_PON_All Weather,0.0007727835102126286
2023-09-28_CHA_Turf_early,0.0024266534647160018
2023-09-28_CHA_Turf_late,0.0017966090909175083
2023-09-28_MAN_Turf,0.0004985363769345424
2023-09-29_SAI_Turf,0.0017014166010576503
2023-09-30_ANG_Turf,0.0004138345380282728
2023-09-30_LON_Turf,0.00018370579883430013
2023-10-01_LON_Turf,-0.0004982436701269835
2023-10-01_STR_Turf,0.0012107613061906907
2023-10-02_BOR_Turf,0.0014721736488249315
2023-10-02_PLB_All Weather,0.00010044382614411005
2023-10-03_BOU_Turf,0.0013681499350808785
2023-10-04_CEP_Turf,0.0016322326203007374
2023-10-04_CHA_All Weather,0.0002481400529898648
2023-10-04_CHA_Turf,0.002061439573260346
2023-10-05_PET_Turf,0.0022233909258368967
2023-10-05_SAI_Turf,0.0013198721754756366
2023-10-06_COM_Turf,0.0018631147105470601
2023-10-06_VIL_All Weather,0.0012829795821157116
2023-10-07_CHA_All Weather,0.0004892484862677684
2023-10-07_CHA_Turf,0.0013622848955766184
2023-10-07_CHO_Turf,0.002548651493600176
2023-10-08_LYO_Turf_early,0.0022665289824599848
2023-10-08_LYO_Turf_late,0.001225682310761303
2023-10-09_AMI_Turf,0.00034290317517042177
2023-10-09_BOR_Turf,0.00185380850544528
2023-10-10_SAI_Turf,0.0008481642245840762
2023-10-11_CHA_All Weather,0.00042664439431228844
2023-10-11_CRO_Turf,0.0009841592763034943
2023-10-12_CHA_All Weather,0.0007477175180209046
2023-10-12_CHA_Turf,0.0012218486289915865
2023-10-13_CEP_Turf,0.00021185385955114702
2023-10-13_COM_Turf,0.00370963801932736
2023-10-14_FON_Turf,0.0019048420261163542
2023-10-14_LSO_Turf,0.0013775393811193534
2023-10-15_BOU_Turf,0.0010936380785613925
2023-10-15_LON_Turf,0.0023484398373302086
2023-10-16_CLA_Turf,0.0007132317682667803
2023-10-17_ARG_Turf,0.001902290869955207
2023-10-17_VIL_All Weather,0.00024274863093546882
2023-10-18_DEA_All Weather,0.0008719503925645641
2023-10-18_DEA_Turf,0.0033680625410830475
2023-10-19_DEA_All Weather,0.00043237640038048186
2023-10-20_CLA_Turf,0.003910807367123418
2023-10-21_BRA_Turf,0.0055609384621963
2023-10-21_LON_Turf,0.004159681639401209
2023-10-22_SAI_Turf,0.0032656617453128683
2023-10-23_BOR_Turf,0.0008922189157625288
2023-10-23_CEP_Turf,0.0033496207002261654
2023-10-24_MAN_Turf,0.0017945233211076421
2023-10-25_PAU_All Weather,0.0005636431809660146
2023-10-25_VIL_All Weather_early,0.0004689790622763097
2023-10-25_VIL_All Weather_late,0.000935645779718628
2023-10-26_CHA_All Weather,0.0003149957930250238
2023-10-27_ANG_Turf,0.004328290534272992
2023-10-27_CHA_All Weather,0.0004670136452182011
2023-10-27_CHA_Turf,0.00481065758911095
2023-10-28_BOU_Turf,0.006387712680675198
2023-10-28_CRO_Turf_early,0.0025672570212881985
2023-10-28_CRO_Turf_late,0.003168092220137376
2023-10-29_CAR_Turf,0.004981455187867832
2023-10-29_LON_Turf,0.006059768041954576
2023-10-30_SAI_Turf,0.010490260195469362
2023-10-31_BOR_Turf,0.0036339976953903555
2023-10-31_CHA_All Weather,0.00018451631069972858
2023-11-01_PET_Turf,0.004896569371276868
2023-11-02_CEP_Turf,0.006889248069820382
2023-11-02_LYO_Turf,0.007300008385530156
2023-11-03_PON_All Weather,0.0010368895286112705
2023-11-04_DEA_All Weather,0.0011708600737242978
2023-11-05_DEA_All Weather,0.0008728593291902601
2023-11-06_CRO_Turf,0.004564679797383485
2023-11-06_PAU_All Weather,0.0009246218706132782
2023-11-07_FON_Turf,0.0026685084636722195
2023-11-07_VIL_All Weather,0.0006250629388373445
2023-11-08_PAU_All Weather,0.00033247434979718257
2023-11-09_LYO_Turf,0.009386939928362602
2023-11-10_SAI_Turf,0.01232847567260252
2023-11-11_CEP_Turf,0.0039497246118638755
2023-11-11_STR_Turf,0.004770656827185552
2023-11-12_BOR_Turf,0.004859593065282674
2023-11-13_AMI_Turf,0.008414900235634102
2023-11-13_MAN_Turf_early,0.0030959745467938693
2023-11-13_MAN_Turf_late,0.0022917919390501524
2023-11-14_CHA_All Weather,0.0009036394386926743
2023-11-14_PLB_All Weather,0.00041726890819972565
2023-11-15_DEA_All Weather,0.0018641242361496406
2023-11-16_DEA_All Weather,0.00018021067925911237
2023-11-16_PLB_All Weather_early,0.0011188022933463556
2023-11-16_PLB_All Weather_late,-2.9577361141655614e-05
2023-11-17_BRA_Turf,0.011475386407565142
2023-11-17_SAI_Turf,0.012427423844746679
2023-11-18_DEA_All Weather,0.001224825893520614
2023-11-19_BOU_Turf,0.011139719587078423
2023-11-20_CEP_Turf,0.004621840032138269
2023-11-21_CHA_All Weather,0.0006044959512071586
2023-11-22_ANG_Turf,0.004227858578038439
2023-11-22_VIL_All Weather,0.0008307302233602716
2023-11-23_CHA_All Weather,0.0003850560332589271
2023-11-24_SAI_Turf_early,0.006981370419533433
2023-11-24_SAI_Turf_late,0.009181541359968579
2023-11-24_SAL_Turf,0.0016789037522145951
2023-11-25_FON_Turf,0.002376672450801675
2023-11-26_CEP_Turf,0.0034743990989009447
2023-11-27_PON_All Weather,0.0010589500709246443
2023-11-28_DEA_All Weather,0.0003162830196130097
2023-11-29_DEA_All Weather,0.000540741907552554
2023-11-30_VIL_All Weather,0.001221776033713646
2023-12-01_PAU_All Weather,8.17948634519837e-05
2023-12-01_PLB_All Weather,0.0006579006369726121
2023-12-02_VIL_All Weather,0.0010226125120245317
2023-12-03_CRA_Turf,0.006582405915384621
2023-12-03_DEA_All Weather,0.0005884546330860046
2023-12-04_CEP_Turf,0.005967233127491138
2023-12-05_DEA_All Weather,0.0008574906282097865
2023-12-06_DEA_All Weather,0.0003312901444892603
2023-12-07_CHA_All Weather,0.000638946032003287
2023-12-08_PLB_All Weather,0.00031098434983825547
2023-12-09_CHA_All Weather,0.0005056842196973655
2023-12-09_PON_All Weather,0.0011582438903529379
2023-12-10_PAU_All Weather,0.0014974112974985223
2023-12-10_PLB_All Weather,0.0008678510224603833
2023-12-11_VIL_All Weather,0.0008005908953865899
2023-12-12_CHA_All Weather,-4.1036481005868557e-05
2023-12-12_PON_All Weather,0.0006252204815549183
2023-12-13_PAU_All Weather,0.002712564003629437
2023-12-14_CHA_All Weather,0.0006463489693290026
2023-12-15_DEA_All Weather,0.00057800626769365
2023-12-16_DEA_All Weather,0.0006044492429828587
2023-12-17_PLB_All Weather,0.0004639332296701174
2023-12-18_VIL_All Weather,0.0004901453214935377
2023-12-19_PON_All Weather,-0.00028149678204776764
2023-12-20_DEA_All Weather,0.0008235953333040922
2023-12-21_DEA_All Weather,0.000623235330447513
2023-12-22_CHA_All Weather,0.0002273282950019445
2023-12-23_PAU_All Weather,0.0003735457783686133
2023-12-26_DEA_All Weather,0.0007109136079170745
2023-12-27_PLB_All Weather,0.0002520977606784675
2023-12-28_DEA_All Weather,0.00041720684737889003
2023-12-29_DEA_All Weather,0.0008200832146204063
2023-12-30_CHA_All Weather,0.0008557778904469873
2023-12-31_PAU_All Weather,0.0007137243497971797
2024-01-02_PAU_All Weather,0.0006235457783686133
2024-01-03_VIL_All Weather,0.0007142493362652203
2024-01-04_PAU_All Weather,0.00033872434979717895
2024-01-04_PON_All Weather,-0.00026230097785196285
2024-01-05_DEA_All Weather,0.0006893594666894042
2024-01-06_DEA_All Weather,0.00017226643240473598
2024-01-07_PLB_All Weather,0.0004327341871365458
2024-01-08_PAU_All Weather,0.0001914029212257534
2024-01-09_PON_All Weather,-0.00024603587931413694
2024-01-10_PAU_All Weather,0.00019540384156526002
2024-01-11_VIL_All Weather,0.001310221079069294
2024-01-12_DEA_All Weather,0.001007249603518845
2024-01-12_PAU_All Weather,0.0003074743497971817
2024-01-13_CHA_All Weather,0.0007775026353850036
2024-01-14_PAU_All Weather,-1.4542216313867627e-06
2024-01-15_CAG_All Weather,0.0006666879548437096
2024-01-15_CAG_Turf,0.002141535636692391
2024-01-17_CAG_All Weather,0.0005269346769331366
2024-01-17_CAG_Turf,0.004827680375490906
2024-01-18_CAG_Turf,0.00495676221779877
2024-01-18_PLB_All Weather,7.587241668523143e-05
2024-01-19_DEA_All Weather_early,0.0009272022300120116
2024-01-19_DEA_All Weather_late,7.612293336880254e-05
2024-01-20_CAG_All Weather,0.00087032757268978
2024-01-20_CAG_Turf,0.0034218264781022208
2024-01-21_CAG_All Weather,0.00015550418413607083
2024-01-21_CAG_Turf,0.00389083660287423
2024-01-23_CAG_All Weather,0.0008366370964992964
2024-01-23_CAG_Turf,0.0027734405115363327
2024-01-24_CHA_All Weather,0.0009002703287283479
2024-01-24_VIL_All Weather,0.0007165577197530828
2024-01-25_DEA_All Weather,0.0011702991201702805
2024-01-25_PAU_All Weather,0.0009485457783686125
2024-01-26_DEA_All Weather,0.0006828364274436106
2024-01-26_PAU_All Weather,0.0006914029212257564
2024-01-27_CAG_All Weather,0.0007195527831748246
2024-01-27_CAG_Turf,0.0025174830028158106
2024-01-27_PLB_All Weather_early,9.527288158164848e-05
2024-01-27_PLB_All Weather_late,0.0005487761210136703
2024-01-29_CAG_All Weather,0.00030222682290525344
2024-01-29_CAG_Turf,0.002907301569535781
2024-01-30_CAG_All Weather,0.00045904655079640616
2024-01-30_CAG_Turf,0.002693907878696618
2024-01-30_PLB_All Weather,0.0003542177754065667
2024-01-31_PAU_All Weather,0.0013592600640828976
2024-02-01_CAG_All Weather,0.0002491370964992977
2024-02-01_CAG_Turf,0.003710231695802389
2024-02-02_DEA_All Weather,0.0008686369085562456
2024-02-02_PAU_All Weather,0.0002985457783686104
2024-02-03_DEA_All Weather,0.0005615112434220183
2024-02-03_MAL_Turf,0.0021843462685874446
2024-02-04_PAU_All Weather,0.0003414029212257529
2024-02-05_CAG_Turf,0.0015028651274320182
2024-02-06_CEP_Turf,0.004600656067933362
2024-02-07_CAG_Turf,0.001907415628642725
2024-02-08_VIL_All Weather,0.0008308408353566159
2024-02-09_CHA_All Weather,0.0008202749069492882
2024-02-09_PLB_All Weather,0.000288585024088896
2024-02-10_DEA_All Weather,0.0011839196931610397
2024-02-11_CAG_All Weather,0.0004240132964148706
2024-02-12_CAG_All Weather,0.00027791969540738815
2024-02-13_BOR_Turf,0.008376134390482494
2024-02-14_PAU_All Weather,0.0006079845538788157
2024-02-15_CHA_All Weather,0.00022801217036933768
2024-02-16_CHA_All Weather,0.0003939318080641732
2024-02-16_PLB_All Weather_early,0.0009789443670380016
2024-02-16_PLB_All Weather_late,0.0002385323277485662
2024-02-17_CAG_All Weather,0.00021419564031768394
2024-02-17_CAG_Turf,0.002922135642740726
2024-02-18_PAU_All Weather,0.00047737230898085733
2024-02-19_CAG_All Weather,0.00034802467873333684
2024-02-21_CAG_All Weather,0.0004019327555646415
2024-02-21_CAG_Turf,0.0019513412032923889
2024-02-22_BOU_Turf,0.005987055991795985
2024-02-22_PLB_All Weather,0.0009513117704901604
2024-02-23_CHA_All Weather,0.0008335214185725109
2024-02-23_TAR_Turf,0.005373491022261748
2024-02-24_CHA_All Weather,0.0003201881656736981
2024-02-25_CAG_All Weather,0.0003130009147676458
2024-02-25_CAG_Turf,0.003180758969201174
2024-02-25_CAR_Turf,-0.00019430978615803332
2024-02-25_MAL_Turf,0.005964572924298873
2024-02-26_CAG_Turf,0.00646576882824861
2024-02-27_BOR_Turf,0.009497735561941481
2024-02-29_CHA_All Weather,0.0001480749061366504
2024-03-01_CHA_All Weather_early,0.0019718857602715684
2024-03-01_CHA_All Weather_late,0.00027494765663541265
2024-03-02_FON_Turf,0.004087459339616934
2024-03-02_LIG_Turf,0.0026170167821682085
2024-03-02_PLB_All Weather,0.0005687941334757874
2024-03-03_VIL_All Weather,0.0009747129583948598
2024-03-04_CEP_Turf,0.006062055742184411
2024-03-05_CHA_All Weather,0.0002538856205277049
2024-03-06_FON_Turf,0.004178610470702265
2024-03-07_SAI_Turf,0.00807827518880691
2024-03-08_CHA_All Weather,0.00038220643893696464
2024-03-09_PON_All Weather,0.0023430523075568454
2024-03-10_COM_Turf,0.01023802726940391
2024-03-10_PAU_All Weather,0.0013604091036915804
2024-03-11_CEP_Turf,0.0077205667618725745
2024-03-11_MAN_Turf,0.004024368134176723
2024-03-12_SAI_Turf,0.012427423844746679
2024-03-14_CHA_All Weather,0.0005886039707208454
2024-03-14_PON_All Weather,0.0006127898674917127
2024-03-15_FON_Turf,0.003020487862156827
2024-03-15_VIL_All Weather,0.0005055524911792688
2024-03-16_BOU_Turf,0.011162806820622142
2024-03-16_SAI_Turf,0.011170263426083342
2024-03-17_LYO_Turf,0.003280159122227827
2024-03-18_CHA_All Weather,0.00040774445351971986
2024-03-19_COM_Turf,0.008267329951485155
2024-03-20_BOR_Turf,0.002155338401361565
2024-03-20_CEP_Turf,0.0016018496316701938
2024-03-21_SAI_Turf,0.0062423755365600825
2024-03-22_CRO_Turf_early,0.0018099060146126464
2024-03-22_CRO_Turf_late,0.0026483410252679546
2024-03-22_STR_Turf,0.004806191213704219
2024-03-23_LAT_Turf,0.002549699404932902
2024-03-23_PON_All Weather,-9.634897525847559e-06
2024-03-23_SEN_Turf_early,0.00786113732810862
2024-03-23_SEN_Turf_late,0.006914370920625042
2024-03-24_PAU_All Weather,0.0009317548019565728
2024-03-24_VIL_All Weather,0.0011605708347815359
2024-03-25_FON_Turf,0.002370276617023612
2024-03-26_SAI_Turf,0.008672503165944619
2024-03-27_PLB_All Weather,0.0011303016600401298
2024-03-28_CHA_All Weather_early,0.0013396928842493827
2024-03-28_CHA_All Weather_late,0.0009607994753467587
2024-03-29_COM_Turf,0.008612406734047364
2024-03-30_CHA_All Weather,0.0008387384963263498
2024-03-30_CHA_Turf,0.008190916368246266
2024-03-31_LIG_Turf,0.003866110706477377
2024-03-31_LLA_Turf,0.00535255982250378
2024-04-01_BOU_Turf,0.012427423844746679
2024-04-01_SAI_Turf,0.012427423844746679
2024-04-02_FON_Turf,0.003093191064987803
2024-04-03_SAL_Turf,0.0031702179671263997
2024-04-04_BRA_Turf,0.011680879313184461
2024-04-04_CHA_Turf,0.01106123962518888
2024-04-05_PON_All Weather,0.0008653399129503251
2024-04-05_SAI_Turf,0.012427423844746679
2024-04-06_PET_Turf,0.009460531510797659
2024-04-06_VIL_All Weather,0.0003563913707240174
2024-04-07_LLA_Turf,0.012427423844746679
2024-04-07_LON_Turf,0.007621230925255537
2024-04-08_CEP_Turf,0.0010196723298768087
2024-04-09_DEA_All Weather,0.0012560345264626242
2024-04-09_DEA_Turf,0.007849854131680255
2024-04-10_DEA_All Weather,0.0010883377298381925
2024-04-10_DEA_Turf,0.00405867582245057
2024-04-10_LAT_Turf,0.004293672949752834
2024-04-11_ARG_Turf,0.000993125922196169
2024-04-12_PON_All Weather,0.0002270386633731
2024-04-12_SAI_Turf,0.0072717312270937345
2024-04-13_FON_Turf,0.0013833282597513286
2024-04-13_TAR_Turf,0.0016103510456141825
2024-04-14_LON_Turf,0.003066428234027732
2024-04-14_MOU_Turf,0.001292380891827614
2024-04-14_SEN_Turf_early,0.0030552363648325876
2024-04-14_SEN_Turf_late,0.0042579170428675775
2024-04-15_CHA_Turf_early,0.0025626188344267014
2024-04-15_CHA_Turf_late,0.0037327119202420662
2024-04-16_COM_Turf,0.005538646444420791
2024-04-17_LYO_Turf,0.0023962817026903106
2024-04-18_LON_Turf,0.0055900201223063875
2024-04-18_PET_Turf,0.0028350481707017997
2024-04-19_SAI_Turf,0.005789195373154842
2024-04-20_CRO_Turf,0.0034033995454374327
2024-04-20_LYO_Turf,0.002457792639965913
2024-04-20_TAR_Turf,0.003089283754433487
2024-04-21_CEP_Turf,0.00010603783201531656
2024-04-22_BOU_Turf,0.0004206794899242015
2024-04-22_STR_Turf,0.0036275802275051506
2024-04-23_MAN_Turf_early,0.0007831421365242934
2024-04-23_MAN_Turf_late,0.00014922778780264258
2024-04-24_BOR_Turf,0.00044185291748921704
2024-04-24_EVX_Turf,0.001304482237602694
2024-04-25_LAT_Turf,0.0016485309215193422
2024-04-25_LON_Turf,0.0018614563612341537
2024-04-26_CHA_All Weather,0.00025849711556160824
2024-04-26_CHA_Turf,0.001768629031917941
2024-04-27_CHB_Turf,0.002530938453885285
2024-04-27_LYO_Turf,0.0011016404477476088
2024-04-28_LON_Turf,0.0017650903158536709
2024-04-29_CHA_All Weather,0.0008826971522639867
2024-04-29_CHA_Turf,0.0020621635642152827
2024-04-30_FON_Turf,0.0017453882770316167
2024-05-01_DAX_Turf,0.0069092769978742
2024-05-01_SAI_Turf,0.0001078361834680976
2024-05-02_CHA_All Weather,0.0004505861240449558
2024-05-02_CHA_Turf,0.004570574514538939
2024-05-03_BOR_Turf,0.001290176734862901
2024-05-03_FON_Turf,0.00227864416561123
2024-05-04_ANG_Turf,0.002415699047395319
2024-05-04_BOU_Turf,0.00642376727754523
2024-05-05_BRA_Turf,0.005923560869966591
2024-05-05_LON_Turf,0.004647806333806872
2024-05-06_PET_Turf,0.006710280996828844
2024-05-06_SAI_Turf,0.0025833807027864945
2024-05-07_CHA_All Weather,0.0008016245572832488
2024-05-07_CHA_Turf,0.002469567067071018
2024-05-08_LYO_Turf,0.0043154303016481954
2024-05-08_STR_Turf,0.0034668256644068496
2024-05-09_AGE_Turf,0.002026126086318997
2024-05-09_LLA_Turf,0.003041886204104393
2024-05-09_LON_Turf_early,0.0014063601331801548
2024-05-09_LON_Turf_late,0.000945403486100364
2024-05-09_LYO_Turf,0.0032523862755983826
2024-05-10_BOR_Turf,0.0017136060395442738
2024-05-10_SAI_Turf,0.0006625510346053687
2024-05-11_CHA_All Weather,0.0007303923664065686
2024-05-11_CHA_Turf,0.0015730764842438654
2024-05-11_TAR_Turf,0.0012578779472394714
2024-05-12_CHB_Turf,0.0019149926903341474
2024-05-12_LON_Turf,0.00037366059944895255
2024-05-13_DIE_Turf,0.004124142742484865
2024-05-14_SAI_Turf,0.0037889158723469164
2024-05-15_MAN_Turf,0.0011950890471956878
2024-05-15_VIC_Turf,0.006195112065592033
2024-05-16_BOU_Turf,0.006121232094530954
2024-05-16_LON_Turf,0.0026136093738278066
2024-05-17_CHA_All Weather,0.000746919479494853
2024-05-17_CHA_Turf,0.0019440575012011122
2024-05-17_LAT_Turf,0.006421943423709296
2024-05-18_LYO_Turf,0.002901134237649657
2024-05-19_CRO_Turf,0.0006856431698856885
2024-05-20_MOU_Turf,0.002325205502589369
2024-05-20_SAI_Turf_early,0.0007495794743052681
2024-05-20_SAI_Turf_late,0.002027946401600709
2024-05-20_SAL_Turf,0.0010344103756138308
2024-05-21_ANG_Turf_early,0.0013947925153985803
2024-05-21_ANG_Turf_late,0.0023710999970672397
2024-05-21_CEP_Turf,0.0020234705415488412
2024-05-22_BRA_Turf,0.007048582082555273
2024-05-22_EVX_Turf,0.0046534374385326744
2024-05-23_LLA_Turf,0.005744875263737289
2024-05-23_LON_Turf,0.003991908237111002
2024-05-24_COM_Turf,0.0014660636538538756
2024-05-24_PON_All Weather,0.0005785954609277645
2024-05-25_BOU_Turf,0.004467610111222687
2024-05-25_SAI_Turf,0.0018950612599881746
2024-05-26_LON_Turf,0.001453379841895842
2024-05-26_VIC_Turf,0.004395830776183465
2024-05-27_BOR_Turf,0.000416596899691975
2024-05-28_CEP_Turf_early,0.0021505822387374606
2024-05-28_CEP_Turf_late,0.0003081652870563845
2024-05-29_DIE_Turf_early,0.005740978266778447
2024-05-29_DIE_Turf_late,0.00771819597676736
2024-05-29_STR_Turf,0.0030679712675758257
2024-05-30_LON_Turf,0.006423371574992044
2024-05-30_PET_Turf,0.0022602802776990516
2024-05-31_BOR_Turf,0.0009416304880298751
2024-05-31_COM_Turf,0.004846897519783867
2024-06-01_LYO_Turf,0.0009857102341677927
2024-06-02_CHA_Turf,0.0024691182652320206
2024-06-02_DAX_Turf,0.0010404309370157614
2024-06-03_CHB_Turf,0.001575929941435425
2024-06-03_LAT_Turf,0.00045904726966058913
2024-06-04_SAI_Turf,0.0033908225049796856
2024-06-05_ARG_Turf,0.00033052558204395006
2024-06-05_TAR_Turf,0.0006192322852484913
2024-06-06_LON_Turf,0.0007074861441572542
2024-06-07_BOR_Turf,0.0024027344194856677
2024-06-07_COM_Turf,0.0012138293970872145
2024-06-08_LYO_Turf,0.0005451204018810725
2024-06-09_LLA_Turf,0.0011499932949798587
2024-06-09_LON_Turf,0.00040074042724481094
2024-06-10_CRA_Turf,0.0011774811511942847
2024-06-10_DAX_Turf,0.0014859907007048294
2024-06-11_SAI_Turf,0.001702141428205817
2024-06-12_COM_Turf,0.0033779781240727102
2024-06-13_LON_Turf,0.000840921899246964
2024-06-13_STR_Turf_early,0.0014336153810077376
2024-06-13_STR_Turf_late,0.00031361538100774
2024-06-14_BOR_Turf_early,0.0016537691554902709
2024-06-14_BOR_Turf_late,0.0008415253361924748
2024-06-14_DIE_Turf,0.002315867069356466
2024-06-15_LYO_Turf,0.003274600408791423
2024-06-16_CHA_Turf,0.000885924820340178
2024-06-17_SAI_Turf,0.001956053473278061
2024-06-18_PET_Turf,0.004110223964704254
2024-06-19_CEP_Turf,0.00011928411319969538
2024-06-20_ANG_Turf,9.455761055657296e-05
2024-06-20_LON_Turf,0.0019414118723757353
2024-06-21_BOR_Turf,0.0009816731259007228
2024-06-21_SAI_Turf,0.004211230401948086
2024-06-22_COM_Turf,0.0026550671323070357
2024-06-23_DAX_Turf,0.002429411369565083
2024-06-23_LYO_Turf,0.0025559243298291135
2024-06-24_LYO_Turf,0.0015238297686823755
2024-06-25_SAL_Turf,0.001051986516625499
2024-06-26_CHA_Turf,0.001327481702020592
2024-06-27_AIX_Turf,0.0008028282865749776
2024-06-27_LAT_Turf_early,0.0011806620957248353
2024-06-27_LAT_Turf_late,5.9984735895615556e-05
2024-06-28_CLA_Turf,0.0006953351323057428
2024-06-28_LAT_Turf,0.00032426867456038564
2024-06-29_CHA_Turf,0.0004323316683333218
2024-06-30_SAI_Turf,-0.0002944895861260317
2024-07-01_TOU_Turf,0.002927167572413616
2024-07-02_CHA_Turf,0.0019243462843935855
2024-07-02_LSO_Turf,-6.965149817293556e-05
2024-07-03_LAT_Turf,0.002220447849549751
2024-07-03_PET_Turf,0.00228573994068859
2024-07-04_AIX_Turf,0.000945768511557872
2024-07-04_LON_Turf,0.0007237261621137117
2024-07-05_CLA_Turf,0.0004892959591330277
2024-07-05_MAR_Turf,-0.00022888448138836827
2024-07-06_DEA_All Weather,0.0014776134738310434
2024-07-06_SEN_Turf,0.0006041669960062629
2024-07-07_DEA_Turf,0.0006954852882066196
2024-07-08_DAX_Turf,-0.00019416988403052235
2024-07-08_STR_Turf,0.0015930594610658617
2024-07-09_AIX_Turf,0.0022423797123071673
2024-07-09_COM_Turf,0.00028582494668580094
2024-07-10_LAT_Turf,0.0023349028265461135
2024-07-11_CLA_Turf,0.0007704733117108926
2024-07-11_LLA_Turf,0.003220457317262068
2024-07-12_COM_Turf,0.0017028337554654824
2024-07-13_LON_Turf_early,-0.0002467839425690494
2024-07-13_LON_Turf_late,0.0018034834561215668
2024-07-14_AIX_Turf,0.0027533285771780317
2024-07-14_CHA_Turf,0.0016294473733545667
2024-07-15_S-M_Turf,0.0005040001551660356
2024-07-15_VIC_Turf,0.0010721274246945646
2024-07-16_CHB_Turf,0.002316488414762998
2024-07-16_VIC_Turf,0.0004910683176952629
2024-07-17_VIC_Turf,0.001011388271273582
2024-07-18_VIC_Turf,0.000517915205179003
2024-07-19_MAR_Turf,0.002055821893649039
2024-07-19_VIC_Turf,0.0008461983056519596
2024-07-20_LSO_Turf,0.0006833683992039187
2024-07-20_VIC_Turf,0.0026349904636851543
2024-07-21_LAT_Turf,0.003806248005184966
2024-07-22_COM_Turf_early,0.0014142163968476568
2024-07-22_COM_Turf_late,0.0005349680145362483
2024-07-22_LAT_Turf,0.003064601097426694
2024-07-23_DIE_Turf_early,0.0013806648305419212
2024-07-23_DIE_Turf_late,0.0002407261912079873
2024-07-24_S-M_Turf,0.0008292688865684031
2024-07-24_VIC_Turf,0.0023360585712143677
2024-07-25_VIT_Turf,0.003024565876544328
2024-07-26_DAX_Turf,0.0008902816144320532
2024-07-26_LLA_Turf,0.0034138346034764608
2024-07-27_CLA_Turf,0.0008856752397554089
2024-07-28_DEA_Turf,0.002174821920864821
2024-07-28_LAT_Turf,0.0016956700489122575
2024-07-29_DIE_Turf_early,0.0015010039221885964
2024-07-29_DIE_Turf_late,0.0003284803690022496
2024-07-30_DEA_All Weather,0.0013387905651109382
2024-07-31_CLA_Turf,0.00034335838758985224
2024-07-31_VIC_Turf,0.0019355598064640335
2024-08-01_DEA_All Weather,0.0013361001010317212
2024-08-01_DEA_Turf,0.0009952381286266628
2024-08-01_MAR_Turf,0.0018082807845155751
2024-08-02_CLA_Turf,0.001090467678805812
2024-08-02_VIT_Turf,0.00469310771978246
2024-08-03_DEA_All Weather,0.0012716134750500663
2024-08-03_DEA_Turf,0.0008086650176662014
2024-08-03_SEN_Turf,0.0007118816491765002
2024-08-04_DEA_All Weather,0.0009345963416332247
2024-08-04_DEA_Turf,0.0009190815449380645
2024-08-04_LLA_Turf,0.0027514092937666276
2024-08-05_DIE_Turf,0.000929596028798521
2024-08-06_DEA_Turf_early,0.004306658501711141
2024-08-06_DEA_Turf_late,0.0011752414470918386
2024-08-06_LAT_Turf,0.0016611850701010807
2024-08-07_VIC_Turf,0.0010748797062039748
2024-08-08_DEA_All Weather,0.0018340498448740578
2024-08-08_S-M_Turf,0.0017300357163576659
2024-08-09_CLA_Turf,0.0013781572704080584
2024-08-09_LLA_Turf,0.0014274374792521637
2024-08-10_DEA_All Weather,0.0014064932265810547
2024-08-10_DEA_Turf,0.0019753558662703122
2024-08-11_DEA_All Weather,0.0009422774014531877
2024-08-11_DEA_Turf,-7.029565058313351e-05
2024-08-12_CLA_Turf_early,0.0016676238931598976
2024-08-12_CLA_Turf_late,0.0008117061461552489
2024-08-12_VIT_Turf,0.0027003349696829424
2024-08-13_DEA_All Weather,0.0007575154966912832
2024-08-13_DEA_Turf,0.0018472885302350218
2024-08-13_LAT_Turf,0.002165423886693148
2024-08-14_VIC_Turf,0.0021200833167336116
2024-08-15_DEA_Turf,0.001029441835163728
2024-08-15_VIC_Turf,0.0027274469554185786
2024-08-16_CHB_Turf,0.0018079741922067062
2024-08-16_CLA_Turf,0.002813611041764214
2024-08-17_DEA_All Weather,0.0013207316188439272
2024-08-17_DEA_Turf,0.003979561237598285
2024-08-18_DEA_All Weather,0.0014907758114933796
2024-08-18_DEA_Turf,0.0015196538877224957
2024-08-18_LLA_Turf,0.0025133404407352723
2024-08-19_VIC_Turf,0.0017534473414498215
2024-08-20_DAX_Turf,-7.387986069735448e-05
2024-08-20_DEA_All Weather,0.001208415829370242
2024-08-20_DEA_Turf,0.005977861597888704
2024-08-21_DIE_Turf,0.002799052349771703
2024-08-21_LAT_Turf,0.0018231498590345957
2024-08-22_DEA_All Weather,0.0013068038302858536
2024-08-22_DEA_Turf,0.0013959646221621284
2024-08-22_S-M_Turf_early,0.0029179985063695745
2024-08-22_S-M_Turf_late,0.0010880499647946702
2024-08-23_VIC_Turf,0.0003522718510913884
2024-08-24_CAR_Turf,0.004081647320649507
2024-08-24_CLA_Turf,0.005421479263332082
2024-08-25_DEA_All Weather,0.0006225922401771264
2024-08-25_DEA_Turf,0.0027554122351729077
2024-08-25_MAR_Turf,0.0013994695791812513
2024-08-26_ARG_Turf,0.0013790122699091501
2024-08-26_MOU_Turf,0.0016216361700356022
2024-08-27_DIE_Turf,0.0013081250801588685
2024-08-28_COM_Turf,8.168722527983396e-05
2024-08-29_LON_Turf,0.0009192220355626228
2024-08-30_LAT_Turf,0.0026778509120755356
2024-08-31_CRA_Turf,0.0018955330730353213
2024-08-31_LAT_Turf_early,0.00366505630355112
2024-08-31_LAT_Turf_late,0.0025114404915186385
2024-09-01_CRA_Turf,0.003639332683908724
2024-09-01_LON_Turf_early,0.0007171804121825793
2024-09-01_LON_Turf_late,0.0012679570091982083
2024-09-02_BOR_Turf,0.0005954480392385845
2024-09-03_CHA_All Weather,0.0015410425473988557
2024-09-03_CHA_Turf,0.0016505102218533961
2024-09-04_LYO_Turf,0.0014644914849627363
2024-09-05_CEP_Turf,0.0031870154791694763
2024-09-05_LON_Turf,0.004016623952549651
2024-09-06_SAI_Turf,0.0017584720264164544
2024-09-07_CHA_All Weather,0.000736861857501143
2024-09-07_CHA_Turf,0.0027835727837633964
2024-09-07_DAX_Turf,0.004798926396385154
2024-09-08_LON_Turf,0.002739873008852332
2024-09-08_STR_Turf,0.00204477872646568
2024-09-09_SAI_Turf,0.0034212480069390713
2024-09-09_SAL_Turf,0.003424249615039908
2024-09-10_PET_Turf,0.002460063013841546
2024-09-11_LYO_Turf,0.00400479482716282
2024-09-12_LAT_Turf,0.0034209080697252267
2024-09-12_LON_Turf,0.004265652647398365
2024-09-13_MAN_Turf,0.0010805066903386003
2024-09-13_SAI_Turf,0.0034498172971466176
2024-09-14_MAR_Turf,0.004724308277449598
2024-09-15_LLA_Turf,0.0013020196287373415
2024-09-15_LON_Turf,0.0017682893743198908
2024-09-15_STR_Turf,0.0016548840717039031
2024-09-16_BOR_Turf,0.0008161140257882838
2024-09-16_CHA_Turf,0.0018559913257240937
2024-09-17_COM_Turf,0.001329738790929725
2024-09-17_LYO_Turf,0.0006917656102737104
2024-09-18_CEP_Turf,0.0006484068845760661
2024-09-19_CRO_Turf,-0.0003643298945601452
2024-09-20_SAI_Turf,0.0018989010772577201
2024-09-21_CHA_Turf,0.0007327233741272265
2024-09-22_CAV_Turf,0.0011484601752238496
2024-09-22_CRA_Turf,0.0038365547559129913
2024-09-22_FON_Turf,0.0010599719032789922
2024-09-23_CRA_Turf,0.004131570213273336
2024-09-23_TAR_Turf,0.0008959845425085179
2024-09-23_VIC_Turf,0.0022122552311605384
2024-09-24_VIC_Turf_early,0.001874121273705703
2024-09-24_VIC_Turf_late,0.001210803159066004
2024-09-25_CEP_Turf,0.0004746639521449379
2024-09-25_COM_Turf,0.005759857316248516
2024-09-26_CHA_All Weather,0.0006690194886860718
2024-09-26_CHA_Turf,0.005118120860775748
2024-09-27_SAI_Turf,0.006303347774708597
2024-09-28_BOR_Turf,0.004637997483786174
2024-09-28_MAN_Turf,0.0027202240014888943
2024-09-29_AMI_Turf_early,0.0018400585135010393
2024-09-29_AMI_Turf_late,0.0029265310412403037
2024-09-29_LYO_Turf,0.0036157168073896397
2024-09-30_ANG_Turf,0.0016672655344048878
2024-09-30_SAL_Turf,0.002371294557664315
2024-10-01_BOU_Turf,0.001761772183311548
2024-10-01_CHA_All Weather,0.00016712527252782706
2024-10-02_CEP_Turf,0.0015416296109241755
2024-10-03_CHA_Turf,0.0037423620339005004
2024-10-04_SAI_Turf,0.004465032758925755
2024-10-04_VIL_All Weather,0.000311754302064111
2024-10-05_LON_Turf,0.0013536207879744563
2024-10-06_LON_Turf,0.0010891549065058298
2024-10-06_STR_Turf,0.003512747671939299
2024-10-07_CHO_Turf,0.004930949563388546
2024-10-07_CRO_Turf,0.0008271397181123922
2024-10-08_FON_Turf,0.002090470488227475
2024-10-09_ARG_Turf_early,0.002809541191129236
2024-10-09_ARG_Turf_late,0.004472122224552885
2024-10-09_PON_All Weather,0.0012001669672760179
2024-10-10_SAI_Turf,0.009041897510280499
2024-10-11_CEP_Turf_early,0.0013780826607838242
2024-10-11_CEP_Turf_late,0.00311864607587747
2024-10-11_COM_Turf,0.008017824611617307
2024-10-12_CHA_All Weather,0.0005181534889078928
2024-10-12_CHA_Turf,0.006173189243363497
2024-10-12_LSO_Turf,0.002375761524733677
2024-10-12_PON_All Weather,0.000218762127594432
2024-10-13_BOU_Turf,0.0015848475436134307
2024-10-14_SAI_Turf,0.006816530894105751
2024-10-15_CHA_All Weather,-0.0001274163078631926
2024-10-16_MAN_Turf,0.0030694552499837447
2024-10-17_CHA_Turf,0.006478124937412274
2024-10-18_CRO_Turf,0.004939327593075786
2024-10-18_LYO_Turf,0.008143558293882514
2024-10-19_PAU_All Weather,-0.0002387594164365821
2024-10-19_PET_Turf,0.0069027301455934584
2024-10-20_LON_Turf,0.006536698152629857
2024-10-20_PDF_Turf,0.0019304527815941451
2024-10-20_TAR_Turf,0.002981081387879031
2024-10-21_DEA_All Weather,0.0009530746851343606
2024-10-21_DEA_Turf,0.008013743593918883
2024-10-22_BOR_Turf,0.004837200382490357
2024-10-22_BRA_Turf,0.0034158363437982843
2024-10-22_CLA_Turf,0.009330909231175128
2024-10-23_CEP_Turf,0.004711305289812192
2024-10-23_DEA_All Weather,0.001301649754742454
2024-10-24_DEA_All Weather,0.0008834616774904074
2024-10-25_CLA_Turf,0.012290645314804277
2024-10-25_VIL_All Weather,0.00048276298184889176
2024-10-26_BOU_Turf,0.0075174964758589645
2024-10-26_CHA_Turf,0.006234215233272757
2024-10-27_ANG_Turf,0.00428689371018379
2024-10-27_SAI_Turf,0.00390665781633453
2024-10-28_CHA_All Weather,0.0007070571070894576
2024-10-29_CHA_All Weather,0.00020432904235904452
2024-10-30_BOR_Turf,0.007003022637722629
2024-10-31_CEP_Turf,0.004907601689694632
2024-10-31_LYO_Turf,0.0043679787565999795
2024-11-01_LIG_Turf,0.0020353308762982945
2024-11-01_PET_Turf,0.006537560820923584
2024-11-02_DEA_All Weather,0.0014125074793533284
2024-11-02_MAN_Turf,0.004372693735851564
2024-11-03_CHO_Turf,0.009199308821513532
2024-11-03_DEA_All Weather,0.0010194099361406654
2024-11-04_FON_Turf,0.002501374773268814
2024-11-04_VIL_All Weather,0.0004441371448247552
2024-11-05_BOU_Turf,0.004690425628758135
2024-11-06_AMI_Turf,0.007172860308966658
2024-11-08_DEA_All Weather,0.0011911497127117822
2024-11-08_LYO_Turf,0.003141607507998079
2024-11-09_DEA_All Weather,0.0006988710683274974
2024-11-10_BOR_Turf,0.0017816322474809919
2024-11-10_CAR_Turf,0.005014060207261245
2024-11-10_SAI_Turf,0.0058092566608016795
2024-11-11_CEP_Turf,0.001402973327651707
2024-11-11_STR_Turf,0.003089768063724055
2024-11-12_CHA_All Weather,0.0010881190424977412
2024-11-13_PAU_All Weather,-0.00018859707877424847
2024-11-13_PLB_All Weather,0.0007586691182409757
2024-11-14_FON_Turf,0.0022811452262516212
2024-11-14_PET_Turf,0.005611626732797336
2024-11-15_SAI_Turf,0.006172205953415971
2024-11-16_CRO_Turf,0.004233752477079823
2024-11-17_BRA_Turf,0.003021465989591703
2024-11-17_CEP_Turf,0.0014728428552791717
2024-11-18_ANG_Turf,0.002810892768547673
2024-11-18_VIL_All Weather,0.0005496462487823774
2024-11-19_CHA_All Weather,0.00034791272016405217
2024-11-19_PON_All Weather,0.0006946570641060769
2024-11-20_DEA_All Weather,0.0017969258776850499
2024-11-22_BOU_Turf,0.005582290302865023
2024-11-22_CHA_All Weather,0.0005846538364066679
2024-11-23_CHA_All Weather,0.0003984936034879643
2024-11-23_PLB_All Weather,0.00044636858817768754
2024-11-24_CEP_Turf,0.003693272624123273
2024-11-25_PON_All Weather,0.0004761150001094711
2024-11-26_DEA_All Weather,0.00037732218241733555
2024-11-27_DEA_All Weather,0.0008184771822054409
2024-11-28_SAL_Turf,0.003442173887023709
2024-11-29_DEA_All Weather,0.0011706067112533683
2024-11-29_PAU_All Weather,0.0013394185747442728
2024-11-30_LIG_Turf,0.0029965749829946675
2024-11-30_PLB_All Weather,0.0005513360333669069
2024-12-01_CEP_Turf,0.002479338531282354
2024-12-01_CRA_Turf,0.006047771138613686
2024-12-02_VIL_All Weather,0.00036975307670435354
2024-12-03_DEA_All Weather,0.0008778366386360796
2024-12-04_DEA_All Weather,0.00033154511157129434
2024-12-05_PAU_All Weather,0.00032581850564133616
2024-12-06_VIL_All Weather,8.182659345532371e-05
2024-12-07_CHA_All Weather,0.0008094208352121558
2024-12-07_PON_All Weather,0.0008562858483948968
2024-12-08_PLB_All Weather,0.0005884236176674902
2024-12-09_VIL_All Weather,0.0009572619118723019
2024-12-10_CHA_All Weather,0.0002663399666231112
2024-12-10_PON_All Weather,0.0005172381194144061
2024-12-12_CHA_All Weather,0.00013949023518124124
2024-12-13_DEA_All Weather,0.0011937467046391594
2024-12-14_DEA_All Weather,0.0006235982616829652
2024-12-15_PLB_All Weather,0.0003967912205737559
2024-12-16_VIL_All Weather,0.000566945470267417
2024-12-17_PON_All Weather_early,0.00030719558408266485
2024-12-17_PON_All Weather_late,-0.0007453272199446146
2024-12-18_DEA_All Weather,0.0007912104605826271
2024-12-19_DEA_All Weather,0.0005626558481330016
2024-12-20_CHA_All Weather,0.00024687871110677293
2024-12-21_PAU_All Weather,-0.00012058687469261406
2024-12-22_PLB_All Weather,0.0007468491859753244
2024-12-23_DEA_All Weather,0.0005691859209327289
2024-12-26_CHA_All Weather,0.00015629897752723876
2024-12-27_DEA_All Weather,0.000483130578449233
2024-12-28_DEA_All Weather,0.0009340532358234378
2024-12-29_PLB_All Weather,0.00019080540082596633
2024-12-30_CHA_All Weather_early,0.001005939748585053
2024-12-30_CHA_All Weather_late,6.841471933418255e-05
2025-01-02_PON_All Weather,0.0007864180304125009
2025-01-03_DEA_All Weather,0.0008271826462937453
2025-01-04_DEA_All Weather,0.0005543418511290275
2025-01-05_PLB_All Weather,0.0011513821720903251
2025-01-06_VIL_All Weather,0.0010434630053396123
2025-01-07_PLB_All Weather,0.0004577658640301772
2025-01-08_PAU_All Weather,0.0008620705082319244
2025-01-09_VIL_All Weather_early,0.0007308838749567234
2025-01-09_VIL_All Weather_late,0.0017560781021134677
2025-01-10_DEA_All Weather,0.0007227505691975727
2025-01-10_PAU_All Weather,0.0006050933974162319
2025-01-11_CHA_All Weather,0.0012683805563823561
2025-01-12_PAU_All Weather,-1.4542216313867627e-06
2025-01-13_CAG_All Weather,0.0006116370964992984
2025-01-13_CAG_Turf,0.002522723050690323
2025-01-14_PAU_All Weather,0.0012079845538788161
2025-01-15_CAG_All Weather,0.00041953610693768205
2025-01-15_CAG_Turf,0.0018696450214947893
2025-01-16_CHA_All Weather,0.0009654973775731171
2025-01-17_DEA_All Weather_early,0.000986808875281972
2025-01-17_DEA_All Weather_late,0.0003712900782894909
2025-01-17_PAU_All Weather,7.984553878817382e-06
2025-01-18_CAG_All Weather,0.000376637096499299
2025-01-18_CAG_Turf,0.0015052784136285217
2025-01-19_PAU_All Weather,0.00046040910369158375
2025-01-20_CAG_All Weather,0.0009561894079392655
2025-01-20_CAG_Turf,0.0021597499643262064
2025-01-21_CAG_All Weather,0.00016356295484370976
2025-01-21_CAG_Turf,0.0025739785614146207
2025-01-21_PAU_All Weather,0.00044140292122575527
2025-01-22_VIL_All Weather,0.0006754308908280105
2025-01-23_DEA_All Weather,0.0011697537040268268
2025-01-23_PAU_All Weather,0.00027354577836861184
2025-01-24_DEA_All Weather,0.0011515883280777998
2025-01-24_PAU_All Weather,0.0006636414766336003
2025-01-25_CAG_All Weather,0.00047992885610533974
2025-01-25_CAG_Turf,0.0031065570182205143
2025-01-25_PLB_All Weather,0.0008304657677719982
2025-01-27_CAG_Turf,0.00678092033475221
2025-01-28_CAG_All Weather,0.00012076918956558779
2025-01-28_CAG_Turf,0.006290136836968376
2025-01-28_PLB_All Weather,0.0012995116352636676
2025-01-29_PAU_All Weather,0.00014676006408289246
2025-01-30_CAG_All Weather_early,0.0007812379826811403
2025-01-30_CAG_All Weather_late,0.0002847418766710109
2025-01-31_DEA_All Weather,0.0008976714934864652
2025-02-01_DEA_All Weather,0.0011239095785360552
2025-02-01_MAL_Turf,0.003995998966971968
2025-02-02_CAG_All Weather,0.0005691370964992981
2025-02-02_CAG_Turf,0.006096727968503401
2025-02-03_CAG_All Weather,0.00037918795484370905
2025-02-03_CAG_Turf,0.006303547051493776
2025-02-05_CAG_All Weather,0.00030106295484370904
2025-02-05_CAG_Turf,0.005267628972040846
2025-02-06_BOR_Turf,0.0044641293160900914
2025-02-06_PLB_All Weather,0.00038922107658040833
2025-02-07_CHA_All Weather,0.0007158048496413656
2025-02-07_VIL_All Weather,0.0002514392587458403
2025-02-08_DEA_All Weather,0.0007974102607866091
2025-02-09_PAU_All Weather,0.002127111160242077
2025-02-10_CAG_Turf,0.0027665148331514305
2025-02-11_PAU_All Weather,0.0006199743497971839
2025-02-12_CAG_All Weather,0.0005284271000489004
2025-02-13_CHA_All Weather_early,0.0011530103673598054
2025-02-13_CHA_All Weather_late,0.0006175676236562605
2025-02-13_PLB_All Weather,0.0002329504003713729
2025-02-14_CHA_All Weather,0.00035485734077331455
2025-02-16_CAG_All Weather,0.00012618940793926456
2025-02-16_CAG_Turf,0.002451609670487756
2025-02-17_BOR_Turf,0.00754100372115877
2025-02-18_PAU_All Weather,0.0006093922660493855
2025-02-19_CAG_All Weather,4.4380827778956944e-05
2025-02-20_CHA_All Weather,0.0005301310669268002
2025-02-20_PLB_All Weather_early,0.0010241824622760963
2025-02-20_PLB_All Weather_late,0.0004246584790888647
2025-02-21_CHA_All Weather,0.00038973344464631414
2025-02-21_MAR_Turf,0.005322006715790564
2025-02-22_CAG_All Weather,0.00034751156037204087
2025-02-22_CAG_Turf,0.0017624529383384177
2025-02-23_AGE_Turf,0.0022709120249792465
2025-02-23_CAG_All Weather,0.0002767215705179684
2025-02-23_CAG_Turf,0.0017010708708818777
2025-02-23_MAL_Turf,0.005010857485157002
2025-02-24_CEP_Turf,0.0011353652882577993
2025-02-25_CAG_All Weather,0.00011538415652589116
2025-02-25_CAG_Turf,0.002113083397145597
2025-02-27_CHA_All Weather,0.0007537157897996084
2025-02-28_CHA_All Weather,0.0005656569571576438
2025-03-01_FON_Turf_early,0.002757769923967541
2025-03-01_FON_Turf_late,0.001891577960639897
2025-03-01_LIG_Turf,0.0034028020735576443
2025-03-01_PLB_All Weather,0.0004683442802807091
2025-03-02_VIL_All Weather,9.768796221346655e-05
2025-03-03_CEP_Turf_early,9.187396240873862e-05
2025-03-03_CEP_Turf_late,0.0016469842236529189
2025-03-04_CHA_All Weather,0.0004027618178507385
2025-03-05_BOU_Turf,0.00533434162251167
2025-03-06_SAI_Turf,0.004933297632803844
2025-03-07_FON_Turf,0.0014883426871709798
2025-03-08_PON_All Weather_early,0.0008105289174159952
2025-03-08_PON_All Weather_late,0.0005764235405888946
2025-03-09_CEP_Turf,0.0036469924997667275
2025-03-09_CHA_All Weather,-8.39119257053367e-05
2025-03-10_MAN_Turf,0.0036982468744013743
2025-03-11_SAI_Turf,0.004018418308862126
2025-03-12_VIL_All Weather,0.0005954779535523323
2025-03-13_CHA_All Weather,0.00027747751330491635
2025-03-13_PON_All Weather,0.0010377199517816577
2025-03-14_FON_Turf,0.002053628880684623
2025-03-15_SEN_Turf,0.005433632045476037
2025-03-16_LYO_Turf,0.005924019631075069
2025-03-16_SAI_Turf,0.0020687797104757093
2025-03-17_CHA_All Weather,0.00014699767075912658
2025-03-18_FON_Turf,0.0010777439096405766
2025-03-19_BOR_Turf,0.003662806536687968
2025-03-19_CEP_Turf,0.0011038995495557698
2025-03-20_SAI_Turf,0.0008392710651792411
2025-03-21_CRO_Turf,0.00048638350241319125
2025-03-21_MAN_Turf,0.0018339891800956075
2025-03-22_LAT_Turf,0.002163088812496111
2025-03-22_PON_All Weather,0.0016489820758251459
2025-03-22_STR_Turf,0.003502646065055114
2025-03-23_MAR_Turf,0.006722515768331653
2025-03-23_VIL_All Weather,0.000693159956803645
2025-03-24_CHA_All Weather,0.0007816573668878844
2025-03-25_SAI_Turf,0.0031353661298092854
2025-03-26_PLB_All Weather,0.0006882904447302275
2025-03-27_CHA_All Weather,0.0005266723892506843
2025-03-28_BOU_Turf,0.0021332289370242776
2025-03-28_COM_Turf,0.0005122366805005255
2025-03-29_SAI_Turf,0.0026513101242995945
2025-03-30_PET_Turf,0.002440388200247329
2025-03-30_VIL_All Weather,-4.348755065773956e-05
2025-03-31_CHA_All Weather,0.0004705505154629862
2025-04-01_FON_Turf,0.0007982696464949956
2025-04-02_LAT_Turf,0.0007229944173756889
2025-04-03_CHA_All Weather,0.0007014471522639873
2025-04-03_CHA_Turf,0.00023677386674700833
2025-04-04_PON_All Weather,0.000786274575546407
2025-04-04_SAI_Turf,0.0010217550876367497
2025-04-05_BRA_Turf,0.0021381391350438744
2025-04-05_CRO_Turf,0.0009300508818483582
2025-04-05_MOU_Turf,0.0018253164607531173
2025-04-06_LLA_Turf,0.001378385769960575
2025-04-06_LON_Turf,0.00015284269408100465
2025-04-06_TAR_Turf,0.0013342291679810895
2025-04-07_CEP_Turf,0.0005636984431184842
2025-04-08_DEA_All Weather,0.0011032646121663932
2025-04-08_DEA_Turf,0.0010821709200474012
2025-04-09_ARG_Turf,0.0006251808135853039
2025-04-09_PET_Turf,0.001871521506775016
2025-04-10_CHA_All Weather,0.0005179730512344734
2025-04-10_CHA_Turf,0.0004153376992562853
2025-04-11_PON_All Weather_early,0.00033719558408266595
2025-04-11_PON_All Weather_late,0.0008551123404949441
2025-04-11_SAI_Turf,0.001153020927947785
2025-04-12_FON_Turf,0.0005286404634123461
2025-04-12_MAR_Turf,0.0001452443263560875
2025-04-12_SEN_Turf,0.0024440122000707193
2025-04-13_LIG_Turf,0.002289601316472062
2025-04-13_LON_Turf,0.0011394701629344492
2025-04-14_CHA_All Weather,0.00037512920851183327
2025-04-14_CHA_Turf,0.0004966775578075318
2025-04-15_EVX_Turf,0.0020947928695221286
2025-04-16_LYO_Turf,0.0035590872324251237
2025-04-17_LON_Turf,0.0006959772192403486
2025-04-17_SAL_Turf,0.0028921148055257805
2025-04-18_SAI_Turf,0.001837907711308047
2025-04-19_CAR_Turf,0.0005351834217946771
2025-04-19_LYO_Turf,0.0017631870532701843
2025-04-19_STR_Turf_early,0.0024389685200456243
2025-04-19_STR_Turf_late,0.0029092964789999743
2025-04-19_TAR_Turf,0.003008726461049073
2025-04-20_CEP_Turf,0.0008008017007764396
2025-04-21_FON_Turf,0.0019617781662928883
2025-04-21_LLA_Turf,0.004026807391188355
2025-04-22_BOR_Turf,0.0006267154151143555
2025-04-23_LYO_Turf,0.0014999933597212743
2025-04-23_SAI_Turf_early,0.002574835157113935
2025-04-23_SAI_Turf_late,0.0036073070275681423
2025-04-24_LAT_Turf,0.003962814930672746
2025-04-24_LON_Turf,0.002651610253297459
2025-04-25_COM_Turf,0.000983484979391299
2025-04-26_ANG_Turf,0.0005845845110506052
2025-04-27_LON_Turf,0.0009108741630988157
2025-04-28_CHA_All Weather,0.0005338543387041493
2025-04-28_CHA_Turf,0.0009683499263650942
2025-04-29_BOU_Turf,0.0011747791245616823
2025-04-30_LON_Turf,0.0005333799437301885
2025-05-01_DAX_Turf,0.0016337099941914973
2025-05-01_SAI_Turf,-0.0002906571272706624
2025-05-02_BOR_Turf,0.0007996463412588559
2025-05-02_CHA_All Weather,0.0008330239453539371
2025-05-02_CHA_Turf,0.0004645375673863249
2025-05-03_MAN_Turf,0.0007389658610799574
2025-05-04_LON_Turf,0.002205954065482929
2025-05-05_BOU_Turf,0.0030533555366747257
2025-05-05_PET_Turf,0.0014479006590878676
2025-05-06_CHA_Turf,0.0010114204254986698
2025-05-06_LLA_Turf,0.0026529067778119472
2025-05-07_LON_Turf,0.0009919848470463883
2025-05-08_LYO_Turf,0.002777809640874731
2025-05-08_STR_Turf,0.0007817700316214934
2025-05-09_BOR_Turf,0.0015869706786267603
2025-05-09_SAI_Turf,0.00039234859588561065
2025-05-10_COM_Turf,0.0007266703674216391
2025-05-10_MOU_Turf,0.0011841463722100857
2025-05-11_LON_Turf,-0.0004611477069293212
2025-05-12_CHB_Turf,0.0035926739831321163
2025-05-12_TAR_Turf,0.0026789030002682644
2025-05-13_SAI_Turf,0.0007973313262072072
2025-05-14_VIC_Turf,0.0003091392300386782
2025-05-15_LON_Turf,0.0013227067947470634
2025-05-15_SAL_Turf,0.0011816706746529933
2025-05-16_CHA_All Weather,0.00041723447166972704
2025-05-16_CHA_Turf,0.0012842754118081085
2025-05-16_LAT_Turf,0.0020251397195665734
2025-05-17_CAR_Turf,0.0032747071387872195
2025-05-17_LYO_Turf,0.00045532580652723705
2025-05-18_CRO_Turf_early,0.0010045885304351338
2025-05-18_CRO_Turf_late,0.0018555959102110671
2025-05-19_DAX_Turf,0.0045167252361364
2025-05-19_SAI_Turf,0.0011929673104809004
2025-05-20_ANG_Turf,-4.8649331557445366e-05
2025-05-20_BRA_Turf,0.001190457059475238
2025-05-21_CEP_Turf,0.002694606216247353
2025-05-21_COM_Turf,0.001203452388064021
2025-05-22_LON_Turf,0.0017682342994953634
2025-05-22_PET_Turf,0.0007915110006977667
2025-05-23_PON_All Weather,0.0007494820133320339
2025-05-23_SAI_Turf,0.0025172139513387703
2025-05-24_BOU_Turf,0.00014184401867200233
2025-05-24_DIE_Turf,0.000981498999323531
2025-05-25_LON_Turf,0.00011499073378897352
2025-05-25_VIC_Turf,0.0012279882280398567
2025-05-26_BOR_Turf,0.0002636582418657808
2025-05-27_EVX_Turf,0.0015508943097274342
2025-05-28_CEP_Turf,0.0004801755950242626
2025-05-28_STR_Turf,0.00042708825312780713
2025-05-29_BRI_Turf,0.0014099414234794386
2025-05-29_LLA_Turf,0.000965352962070677
2025-05-29_LON_Turf,0.0009018178720894811
2025-05-29_LYO_Turf,0.0008187837193913463
2025-05-30_COM_Turf,0.0005747213367649235
2025-05-30_SEN_Turf,2.1551241187513616e-05
2025-05-31_LYO_Turf,0.002034151991635516
2025-06-01_CHA_Turf,0.0002881328271629951
2025-06-01_DAX_Turf,0.0017656969289465505
2025-06-02_CHO_Turf,0.0009999763031728946
2025-06-02_LAT_Turf,0.0012868908970718779
2025-06-03_SAI_Turf,0.0014548116604792905
2025-06-04_ARG_Turf,0.0011176250449035977
2025-06-05_LON_Turf_early,0.0006763731520425479
2025-06-05_LON_Turf_late,0.001734101434575192
2025-06-05_TAR_Turf,0.0014568520207676
2025-06-06_BRA_Turf_early,0.0019096018811440337
2025-06-06_BRA_Turf_late,0.002878390667849983
2025-06-06_COM_Turf,0.0038065201117796527
2025-06-07_DIE_Turf,0.004575156290303997
2025-06-07_LYO_Turf,0.0037100754821045327
2025-06-08_LLA_Turf,0.0018207330375888374
2025-06-08_LON_Turf,0.0011195834261826154
2025-06-09_COM_Turf,0.002706718473953771
2025-06-09_DAX_Turf,-5.3494001268118165e-06
2025-06-09_SAL_Turf,0.0011724470360199026
2025-06-10_SAI_Turf,0.0020787081541744946
2025-06-11_BOU_Turf,0.0009535695562766041
2025-06-11_CRA_Turf,0.001259855137775679
2025-06-12_LON_Turf,0.0009897422333152003
2025-06-13_BOR_Turf,0.0017243992310155454
2025-06-13_SAI_Turf,0.0016427172325039468
2025-06-14_DIE_Turf_early,0.00229054564333523
2025-06-14_DIE_Turf_late,0.0011650289803432456
2025-06-14_LYO_Turf,0.0015444469387456171
2025-06-15_CHA_Turf,0.0006945649970260335
2025-06-16_COM_Turf,0.0013356309840745885
2025-06-16_LAT_Turf,0.0023316958771582353
2025-06-17_PET_Turf,0.0006210956690336653
2025-06-18_BOR_Turf,0.0006953133167690906
2025-06-19_LON_Turf,0.001197203672726413
2025-06-20_CHA_All Weather,0.001153969377175133
2025-06-20_CHA_Turf,0.00042091317953153273
2025-06-21_COM_Turf,0.0012523967126882266
2025-06-21_PON_All Weather,0.00017436410104847854
2025-06-22_CEP_Turf,0.0012129791662389949
2025-06-22_LYO_Turf,0.0002127382374809823
2025-06-23_LYO_Turf,0.0011582996989733796
2025-06-24_CHA_Turf,0.0006509843816986496
2025-06-25_CHB_Turf,0.0010310773578677292
2025-06-25_STR_Turf,-0.0003841267076017199
2025-06-26_ARG_Turf,0.0007496784279829231
2025-06-26_LAT_Turf,0.0009219275922238666
2025-06-27_COM_Turf,0.002059448874166341
2025-06-27_LAT_Turf,0.000647973922859226
2025-06-28_CHA_Turf,0.0007317709900821565
2025-06-29_SAI_Turf_early,0.00035175381997609083
2025-06-29_SAI_Turf_late,-0.0007511937894087929
2025-06-30_CHO_Turf,0.0010621078068132625
2025-07-01_AIX_Turf,0.0009536855455243931
2025-07-01_MAR_Turf_early,0.0007267784708729622
2025-07-01_MAR_Turf_late,0.00020814463913579147
2025-07-02_CLA_Turf,0.002163558634847153
2025-07-02_DAX_Turf,0.0006371536643285916
2025-07-03_LON_Turf,0.0012340348321927565
2025-07-03_PET_Turf,0.00016950204434009014
2025-07-04_LAT_Turf,0.00178840338015845
2025-07-04_SAI_Turf,0.000995926858839966
2025-07-05_AIX_Turf,0.0012428748880044505
2025-07-05_DEA_All Weather,0.0010750327782108743
2025-07-05_DEA_Turf,0.0006877081032725759
2025-07-06_DEA_Turf,0.0017238542903042855
2025-07-07_DIE_Turf,0.0027679429003402414
2025-07-07_VIT_Turf,0.0019596863672813186
2025-07-08_CHA_Turf,0.002601395988797236
2025-07-09_AIX_Turf_early,0.0011182268408579013
2025-07-09_AIX_Turf_late,0.0015586656895445515
2025-07-09_SAI_Turf,0.001700811697052312
2025-07-09_SEN_Turf,0.001387075892354244
2025-07-10_CHB_Turf,0.0016036349127239579
2025-07-10_LON_Turf,0.001208234008245367
2025-07-11_CLA_Turf,0.0009408426530950979
2025-07-12_LAT_Turf_early,0.0008381199942336725
2025-07-12_LAT_Turf_late,0.002291660932704123
2025-07-13_AIX_Turf,0.0007749468663097569
2025-07-13_LON_Turf,-0.0003206675198617778
2025-07-14_VIC_Turf,0.0010690717285433246
2025-07-15_VIC_Turf,0.0015010081715468577
2025-07-16_MAR_Turf,-0.00014256776399672986
2025-07-16_VIC_Turf,0.0009822044470035693
2025-07-17_VIC_Turf,0.00047450046701747064
2025-07-18_LLA_Turf,0.0012779875797015276
2025-07-18_VIC_Turf,0.001128866250067112
2025-07-19_LAT_Turf,0.0008741931784577247
2025-07-19_VIC_Turf_early,0.0014351854239977645
2025-07-19_VIC_Turf_late,0.0008834836768671248
2025-07-20_CHA_Turf,0.0020719464975370487
2025-07-20_VIT_Turf,0.001824596397823637
2025-07-21_COM_Turf,0.0028049263879393535
2025-07-22_DIE_Turf_early,0.006174467067276585
2025-07-22_DIE_Turf_late,0.0044769681541626145
2025-07-22_LSO_Turf,0.0002639029775512707
2025-07-23_CHB_Turf,0.006717745278034573
2025-07-23_DAX_Turf,0.0018411571730591058
2025-07-24_COM_Turf,0.003727482604611734
2025-07-24_S-M_Turf,0.0017067043823326845
2025-07-25_VIC_Turf,0.002830797899388945
2025-07-25_VIT_Turf,0.003100765214162646
2025-07-26_CLA_Turf,0.0014622160297393342
2025-07-27_LAT_Turf,-0.0001677053693781858
2025-07-27_TOU_Turf,0.0012015480363905475
2025-07-28_LLA_Turf,0.0015549328906144773
2025-07-29_COM_Turf,0.00274438139923758
2025-07-30_VIC_Turf,0.001937791221245509
2025-07-31_DAX_Turf_early,0.0028662676139210768
2025-07-31_DAX_Turf_late,0.0005675459719363687
2025-07-31_DIE_Turf,0.00286123663163975
2025-08-01_MAR_Turf,0.0019107698629599388
2025-08-01_S-M_Turf,0.001985222511109166
2025-08-02_CLA_Turf,0.0005021798116606656
2025-08-02_SEN_Turf,0.0022128282205779045
2025-08-03_DEA_All Weather,0.0005450221966871359
2025-08-03_DEA_Turf,0.0011043056629679647
2025-08-03_LLA_Turf,0.0008984548611298149
2025-08-04_DIE_Turf,0.000622751636659525
2025-08-04_VIC_Turf,0.0013690530593031328
2025-08-05_DEA_All Weather,0.0010498730198422342
2025-08-05_DEA_Turf,0.0016697793202048127
2025-08-05_LAT_Turf,0.0018119128852488312
2025-08-06_CLA_Turf,0.001390857221833364
2025-08-07_DEA_All Weather,0.0013199322084020094
2025-08-07_LSO_Turf,0.001054478795369455
2025-08-07_VIC_Turf,0.0025801301278499033
2025-08-08_CLA_Turf,0.0015093088472377177
2025-08-09_DEA_Turf,0.0009852189414138897
2025-08-10_DEA_All Weather,0.0009809695137482108
2025-08-10_DEA_Turf,0.00039625484939441257
2025-08-10_LLA_Turf,0.00034520465673901733
2025-08-11_LAT_Turf,0.002394691390240263
2025-08-12_DEA_All Weather,0.0016304172888253962
2025-08-12_VIT_Turf,0.000978189521176069
2025-08-13_VIC_Turf,0.0012830032546235033
2025-08-14_DEA_Turf,0.0016329961749015549
2025-08-14_LLA_Turf,0.0006044703149486417
2025-08-15_CLA_Turf,0.0009489124798112772
2025-08-15_VIC_Turf,0.001623640426026912
2025-08-16_DEA_All Weather,0.0009134410821412828
2025-08-16_DEA_Turf,0.001096334428515891
2025-08-17_CAV_Turf,0.0009922206430724606
2025-08-17_DEA_Turf,0.0008416267416804384
2025-08-17_TOU_Turf,0.0020202499062904004
2025-08-18_CLA_Turf,0.00212893172000859
2025-08-18_S-M_Turf,0.0024527044422172
2025-08-19_DEA_Turf_early,0.0027193738334707293
2025-08-19_DEA_Turf_late,0.0023682878364948015
2025-08-20_LAT_Turf,0.0056186175291384225
2025-08-20_VIC_Turf,0.0037299484118673617
2025-08-21_CHB_Turf,0.0018980865242832915
2025-08-21_DEA_All Weather,0.0011090765847756243
2025-08-22_CLA_Turf,0.001115401634490809
2025-08-23_DEA_Turf,0.0015311183379290918
2025-08-24_DEA_All Weather,0.0008167904783301704
2025-08-24_DEA_Turf,0.0003892230832921513
2025-08-24_MAR_Turf,0.004149831841454732
2025-08-25_CLA_Turf,0.0013200113634901278
2025-08-25_MOU_Turf,0.0005274354879573437
2025-08-26_DEA_All Weather,0.0006336010926955812
2025-08-26_DEA_Turf,0.001248894819626092
2025-08-27_VIT_Turf,0.002889336364753837
2025-08-28_DEA_All Weather,0.0011680420464786406
2025-08-28_DEA_Turf,0.0011249362714801116
2025-08-29_LAT_Turf,0.0033000941810917353
2025-08-29_S-M_Turf,0.00318857912670176
2025-08-30_DEA_Turf_early,0.001597901519835529
2025-08-30_DEA_Turf_late,0.000849371256623226
2025-08-30_TAR_Turf_early,0.0014013303037854305
2025-08-30_TAR_Turf_late,0.00025251827482023896
2025-08-31_LON_Turf,0.002802249537600563
2025-09-01_CHA_Turf,0.0014845480363427546
2025-09-02_SAI_Turf_early,0.00032180821421373484
2025-09-02_SAI_Turf_late,0.001377213911387935
2025-09-03_CEP_Turf,0.0028237170721471393
2025-09-03_LYO_Turf,0.0023069468187404568
2025-09-04_BOR_Turf,0.004329239303548488
2025-09-04_LON_Turf,0.002725477641146887
2025-09-05_CHA_All Weather,0.0009473881732906154
2025-09-05_CHA_Turf,0.0016834196166080622
2025-09-06_CRA_Turf,0.002331517291710149
2025-09-06_LAT_Turf,0.001392469641165722
2025-09-07_CRA_Turf,0.001803827071408725
2025-09-07_LON_Turf,8.375413404865945e-05
2025-09-08_BOU_Turf,0.0022413638372536073
2025-09-09_LYO_Turf_early,0.0027997709321400718
2025-09-09_LYO_Turf_late,0.0022033464187930425
2025-09-10_MAR_Turf,0.0026182686940821715
2025-09-11_ANG_Turf,0.0023167909080914493
2025-09-11_LON_Turf,0.0028931870997003306
2025-09-12_MAN_Turf,0.0007988490026746857
2025-09-12_SAI_Turf,0.002104714582631049
2025-09-13_DAX_Turf,0.0018910254592434809
2025-09-13_SAL_Turf,0.002850108720673172
2025-09-14_LON_Turf,0.002746079845946184
2025-09-14_STR_Turf,0.003211269927039731
2025-09-15_BOR_Turf,0.0027724981534245938
2025-09-15_CHA_All Weather,0.0005944904099806173
2025-09-15_CHA_Turf,0.0015265319807465656
2025-09-16_COM_Turf,0.0028011220783098066
2025-09-16_LYO_Turf,0.002291135316080615
2025-09-17_CEP_Turf,0.0020118960888148344
2025-09-18_CRO_Turf_early,0.0005430531720724968
2025-09-18_CRO_Turf_late,0.001264536582383185
2025-09-19_SAI_Turf,0.0003482134254987014
2025-09-20_CHA_Turf,0.0010158295779781488
2025-09-20_LLA_Turf,0.0019644587034628735
2025-09-21_DAX_Turf,0.005010915945729156
2025-09-21_FON_Turf,0.0013573732083758832
2025-09-21_LYO_Turf_early,0.002000599461510078
2025-09-21_LYO_Turf_late,0.002720069501815516
2025-09-22_ANG_Turf,0.0021948466980139057
2025-09-22_VIC_Turf,0.005078538568659253
2025-09-23_VIC_Turf,0.005835433252437055
2025-09-24_CEP_Turf,0.0015095661035702528
2025-09-24_COM_Turf,0.005764227081976511
2025-09-25_CHA_All Weather,0.00016934555476944208
2025-09-25_CHA_Turf,0.003051512947226664
2025-09-25_LAT_Turf,0.003217167700564472
2025-09-26_SAI_Turf,0.0028588329373330514
2025-09-27_BOR_Turf,0.002605078188083456
2025-09-27_STR_Turf,0.005096491144713478
2025-09-28_AMI_Turf,-0.0003323847159591718
2025-09-28_CRA_Turf,0.0023234012532634797
2025-09-29_BOU_Turf,0.0010920534953067073
2025-09-29_CRA_Turf,0.002101770507365306
2025-09-30_CHA_All Weather,0.0002608221522639839
2025-09-30_CHA_Turf,0.0013947126075386407
2025-09-30_SAL_Turf_early,0.002399417188521358
2025-09-30_SAL_Turf_late,0.00168428798174124
2025-10-01_CEP_Turf,0.0009944532873427385
2025-10-02_CHA_Turf_early,0.001187295960422308
2025-10-02_CHA_Turf_late,0.0007123357129988862
2025-10-03_SAI_Turf,0.002742279060740873
2025-10-03_VIL_All Weather,0.0005526467178821588
2025-10-04_LON_Turf,0.0024777345589919574
2025-10-05_LON_Turf_early,0.0011888703719148594
2025-10-05_LON_Turf_late,0.0004970641926474049
2025-10-05_STR_Turf,0.005272984088804365
2025-10-06_CRO_Turf,0.0007339605777925914
2025-10-06_MAN_Turf,0.001578122161826027
2025-10-07_LYO_Turf_early,0.002904236235866311
2025-10-07_LYO_Turf_late,0.0018401761025389953
2025-10-08_ARG_Turf,0.0018153070602065634
2025-10-08_PON_All Weather,0.0006895998485943189
2025-10-09_SAI_Turf,0.003106970693498552
2025-10-10_CEP_Turf,0.002259148764611053
2025-10-10_COM_Turf,0.0034348229058071967
2025-10-11_CHA_All Weather,6.868766003259897e-05
2025-10-11_CHA_Turf,0.0015759616846952938
2025-10-11_LSO_Turf,0.0012919458963640941
2025-10-12_BRA_Turf,0.0036809117257861493
2025-10-12_TAR_Turf,0.0014428883512836563
2025-10-13_BOR_Turf,0.0007082054384748654
2025-10-14_BOU_Turf,0.0016955251068717402
2025-10-14_CHA_All Weather,0.00024957504424163
2025-10-14_CHA_Turf,0.0015315118939623576
2025-10-15_PET_Turf,0.0015278965255256423
2025-10-16_SAI_Turf,0.001839292420836869
2025-10-17_CRO_Turf,0.0020347146828814037
2025-10-17_FON_Turf,0.0002758789780517026
2025-10-18_BOR_Turf_early,0.0029959760869951216
2025-10-18_BOR_Turf_late,0.0016463022462365033
2025-10-18_BRA_Turf,0.002881743071419667
2025-10-19_LON_Turf,0.0008887180018173511
2025-10-19_TAR_Turf,0.0014549549883339737
2025-10-20_DEA_All Weather,0.0009414801466319276
2025-10-20_DEA_Turf,0.0030322624444685748
2025-10-21_BOU_Turf,0.003783202131122646
2025-10-21_CLA_Turf_early,0.001554007754713036
2025-10-21_CLA_Turf_late,0.0026287410906156326
2025-10-22_DEA_All Weather,0.0007634047708792734
2025-10-22_DEA_Turf,0.00741848987663397
2025-10-22_PAU_All Weather,0.0012902665575893896
2025-10-23_DEA_All Weather,0.0007921367069950515
2025-10-24_CLA_Turf,0.005297402134698578
2025-10-24_VIL_All Weather,0.0012325887786306276
2025-10-25_BOU_Turf,0.006429477753191685
2025-10-26_PDF_Turf,-0.00012636014330158254
2025-10-26_SAI_Turf,0.0010014465383209278
2025-10-27_CEP_Turf,0.005871335644696928
2025-10-27_CHA_All Weather,0.000864911826744678
2025-10-27_CHA_Turf,0.0033476870025083475
2025-10-28_CHA_All Weather,0.0007774204811381431
2025-10-29_AMI_Turf_early,0.002053482754570214
2025-10-29_AMI_Turf_late,0.004719707038430158
2025-10-29_MAN_Turf,0.0015643935518864687
2025-10-30_LYO_Turf,0.006055270259376132
2025-10-31_BOR_Turf,0.0032306707215152045
2025-10-31_CHA_All Weather,0.0007028447752967446
2025-11-01_DEA_All Weather,0.0007956887000423308
2025-11-01_LIG_Turf,0.0003332547414571953
2025-11-01_PET_Turf,0.004920550272456819
2025-11-02_ANG_Turf,0.002656814181708646
2025-11-02_DEA_All Weather,0.00036029831092760967
2025-11-03_CRO_Turf_early,0.00391885467423244
2025-11-03_CRO_Turf_late,0.004817410214397298
2025-11-03_FON_Turf,0.0018170314616362498
2025-11-04_BOU_Turf,0.005341098574668937
2025-11-05_PON_All Weather,0.00032624506303404344
2025-11-06_DEA_All Weather,0.0006500198521459115
2025-11-07_DEA_All Weather,0.0003420074204195272
2025-11-07_LYO_Turf,0.003284348661462048
2025-11-08_CAR_Turf,0.0022986517893923905
2025-11-08_CHA_All Weather,0.00031226858938799743
2025-11-08_VIL_All Weather,0.0005369762896810276
2025-11-09_SAI_Turf,0.005579609008416684
2025-11-10_AMI_Turf_early,0.006401311103988346
2025-11-10_AMI_Turf_late,0.008122591335107926
2025-11-10_CHA_All Weather,0.0005788247596334678
2025-11-11_CEP_Turf,0.0031173256689675886
2025-11-11_STR_Turf,0.004722805919032541
2025-11-12_PET_Turf,0.0048178889551014036
2025-11-12_PON_All Weather,2.356041910411517e-05
2025-11-13_FON_Turf,0.0015125938202116228
2025-11-13_PAU_All Weather,0.0005293899342127656
2025-11-14_SAI_Turf,0.005893793165329588
2025-11-15_CRO_Turf,0.0040469063880539885
2025-11-16_ANG_Turf,0.004953995458312153
2025-11-16_CEP_Turf,0.0023701995348420807
2025-11-17_MAN_Turf,0.0028074657755489184
2025-11-17_VIL_All Weather,0.00020323124985449092
2025-11-18_CHA_All Weather,0.0001445476247857025
2025-11-18_PON_All Weather,-0.0004502705064382045
2025-11-19_AMI_Turf,0.010126708826877908
2025-11-20_SAI_Turf,0.008465061244183558
2025-11-21_BOU_Turf,0.004745428139688768
2025-11-21_CHA_All Weather,0.000361908544132807
2025-11-22_FON_Turf,0.0016598866986284263
2025-11-22_PLB_All Weather,0.000925374607907627
2025-11-23_CEP_Turf,0.004148292191972128
2025-11-24_AGE_Turf,0.008534593767399658
2025-11-24_PON_All Weather,0.0009163002095100913
2025-11-25_DEA_All Weather,0.0005936523870709134
2025-11-26_DEA_All Weather,-1.6364110756434336e-05
2025-11-27_SAL_Turf,0.0010119156774338162
2025-11-28_DEA_All Weather,0.00025608605826990446
2025-11-28_PAU_All Weather,-0.00012197519731521039
2025-11-29_LIG_Turf,0.0018534127113478721
2025-11-29_PLB_All Weather,0.0003321267160756077
2025-11-30_BRA_Turf,0.006055778229473455
2025-11-30_CEP_Turf,0.003992711025740861
2025-11-30_CRA_Turf,0.006186655428309789
2025-12-01_VIL_All Weather,0.00043171075347034707
2025-12-02_DEA_All Weather,0.00020195633793865556
2025-12-03_DEA_All Weather,0.0002165467606399288
2025-12-04_PAU_All Weather,0.00043685746668029756
2025-12-05_PLB_All Weather_early,0.001429345471187757
2025-12-05_PLB_All Weather_late,0.0006679306303247269
2025-12-05_VIL_All Weather,0.0008332982506422566
2025-12-06_CHA_All Weather,0.0005750906925204882
2025-12-06_PON_All Weather,0.0009181336975154733
2025-12-07_VIL_All Weather,0.0007525832855783982
2025-12-08_PON_All Weather,-0.00014207715224083027
2025-12-09_CHA_All Weather_early,0.00036474807478408065
2025-12-09_CHA_All Weather_late,-0.00013836587624124397
2025-12-11_CHA_All Weather,0.0006076856389454593
2025-12-12_DEA_All Weather,0.0004272154653470635
2025-12-13_DEA_All Weather,8.420611110179863e-05
2025-12-14_PLB_All Weather,0.0006135653597482213
2025-12-15_VIL_All Weather,0.0004197042334724678
2025-12-16_PON_All Weather,0.0017069436343172262
2025-12-17_DEA_All Weather,0.0003952887057303517
2025-12-18_DEA_All Weather,0.000540573816133748
2025-12-19_CHA_All Weather,0.0013109080822724258
2025-12-19_PLB_All Weather,0.0005103271908136223
2025-12-20_PAU_All Weather,0.0008985457783686119
2025-12-21_PON_All Weather,0.00039422635126816247
2025-12-22_DEA_All Weather,0.00013376607561905765
2025-12-23_DEA_All Weather,8.89554994516408e-05
2025-12-26_PAU_All Weather,0.0008804537087822713
2025-12-26_PLB_All Weather_early,0.000735017465058622
2025-12-26_PLB_All Weather_late,5.812647039096082e-05
2025-12-27_CHA_All Weather,0.0009300406745929598
2025-12-28_PLB_All Weather,0.0007325405844688719
2025-12-29_DEA_All Weather,0.0004620392725479061
2025-12-30_DEA_All Weather,0.00010032882865549588
2026-01-02_DEA_All Weather,0.0001997551790220841
2026-01-02_PAU_All Weather,0.00035547218529501746
2026-01-03_PLB_All Weather,0.0005708598291222138
2026-01-04_PON_All Weather,0.0012231621977163872
2026-01-05_PON_All Weather_early,-2.874298214312771e-05
2026-01-05_PON_All Weather_late,0.0006707092548746083
2026-01-07_PLB_All Weather,0.0008291448781791608
2026-01-08_DEA_All Weather,0.00041869437488654314
2026-01-09_DEA_All Weather,0.0009652914756633647
2026-01-09_PAU_All Weather,0.0006633320185626138
2026-01-10_CHA_All Weather,0.0010451941025738918
2026-01-11_PAU_All Weather,0.0007762243497971806
2026-01-12_CAG_All Weather,0.0002635629548437121
2026-01-12_CAG_Turf,0.0020569995949000575
2026-01-13_PAU_All Weather,0.0006985457783686126
2026-01-14_CAG_All Weather,-5.63413339566315e-05
2026-01-14_CAG_Turf,0.001142707233967525
2026-01-15_CAG_All Weather,0.001131637096499298
2026-01-15_CAG_Turf,0.0008309543312263995
2026-01-16_DEA_All Weather,0.0010902578490067467
2026-01-17_CAG_All Weather,0.00029913709649929845
2026-01-17_CAG_Turf,0.003067903361953099
2026-01-18_PAU_All Weather,0.0002775636355114683
2026-01-19_CAG_All Weather,0.00038076877191050565
2026-01-19_CAG_Turf,0.002085019857953581
2026-01-19_PLB_All Weather,0.0007094302221387918
2026-01-20_CAG_All Weather,0.000691934676933135
2026-01-20_CAG_Turf,0.0027829382159954195
2026-01-21_CHA_All Weather_early,0.0010528119845585155
2026-01-21_CHA_All Weather_late,0.0003024998329755998
2026-01-21_VIL_All Weather,0.0010689521786424801
2026-01-22_DEA_All Weather,0.0008602222616256138
2026-01-23_DEA_All Weather,0.00123413940062658
2026-01-23_PAU_All Weather,4.854577836861044e-05
2026-01-24_CAG_All Weather,-0.00014914635848076033
2026-01-24_CAG_Turf,0.002843063762304588
2026-01-24_PLB_All Weather,0.0015787312063911998
2026-01-26_CAG_All Weather,0.0003564834752798723
2026-01-26_CAG_Turf,0.003458728919023644
2026-01-27_CAG_All Weather,0.00028752384188973645
2026-01-27_PLB_All Weather,0.0008238409664585132
2026-01-28_PAU_All Weather,0.00021372434979718158
2026-01-29_DEA_All Weather,0.0007140804877052129
2026-01-30_DEA_All Weather,0.0008604019533067103
2026-01-31_CHA_All Weather,0.0004960981119721676
2026-02-01_CAG_Turf_early,0.0016798771001065628
2026-02-01_CAG_Turf_late,0.00222356538256104
2026-02-02_CAG_All Weather,0.00025550418413607123
2026-02-02_CAG_Turf,0.004697627244943658
2026-02-04_CAG_Turf,0.004523882064292994
2026-02-05_CHA_All Weather,0.0006394659113386282
2026-02-05_PLB_All Weather,0.001060857773181201
2026-02-06_DEA_All Weather,0.0005963130681060101
2026-02-07_DEA_All Weather,0.0006069414377331719
2026-02-08_PAU_All Weather,0.00016512741102167372
2026-02-09_CAG_All Weather,0.00030106295484370904
2026-02-09_CAG_Turf,0.0036007903405426422
2026-02-10_MAL_Turf,0.004231214035249047
2026-02-10_PON_All Weather,0.0010678416691000097
2026-02-11_CAG_All Weather,0.0005241025228989231
2026-02-11_CAG_Turf,0.004682128671852614
2026-02-12_CHA_All Weather,0.0005413724420083553
2026-02-13_CHA_All Weather,0.0005250435655263141
2026-02-14_VIL_All Weather,0.000814403064958992
2026-02-15_CAG_All Weather,4.926465103138264e-05
2026-02-15_CAG_Turf,0.0044243174197710015
2026-02-16_PON_All Weather_early,0.0011606176572175153
2026-02-16_PON_All Weather_late,0.0004342332196158232
2026-02-18_CAG_All Weather,-0.0001144560694117817
2026-02-18_PLB_All Weather,0.0017653550671084214
2026-02-19_CHA_All Weather_early,0.0012531273600759362
2026-02-19_CHA_All Weather_late,0.00036878733406674424
2026-02-20_CHA_All Weather,0.0006039845441823178
2026-02-20_PAU_All Weather,8.416965699535378e-05
2026-02-21_CAG_All Weather,-0.0002477341935732705
2026-02-22_CAG_All Weather,0.00017124538004177772
2026-02-22_CAG_Turf,0.0019643254059886666
2026-02-22_MAL_Turf,0.005156837385802788
2026-02-23_PAU_All Weather,-0.00010167683068542268
2026-02-24_CAG_Turf,0.001737472629375828
2026-02-24_VIL_All Weather,0.0005749787441227923
2026-02-25_CHA_All Weather,0.0003807016590870072
2026-02-27_CHA_All Weather,0.0006873131488104086
2026-02-27_PLB_All Weather,0.0013061519398348
2026-02-28_FON_Turf,0.0011047103719501778
2026-03-01_CAV_Turf,0.0014272775193865006
2026-03-01_CEP_Turf,0.005541925672859025
2026-03-02_VIL_All Weather,0.0007652250301369006
2026-03-03_CHA_All Weather,0.0006086429429569058
2026-03-04_MAN_Turf,0.004031704854816108
2026-03-04_PON_All Weather,0.00042526212759442985
2026-03-05_SAI_Turf,0.0013903435344721077
2026-03-06_FON_Turf,0.0006691580189130725
2026-03-07_CAR_Turf,0.0005178296537139552
2026-03-07_LIG_Turf,0.0005751809432911819
2026-03-08_CHA_All Weather,0.0009356032092659374
2026-03-09_PON_All Weather,0.0005689927284417412
2026-03-10_BOU_Turf,0.005668770731439048
2026-03-10_SAI_Turf,0.0026626782626658933
2026-03-11_VIL_All Weather,0.0006969241520353379
2026-03-12_CHA_All Weather,0.0010592884576088675
2026-03-12_MAR_Turf,0.007243799784445969
2026-03-13_FON_Turf,0.004067464950775668
2026-03-13_SEN_Turf,0.011303941029765202
2026-03-15_LYO_Turf,0.004521347852500517
2026-03-15_SAI_Turf,0.004525656380251454
2026-03-16_CHA_All Weather,0.0006196839571826246
2026-03-17_FON_Turf,0.0018760462611707273
2026-03-18_BOR_Turf,0.0013431554121953256
2026-03-18_CEP_Turf,0.002653027734419616
2026-03-19_SAI_Turf,0.001674774851206262
2026-03-20_CRO_Turf,0.0023943256920100522
2026-03-20_MAN_Turf,0.0019440827067941137
2026-03-21_LAT_Turf,0.0008567284563158493
2026-03-21_VIL_All Weather,0.00044020824103170993
2026-03-22_PON_All Weather,0.0004942621275944306
2026-03-22_STR_Turf,0.002460421556943887
2026-03-23_CHA_All Weather,0.000541259703413054
2026-03-23_MAR_Turf,0.0008934802363554618
2026-03-24_SAI_Turf_early,0.00046402822962019066
2026-03-24_SAI_Turf_late,0.0009643197251403942
2026-03-25_PLB_All Weather,0.001307561100706562
2026-03-26_CHA_All Weather,0.0005897967633665177
2026-03-27_BOU_Turf,0.003480401378904729
2026-03-27_COM_Turf,0.002374427406540218
2026-03-29_AGE_Turf,0.00011209269541552925
2026-03-29_CAV_Turf,0.0013856824715092423
2026-03-29_LYO_Turf,0.0010321236465653124
2026-03-29_SAI_Turf,0.0019136407506176812
2026-03-30_CHA_All Weather,0.0007648531005715139
2026-03-31_FON_Turf,0.0009999996459191393
2026-03-31_PET_Turf,0.0015418387345719129
2026-04-01_LAT_Turf,0.0004175131584473112
2026-04-02_CHA_Turf,0.003987080128387576
2026-04-03_BOR_Turf,0.0017325821476607748
2026-04-03_SAI_Turf,0.0039046642684115785
2026-04-04_BRA_Turf,0.003141869954021725
2026-04-04_CRO_Turf,0.0028735150888972807
2026-04-05_LLA_Turf,0.001865072543425948
2026-04-05_LON_Turf,0.0007238265134965056
2026-04-05_TAR_Turf,0.000366580963571149
2026-04-06_CEP_Turf,0.0007725946453423592
2026-04-06_HYE_Turf,0.0006675577030143953
2026-04-07_DEA_All Weather,0.0012184538308424556
2026-04-07_DEA_Turf,-0.00041378782378032443
2026-04-07_LIG_Turf,0.000766456373867074
2026-04-08_DEA_All Weather,0.0008271650538299902
2026-04-08_DEA_Turf,0.0011496770385946058
2026-04-08_SEN_Turf,0.0012426393020156228
2026-04-09_ARG_Turf,0.0011476027350952125
2026-04-09_MOU_Turf,0.0018899541624579892
2026-04-10_BOR_Turf,0.0005284898636078809
2026-04-10_SAI_Turf,0.001531269710821123
2026-04-11_BOU_Turf,0.001346417972373903
2026-04-11_FON_Turf,0.0005825135430634037
2026-04-12_LON_Turf,-6.175307160566118e-05
2026-04-13_LYO_Turf_early,0.0031604508842805667
2026-04-13_LYO_Turf_late,0.0022469630692163274
2026-04-14_CHA_All Weather,0.0003619713137749919
2026-04-14_CHA_Turf,0.0011848553046897277
2026-04-14_PET_Turf,0.0020083771840791772
2026-04-15_EVX_Turf,-0.0074564543068480075
2026-04-16_LON_Turf,0.000567634237931146
2026-04-16_SAL_Turf,0.0015139101670020782
2026-04-17_SAI_Turf_early,0.0013202265601818522
2026-04-17_SAI_Turf_late,0.0009990282296201912
2026-04-17_TAR_Turf,0.0020828603535992265
2026-04-18_LYO_Turf,0.00153944538502842
2026-04-18_STR_Turf,0.0004443269394759123
2026-04-19_CEP_Turf,-0.0007875645423022521
2026-04-20_FON_Turf,0.0006331480725767398
2026-04-20_LLA_Turf,0.0011521118673337022
2026-04-21_MAN_Turf,0.0001845041347552301
2026-04-22_CHA_Turf,0.0011736226822370356
2026-04-22_LAT_Turf,0.0012496071123778946
2026-04-23_LON_Turf,0.0006462115205105696
2026-04-24_SAI_Turf,0.001549558837833894
2026-04-25_COM_Turf,8.633902931638493e-05
2026-04-25_HYE_Turf,0.0006574252849843389
2026-04-26_AGE_Turf,0.0002603972719234099
2026-04-26_BRA_Turf,0.001708976214419326
2026-04-26_LON_Turf,6.97605045248485e-05
2026-04-27_BOR_Turf,0.0005388910856689076
2026-04-27_BOU_Turf,0.00023784754017493797
2026-04-28_CHA_All Weather,0.00029618184009078135
2026-04-28_CHA_Turf,0.0006091393362159086
2026-04-29_LYO_Turf_early,0.00011112552587565414
2026-04-29_LYO_Turf_late,0.0009077413595248753
2026-04-30_LON_Turf,-0.00012861510297902638
2026-05-01_DAX_Turf,0.00299264192061781
2026-05-01_SAI_Turf,-0.000647512278123751
2026-05-02_ANG_Turf,-7.264845504536148e-06
2026-05-02_PON_All Weather,0.0007047743732546006
2026-05-03_LON_Turf,0.002187473747373207
2026-05-04_CHA_All Weather,0.0003856555243013048
2026-05-04_CHA_Turf,0.0012138638423113794
2026-05-05_BOU_Turf,0.00547508370597296
2026-05-05_CHB_Turf,0.004286956817784119
2026-05-05_SAI_Turf,0.002109737021057027
2026-05-06_BOR_Turf,0.0036879006368672924
2026-05-07_LLA_Turf,0.00376023087564135
2026-05-07_LON_Turf,0.0036490007532858472
2026-05-08_LYO_Turf,0.0009711745401372801
2026-05-08_STR_Turf,0.0012763478954772303
2026-05-09_COM_Turf,0.00010627265138754583
2026-05-09_MOU_Turf,0.0019000972137193286
2026-05-10_CAV_Turf,0.0027659364256468278
2026-05-10_LON_Turf,0.001136022559383172
2026-05-11_PET_Turf,0.004328632625572857
2026-05-11_TAR_Turf,0.0022205118194015194
2026-05-12_CHA_Turf,0.002936128771378227
2026-05-13_VIC_Turf,0.0010202952350414712
2026-05-14_BRI_Turf,0.001978329422905148
2026-05-14_LLA_Turf,0.0012626842162406476
2026-05-14_LON_Turf,0.003943798595759842
2026-05-14_LYO_Turf,0.0016738888777535202
2026-05-15_LAT_Turf,0.005040521179026172
2026-05-15_SAI_Turf,0.004344084224221467
2026-05-16_CAR_Turf,0.0004191192758499807
2026-05-16_DIE_Turf,0.002207864703335126
2026-05-18_BOR_Turf,0.0007891467886850444
2026-05-18_DAX_Turf,0.002632035856920247
2026-05-19_CHA_All Weather,3.6571274496566437e-06
2026-05-19_CHA_Turf,0.0035882739499390717
2026-05-20_BRA_Turf,0.0019887796830763797
2026-05-20_COM_Turf,0.0032378124691403026
2026-05-21_CEP_Turf,0.0001663770145470537
2026-05-21_LON_Turf,0.0012418830525291816
2026-05-22_PON_All Weather,0.00019564322625415868
2026-05-22_SAI_Turf,0.0012827506170711403
2026-05-23_BOU_Turf,-0.0001463716958209858
2026-05-23_LYO_Turf,0.0003020710795376857
2026-05-24_CHB_Turf,0.0006279027817767846
2026-05-24_LON_Turf,0.00029528438726677815
2026-05-24_VIC_Turf,0.003509008176412017
2026-05-25_COM_Turf,0.0006859707167432504
2026-05-25_SAL_Turf,0.0009346187667885833
2026-05-26_EVX_Turf,0.0006153514263199713
2026-05-27_CEP_Turf,0.0002598390272467524
2026-05-27_STR_Turf,0.0012130240112807442
2026-05-28_LON_Turf_early,0.0005168178270087212
2026-05-28_LON_Turf_late,0.0012323429638092219
2026-05-29_PET_Turf,0.0009386745418593058
2026-05-29_SAI_Turf,0.0010312783927235725
2026-05-30_LYO_Turf,0.0006308999790974572
2026-05-31_CHA_Turf,0.000263656074656299
2026-06-01_CHO_Turf,0.00042412961312392406
2026-06-02_SAI_Turf,0.0025425893610036727
2026-06-03_LAT_Turf_early,0.0015570037185614817
2026-06-03_LAT_Turf_late,1.6275380302739816e-05
2026-06-04_CRA_Turf_early,0.0031637159277700527
2026-06-04_CRA_Turf_late,0.0011546898613565154
2026-06-04_LON_Turf,0.0019082045452461166
2026-06-05_BRA_Turf,0.0019696853863168697
2026-06-05_COM_Turf,0.0010100635736807757
2026-06-05_HYE_Turf,-3.968392157368614e-05
2026-06-05_LLA_Turf,-0.00016606475405851685
2026-06-06_DIE_Turf_early,0.0019831027256067657
2026-06-06_DIE_Turf_late,0.0011427776344246241
2026-06-06_LYO_Turf,0.0008979022268480985
2026-06-06_PON_All Weather,0.0011087519130237465
2026-06-07_LON_Turf,-0.0003168731121889167
2026-06-08_ANG_Turf,-0.0008714753905783293
2026-06-08_CEP_Turf,-0.00038071460757891783
2026-06-09_COM_Turf,0.0012608323126998874
2026-06-11_LAT_Turf,0.0018240970211478608
2026-06-11_LON_Turf,0.0015894124105383482
2026-06-12_BOR_Turf,0.0012486812087823319
2026-06-12_SAI_Turf,0.001641418585756038
2026-06-13_COM_Turf,0.0009366506218008355
2026-06-13_LYO_Turf,0.0011312335006789644
2026-06-14_CHA_Turf,0.0001795720646616928
2026-06-15_BOU_Turf,-2.851734639313454e-05
2026-06-15_LON_Turf,0.0006763435706890609
2026-06-16_PET_Turf_early,0.0003666800882844142
2026-06-16_PET_Turf_late,0.001690252706739508
2026-06-16_STR_Turf,0.0006769272469966814
2026-06-17_SAL_Turf,0.0012920439991096094
2026-06-18_LON_Turf,0.0007732674435837255
2026-06-19_CHA_Turf,0.0008077823139136562
2026-06-20_COM_Turf,0.00039420481327177696
2026-06-20_PON_All Weather,0.00016992879426109785
2026-06-21_LYO_Turf,0.001194989853968765
2026-06-22_LYO_Turf,0.0002566795603766834
2026-06-23_DIE_Turf,-4.683603324699081e-05
2026-06-24_CHA_Turf,0.0007785829793168705
2026-06-26_AIX_Turf,0.0011387681459200506
2026-06-26_DEA_All Weather,0.002003505983332557
2026-06-26_LAT_Turf,0.00010168957062903724
2026-06-27_DEA_All Weather,0.0009962932334498101
2026-06-28_SAI_Turf,0.0014951028345372714
2026-06-29_DAX_Turf,-0.0003495470002797602
2026-06-30_AIX_Turf,0.0023847999995430364
2026-06-30_CHO_Turf,0.00042089895033927
2026-07-01_LAT_Turf,0.0027395827926637935
2026-07-01_PET_Turf,0.0003096045941006568
2026-07-02_LON_Turf,0.0010053315532915581
2026-07-02_SEN_Turf,0.0005957754372432071
2026-07-03_CLA_Turf,0.00037574734823382985
2026-07-03_TAR_Turf,0.0015917225238759292
2026-07-04_DEA_All Weather,0.0006467589874324225
2026-07-04_DEA_Turf,0.0005158540525018622
2026-07-05_SAI_Turf,-0.000832011509783765
2026-07-06_CLA_Turf,0.0009857856604213167
2026-07-06_VIT_Turf,0.0003925545021158037
2026-07-07_AIX_Turf,0.001968249969207826
2026-07-07_CHA_Turf,0.0008826657469809897
2026-07-08_DAX_Turf,-0.0004207828070739693
2026-07-08_SAI_Turf,4.976890749726181e-05
2026-07-09_DIE_Turf,0.0014951115833339986
2026-07-09_LON_Turf,0.0008903557880678193
2026-07-10_COM_Turf,0.00021459317947531046
2026-07-11_CLA_Turf,0.0003711811650873467
2026-07-11_LAT_Turf,0.0020032595873012453
2026-07-12_DEA_All Weather,0.001088864250590319
2026-07-12_DEA_Turf,0.000461772720774708
2026-07-13_DIE_Turf,0.0008747125979354036
2026-07-14_AIX_Turf,0.001495822996477971
2026-07-14_LON_Turf,0.0005272329494314927
2026-07-15_LAT_Turf,0.0006426206847925064
2026-07-16_COM_Turf_early,0.0003073159356264679
2026-07-16_COM_Turf_late,-0.0001380285011115284
2026-07-17_DAX_Turf,0.0005350040969968404
2026-07-18_DIE_Turf,0.0015772152023510717
2026-07-19_CHA_Turf,0.0006255613517504159
2026-07-19_VIT_Turf,0.0007262155653076801
2026-07-20_VIC_Turf,0.0012146688586353463
2026-07-21_CHB_Turf,0.000995586290216729
2026-07-21_VIC_Turf,1.5287169212779556e-07
2026-07-22_S-M_Turf,0.00039079050419186113
2026-07-22_VIC_Turf,0.0009591507444693014
2026-07-23_MAR_Turf,0.0010314274430397654
2026-07-23_VIC_Turf,0.0008232362358840355
2026-07-24_LLA_Turf,0.001400530591973982
2026-07-24_VIC_Turf,0.0005092463720759913
2026-07-25_VIC_Turf,0.001472046841686672
2026-07-26_MAR_Turf,0.00042686375254001135
2026-07-26_TOU_Turf,0.0010101357741121447
2026-07-27_VIT_Turf,0.00013094462177296387
2026-07-28_COM_Turf_early,0.00014423644584345027
2026-07-28_COM_Turf_late,-0.00033324627117803943
2026-07-29_MAR_Turf_early,0.0034340510487094215
2026-07-29_MAR_Turf_late,0.0008953112818226085
2026-07-30_DIE_Turf,0.0004264656582866582
2026-07-30_VIC_Turf,0.0037037605197723436
2026-07-31_DAX_Turf,0.002322417437125882
2026-07-31_SEN_Turf,0.002114389671425822
2026-08-01_CLA_Turf,0.0006502621237170627
2026-08-01_S-M_Turf,0.0016549071968146034
2026-08-02_DEA_Turf,0.0007910384397023897
2026-08-02_LLA_Turf,-3.9167300677751034e-05
2026-08-03_CLA_Turf,0.0006938814780813769
2026-08-03_VIC_Turf,0.001389730724167698
2026-08-04_DEA_Turf_early,0.002157151098214019
2026-08-04_DEA_Turf_late,0.0009001265466816646
2026-08-05_LAT_Turf,0.000856144081793737
2026-08-08_DEA_Turf,0.0010063441768757323
2026-08-09_DEA_Turf,0.0011389331942380102
2026-08-09_LLA_Turf,0.0006886315250382533
2026-08-10_CLA_Turf,0.0011814860911296555
2026-08-10_LAT_Turf,0.003140127690501706
2026-08-11_DEA_All Weather,0.001674592232500165
2026-08-11_VIT_Turf,0.0005305528717004948
2026-08-12_VIC_Turf,0.0013852052880993122
2026-08-13_DEA_All Weather,0.0012177246569335237
2026-08-13_DEA_Turf,0.0013249390856732283
2026-08-14_CLA_Turf,0.0016616902008566026
2026-08-14_VIC_Turf,0.0010444533409698208
2026-08-15_DEA_Turf,0.001663510753351299
2026-08-15_VIC_Turf,0.0011875769628194221
2026-08-16_DEA_Turf,0.001214354383061652
2026-08-16_TOU_Turf,0.0010200258840022522
2026-08-17_MAR_Turf,0.0005176388126092497
2026-08-20_DEA_All Weather_early,0.0011966000014556105
2026-08-20_DEA_All Weather_late,0.0003848038627506434
2026-08-20_LLA_Turf,0.0012399086521677075
2026-08-21_CLA_Turf,0.00439255301892751
2026-08-22_DEA_All Weather,0.0012304158293702388
2026-08-22_DEA_Turf,0.0059941066458714986
2026-08-23_DAX_Turf,0.001673346183229117
2026-08-23_DEA_Turf_early,0.0010606954012151804
2026-08-23_DEA_Turf_late,0.002834314159341742
2026-08-24_DIE_Turf_early,0.0024877623067130336
2026-08-24_DIE_Turf_late,0.0014687506346989514
2026-08-24_VIT_Turf,0.0010360287329502092
2026-08-25_DEA_Turf,0.0013994723168036108
2026-08-26_LAT_Turf,0.0018246811157914549
2026-08-29_CAV_Turf,0.0008499681857949566
2026-08-29_CLA_Turf,0.003466998457132215
2026-08-29_TAR_Turf,0.002952090917249329
2026-08-30_DEA_Turf,0.00323442715374628
2026-08-31_SAI_Turf,0.0013327664831309096
2026-09-01_DEA_Turf_early,0.005657664118293287
2026-09-01_DEA_Turf_late,0.006669313930772313
2026-09-02_CEP_Turf,0.002025931213741019
2026-09-02_LYO_Turf,0.0006663236316319181
2026-09-03_LON_Turf,0.0014550057614285312
2026-09-03_VIC_Turf,0.0018312761877266747
2026-09-04_CHA_All Weather,0.00012776078745920224
2026-09-04_CHA_Turf,0.0011709669177698532
2026-09-04_LLA_Turf,0.00088137906946741
2026-09-05_CRA_Turf,0.0011910131098500584
2026-09-05_LAT_Turf,0.000921263840376995
2026-09-06_CRA_Turf,0.0015413788718704297
2026-09-06_HYE_Turf,0.0006615577030143951
2026-09-06_LON_Turf,-0.0006213922590173733
2026-09-07_SAI_Turf,0.0009891846524518585
2026-09-08_LYO_Turf,-0.00022328035010243298
2026-09-09_DIE_Turf,0.001886624720221678
2026-09-10_LON_Turf,0.0012363205891340763
2026-09-11_MAN_Turf,0.00104256462876327
2026-09-11_SAI_Turf,0.0006793548352155704
2026-09-12_BOU_Turf,0.0009818226953915389
2026-09-13_LON_Turf,0.00011289949045957607
2026-09-13_STR_Turf,0.0012197461602924315
2026-09-14_CHA_All Weather_early,0.0015599828618702639
2026-09-14_CHA_All Weather_late,0.0003878721801014166
2026-09-14_SAL_Turf_early,0.0017794386172841402
2026-09-14_SAL_Turf_late,0.0014618869278035553
2026-09-15_COM_Turf,0.00014235660377431186
2026-09-15_LYO_Turf,0.0015710705208229847
2026-09-16_CEP_Turf,0.0019247669090895181
2026-09-17_DIE_Turf,0.00181632036174619
2026-09-18_SAI_Turf,0.0010799057817581586
2026-09-19_CAR_Turf,0.000506619275849983
2026-09-19_CHA_Turf,0.0004111284371831036
2026-09-19_SEN_Turf,0.0008637569069865636
2026-09-20_FON_Turf,-0.0001556657263468119
2026-09-20_STR_Turf_early,0.0008897170594357166
2026-09-20_STR_Turf_late,0.0016543890113278024
2026-09-21_ANG_Turf,0.0010241752165128751
2026-09-21_VIC_Turf,0.0008304869272774042
2026-09-22_VIC_Turf,0.000936849960627854
2026-09-23_CEP_Turf,0.0009153884111362986
2026-09-23_CHA_Turf,0.0005240280805522787
2026-09-24_COM_Turf,0.0002570814513410494
2026-09-24_LAT_Turf_early,-0.0007431190908176889
2026-09-24_LAT_Turf_late,0.0005382288450607452
2026-09-25_SAI_Turf,0.0012915350699468742
2026-09-25_SAL_Turf,0.00203243896233162
2026-09-26_LYO_Turf_early,0.002102965666872716
2026-09-26_LYO_Turf_late,0.0009227061202851123
2026-09-27_AMI_Turf,-0.0004304305580808826
2026-09-27_BRA_Turf,0.0011638701444017167
2026-09-27_CRA_Turf,0.0004639117818014168
2026-09-28_BOU_Turf_early,-0.0004803244245912084
2026-09-28_BOU_Turf_late,0.0004361445748308594
2026-09-28_CRA_Turf,0.0025706079862354166
2026-09-29_BOR_Turf,0.002224529469071423
2026-09-29_CHA_All Weather,0.0004376392112147525
2026-09-29_CHA_Turf,0.001046663236697681
2026-09-30_CEP_Turf,0.0013774487630226582
2026-10-01_ARG_Turf,0.0016697985505459952
2026-10-02_DAX_Turf,0.0016415748156417076
2026-10-02_SAI_Turf_early,0.003611203085812559
2026-10-02_SAI_Turf_late,0.0009535939284994495
2026-10-02_VIL_All Weather,0.00032406138178408097
2026-10-03_LON_Turf,0.0002996085714444676
2026-10-04_BRI_Turf,0.00045447051560950166
2026-10-04_LON_Turf,-0.00015419643428721914
2026-10-04_STR_Turf,0.0026696059686454085
2026-10-05_DEA_All Weather,0.0005997057806566162
2026-10-05_MAN_Turf,0.0003767004479198406
2026-10-06_LYO_Turf_early,0.0009723175339997112
2026-10-06_LYO_Turf_late,0.0019336847039352447
2026-10-07_CHA_All Weather,0.00026939304309234587
2026-10-07_PON_All Weather,0.0009377962391306776
2026-10-08_BOU_Turf,0.003938211426964992
2026-10-08_SAI_Turf,0.0026563679861028827
2026-10-09_CEP_Turf,0.004260252869313686
2026-10-09_COM_Turf_early,0.0018255168349323285
2026-10-09_COM_Turf_late,0.0013982537420687668
2020-08-15_DEA_All Weather,0.00023624665644941172
2022-02-20_CAG_Turf,0.003955763211330966
2015-01-30_PAU_All Weather,0.002872988801146476
2022-08-27_DEA_Turf,0.0002301467076131526
2018-08-25_DEA_All Weather,0.00044046846094919056
2016-05-16_DEA_All Weather,0.0006046556080103532
2023-10-19_DEA_Turf,0.0036083380742685475
2019-07-07_DEA_All Weather,0.0007128368820018212
2016-10-18_DEA_Turf,0.0009780696482541975
2019-02-09_CAG_Turf,0.002869230989712356
2023-10-11_CHA_Turf,0.0012218486289915865
2016-10-20_DEA_Turf,0.0009780696482541975
2015-08-14_DEA_Turf,0.002740676950818888
2019-01-18_CAG_All Weather,0.0007117462169087935
2024-02-26_CAG_All Weather,0.00032793509414633814
2019-12-13_DEA_All Weather,0.00033155925469981976
2022-01-16_PAU_All Weather,0.0007787371748985958
2016-08-29_DEA_Turf,0.0009432252522259659
2016-01-22_CAG_All Weather,0.0014742543290043267
2016-02-14_CAG_Turf,0.004493906491123589
2015-01-24_PAU_All Weather,0.001568411328960939
2025-08-09_DEA_All Weather,0.0008865210925281361
2026-02-21_CAG_Turf,0.0030373731619130913
2022-08-07_DEA_All Weather,0.00046781161901136804
2017-02-05_PAU_All Weather,0.0026641865231005575
2022-02-01_CAG_All Weather,0.0007139758072472155
2018-06-22_LAT_Turf,-3.5057733683567364e-05
2024-11-21_CHA_All Weather,0.0005370977468412043
2020-01-17_CAG_All Weather,0.000767494414760653
2020-09-06_CRA_Turf,0.0013482805564350008
2017-12-27_DEA_All Weather,0.0003090729823423006
2026-02-01_CAG_All Weather,0.00027762545484371037
2017-01-21_CAG_Turf,0.0011803778777034301
2015-06-27_DEA_Turf,0.0015270981400053586
2018-12-15_DEA_All Weather,-1.4875177584540303e-05
2020-08-09_DEA_All Weather,0.0003375737241070839
2022-09-03_CRA_Turf,0.002323971839199489
2021-08-08_DEA_All Weather,0.0010020810526022693
2017-06-25_AIX_Turf,0.0017882142929815349
2019-10-23_DEA_All Weather,0.0006325737241070845
2016-08-15_DEA_All Weather,0.0008077391670573493
2015-01-29_CAG_Turf,0.003526181530268278
2017-05-14_DEA_All Weather,0.002063814074038594
2019-02-03_PAU_All Weather,0.0009738991848791879
2018-01-27_PAU_All Weather,0.0006678260462396109
2021-08-15_DEA_All Weather,0.0002970474083176112
2016-05-10_CHA_Turf,0.0006493221550162202
2015-01-17_CAG_Turf,0.001270256744824119
2015-07-01_DEA_Turf,0.002178594653345318
2024-01-18_CAG_All Weather,0.000508042611505946
2019-02-01_PAU_All Weather,0.0009738991848791879
2021-10-21_DEA_Turf,0.005375144164889299
2016-07-31_DEA_All Weather,0.0008204450816945638
2018-08-24_DEA_Turf,0.002421904173800003
2018-10-25_DEA_Turf,0.0011150452979599133
2020-01-18_CAG_Turf,0.0027802586743350213
2023-08-05_DEA_All Weather,0.0005970474083176113
2025-08-23_DEA_All Weather,0.0007923630675685658
2016-05-09_CHA_All Weather,0.0008070485606320839
2017-08-28_DEA_Turf,0.0012536936311938296
2019-08-18_DEA_All Weather,0.0002970474083176112
2021-01-22_CAG_All Weather,0.0011307818201319669
2024-08-31_LAT_Turf,0.0029794076034460287
2016-12-07_VIL_Turf,0.0006849366610228168
2015-08-22_DEA_Turf,0.004263262008565281
2026-01-27_CAG_Turf,0.0033899911261313876
2020-01-14_CAG_All Weather,0.001419994660441264
2016-02-05_PAU_All Weather,0.0012310952707516784
2019-01-16_CAG_Turf,0.0036570397301262008
2019-01-26_PAU_All Weather,0.0008102802709101946
2022-10-19_DEA_Turf,0.0028195767293608107
2016-06-24_LAT_Turf,2.6178617690149283e-05
2019-01-14_CAG_Turf,0.0036570397301262008
2015-08-29_DEA_Turf,0.0026170742337685796
2019-01-19_CAG_Turf,0.00297140606673232
2020-02-15_CAG_Turf,0.0013873968111492976
2017-02-12_CAG_Turf,0.004122689399049208
2025-01-27_CAG_All Weather,0.00015973233459453737
2017-01-28_PAU_All Weather,0.0024834300068078815
2022-01-31_CAG_Turf,0.0018807230405898604
2018-02-04_PAU_All Weather,0.0003897183614524353
2017-02-11_CAG_All Weather,0.0015628484727239556
2019-09-01_CRA_Turf,0.0002765530305250056
2019-01-09_PAU_All Weather,0.0015721291479575805
2023-08-06_DEA_Turf,0.003643257423364359
2024-07-06_DEA_Turf,0.0011264527971909027
2018-02-02_PAU_All Weather,0.0003897183614524353
2015-08-15_DEA_All Weather,0.0016678078443132876
2017-02-03_PAU_All Weather,0.0012773648426654875
2017-01-20_CAG_All Weather,0.0012077713803175171
2016-01-30_PAU_All Weather,0.0019628514389822614
2026-07-17_DIE_Turf,0.0016004128243139748
2021-01-19_CAG_Turf,0.004987883215302878
2019-07-26_DEA_All Weather,0.000697047408317612
2019-10-23_DEA_Turf,0.008653981423500224
